FA1,GGBS,SF,MK,FA2,CA,Molarity,NaOH,Na2SiO3,Water,F_V (vol%),F_D,F_L,F_M,days,Tem,Com
421.542,271.743,47.429,117.65,536.494,560.185,12.889,178.931,248.425,30.413,0.009,0.067,1.626,0.0,18.066,21.265,53.242
453.187,88.488,0.0,28.559,549.943,1039.62,12.239,90.065,166.283,5.334,0.081,0.017,2.1,0.0,41.403,24.466,42.035
341.719,156.249,0.0,28.343,950.861,1045.117,11.424,68.057,175.09,0.0,0.0,0.074,0.0,0.0,134.636,24.538,60.385
417.16,121.176,0.0,0.0,375.833,1108.256,16.301,97.009,179.994,0.0,0.005,0.0,1.44,0.0,58.379,21.395,52.686
589.172,26.261,0.0,28.139,629.23,942.258,15.767,90.181,186.95,3.35,0.0,0.0,1.206,0.0,44.868,22.875,39.517
432.524,87.271,7.232,17.151,715.907,1107.626,14.705,83.963,193.603,0.0,0.001,0.0,0.599,0.0,59.11,22.183,40.948
386.075,125.084,0.0,24.742,1042.266,632.107,11.543,81.923,204.998,0.0,0.149,0.0,1.475,3.431,75.621,23.512,51.152
130.047,125.277,1.795,358.961,467.738,795.437,13.691,139.028,222.392,21.936,0.0,0.222,0.0,0.0,12.935,21.798,39.612
546.923,415.966,17.91,39.09,180.432,1110.682,12.889,171.529,350.12,17.22,1.191,0.483,38.423,231.396,19.811,20.51,87.578
350.873,121.872,0.0,10.761,902.973,671.959,12.671,90.726,196.778,3.572,0.167,0.0,1.703,0.0,43.317,22.669,42.043
413.138,153.078,0.0,1.975,946.626,605.621,7.093,73.665,112.197,54.196,0.0,0.015,0.0,0.0,0.205,25.332,22.644
550.845,86.133,4.171,13.01,597.986,846.973,14.842,82.035,162.719,42.734,0.0,0.145,0.855,0.0,34.345,23.237,37.531
378.329,215.152,0.689,0.0,792.165,738.354,9.833,126.9,237.249,62.216,0.281,0.015,14.079,86.737,4.728,22.097,36.253
724.756,513.525,114.054,0.0,263.524,703.891,9.948,228.033,411.854,79.218,0.79,0.178,24.295,134.143,27.84,19.673,77.937
972.376,872.464,190.316,5.055,595.321,0.0,11.611,279.924,478.729,270.201,0.917,0.0,22.461,128.341,40.586,21.742,126.183
381.377,905.71,106.04,46.074,653.745,0.0,13.818,201.93,370.007,135.756,1.341,0.0,3.071,52.441,33.885,23.713,135.873
636.543,862.972,146.535,14.166,477.8,0.0,12.689,219.302,413.593,155.956,1.622,0.0,7.608,57.976,55.638,22.02,137.981
332.671,219.778,0.0,160.728,538.932,800.951,11.237,146.588,299.499,12.442,0.144,0.716,14.707,54.685,12.512,20.845,34.18
428.269,75.968,0.0,0.0,865.768,861.236,12.35,75.732,153.061,0.0,0.011,0.0,0.113,0.0,0.0,21.376,26.17
535.573,222.973,21.003,48.503,820.056,338.419,15.468,103.514,173.648,115.949,0.0,0.0,0.625,0.0,60.412,22.163,46.819
206.356,108.925,1.787,180.917,473.248,921.394,12.209,104.808,184.023,10.997,0.083,0.133,0.666,0.0,7.443,23.635,40.06
240.627,260.482,0.327,0.0,715.201,712.609,8.86,103.026,202.292,21.28,0.115,0.0,5.853,37.001,18.948,21.917,54.334
291.783,102.761,0.0,0.0,567.901,1319.544,10.557,66.472,112.54,4.883,0.0,0.0,0.0,0.0,5.279,22.827,28.186
451.259,522.898,39.52,0.0,1127.73,0.0,12.415,115.278,227.667,230.168,0.222,0.0,4.301,46.085,25.428,23.737,60.883
459.49,379.861,9.134,0.0,1295.954,0.0,12.275,162.279,356.074,0.0,1.844,0.127,11.972,26.175,16.443,24.033,73.733
567.194,345.189,93.748,0.0,588.845,448.569,10.742,180.488,270.865,85.223,0.0,0.068,0.413,0.0,30.21,22.159,52.806
213.602,140.738,4.781,223.347,693.415,667.16,12.74,116.582,216.001,20.655,0.098,0.104,2.075,0.0,14.563,21.853,37.681
338.158,149.96,0.0,17.92,710.254,1174.044,7.416,71.857,147.18,0.984,0.076,0.034,1.026,0.0,56.571,24.627,43.11
351.427,179.628,0.712,0.0,980.541,622.765,12.043,98.748,217.874,0.0,0.37,0.0,4.901,7.392,14.403,22.603,38.642
436.719,66.062,4.34,2.599,546.575,1116.818,14.362,86.122,168.683,17.033,0.098,0.039,0.026,0.0,55.534,22.493,44.323
443.911,87.94,4.68,30.213,525.951,1132.303,14.476,78.848,174.483,6.72,0.029,0.0,1.89,0.0,73.711,22.208,46.531
147.718,124.809,12.145,360.168,599.788,758.34,12.728,137.85,228.304,32.261,0.082,0.073,1.976,0.0,28.159,22.113,43.883
256.184,217.897,0.0,0.0,753.334,1081.428,5.236,75.736,139.842,0.0,0.0,0.0,0.0,0.0,65.868,21.607,46.651
457.38,109.175,1.154,18.648,709.007,748.689,9.95,69.925,133.221,33.264,0.09,0.077,1.007,0.0,0.0,22.701,25.051
419.593,392.199,1.623,0.0,1084.074,0.0,12.426,143.569,320.749,11.726,1.542,0.247,8.331,19.409,19.733,22.869,77.557
245.718,206.492,1.778,172.534,660.252,910.758,9.385,107.502,202.2,17.058,0.03,0.223,1.382,0.0,11.526,22.022,39.076
359.849,165.384,0.0,0.0,632.285,1033.324,8.929,88.546,196.99,4.165,0.055,0.001,5.154,18.542,2.118,20.153,33.042
434.588,260.669,30.871,26.69,746.989,705.578,12.293,133.479,271.339,87.215,0.764,0.0,23.185,150.476,28.469,19.65,47.063
389.378,126.074,2.729,14.867,723.93,856.921,10.982,75.765,157.973,55.417,0.0,0.0,0.805,0.0,26.843,20.686,33.143
355.191,133.341,0.0,23.125,945.017,883.878,9.13,78.799,174.537,0.0,0.187,0.0,0.665,1.94,25.573,24.399,43.209
476.887,58.173,0.0,0.0,555.815,891.724,14.442,106.06,182.848,0.0,0.035,0.057,0.888,0.0,0.0,22.707,29.906
79.069,308.227,0.0,1878.405,252.518,0.0,13.261,415.294,696.109,55.488,0.0,0.0,2.581,0.0,48.097,18.797,57.43
486.194,425.206,32.77,0.0,507.84,815.614,10.471,172.626,313.164,41.762,0.366,0.437,22.865,122.004,15.083,16.75,74.803
446.683,640.817,94.314,11.303,662.276,2.103,13.269,183.333,260.745,61.223,0.0,0.0,0.0,0.0,21.336,24.337,91.458
289.933,108.728,0.0,23.832,574.307,1120.712,12.97,79.472,132.233,11.882,0.0,0.0,1.374,0.0,0.034,21.783,34.399
454.366,81.05,0.0,0.0,1133.656,393.437,13.166,89.375,195.004,0.0,0.251,0.0,1.261,0.0,6.392,21.854,31.243
298.071,178.577,1.251,11.962,803.239,886.1,12.64,85.978,188.445,0.0,0.145,0.0,1.269,0.0,40.657,22.323,45.918
635.848,791.603,64.626,80.531,363.867,0.0,11.885,242.162,453.397,39.221,1.246,0.407,20.595,137.921,28.098,17.492,125.345
393.892,132.08,0.0,0.0,1019.071,482.794,12.572,90.194,214.458,0.0,0.321,0.0,1.118,0.0,15.405,21.529,38.521
434.99,489.646,90.55,61.147,462.631,196.388,11.944,225.969,348.575,12.164,0.052,0.26,0.0,0.0,22.738,19.731,73.776
433.036,45.02,0.0,0.0,336.154,1315.367,16.653,103.396,164.126,2.098,0.085,0.0,1.062,0.0,60.357,22.562,48.694
478.814,67.115,0.0,0.0,939.606,642.293,14.046,93.029,194.701,0.0,0.156,0.0,2.07,0.0,17.751,21.288,37.855
170.58,336.916,0.0,46.346,855.694,570.658,9.005,79.98,162.445,8.643,0.023,0.221,0.0,0.0,47.645,23.283,57.835
400.452,266.656,6.849,26.474,933.361,565.854,12.913,66.055,107.925,141.462,0.0,0.0,0.0,0.0,11.84,23.794,37.073
288.65,164.222,4.692,6.537,728.46,1176.2,12.571,77.536,161.613,10.943,0.0,0.045,1.285,0.0,87.373,24.108,51.971
153.722,222.885,2.282,24.76,683.244,974.976,12.62,78.891,141.635,0.648,0.0,0.0,0.032,0.0,62.978,21.567,50.357
314.057,103.961,0.0,47.475,434.316,1097.252,14.418,98.06,155.701,13.0,0.0,0.015,0.474,0.0,9.64,22.414,37.18
383.83,915.103,88.589,22.574,706.013,0.0,13.315,193.728,380.407,150.267,0.836,0.0,3.91,53.777,35.351,21.391,134.276
558.277,85.418,0.157,34.565,870.402,660.136,15.585,87.331,169.461,69.53,0.0,0.089,1.214,0.0,57.118,24.553,37.291
222.882,139.139,0.0,93.052,570.389,1049.341,13.199,84.76,131.891,5.778,0.0,0.007,1.186,0.0,2.238,21.584,33.155
154.534,569.606,4.62,20.651,832.522,206.509,12.121,128.668,260.086,14.455,0.352,0.0,1.384,11.005,56.469,23.477,88.986
359.705,157.909,0.0,7.379,964.813,653.766,7.663,87.717,172.218,6.035,0.18,0.069,0.374,2.054,12.57,22.902,33.391
236.782,219.535,0.0,2.213,694.637,1133.822,9.442,74.069,140.976,1.911,0.0,0.0,0.0,0.0,60.838,23.156,48.495
642.635,191.728,31.702,0.0,543.143,586.652,11.751,169.55,273.935,72.946,0.0,0.428,6.2,0.0,17.142,21.742,28.4
35.041,1073.658,6.259,46.1,844.98,0.0,15.318,164.04,317.089,16.726,0.623,0.0,0.0,6.466,72.434,23.61,141.444
485.271,201.285,11.375,48.489,1073.56,242.414,14.344,99.741,195.627,98.59,0.19,0.0,0.0,0.0,33.53,24.905,40.249
589.438,311.635,16.966,0.0,539.884,802.563,11.832,178.228,363.818,45.074,1.76,0.0,36.02,205.814,26.851,21.452,70.967
295.074,401.763,18.465,0.0,690.318,816.679,14.166,82.602,141.686,82.829,0.0,0.0,0.0,0.0,19.125,23.113,60.007
378.308,341.015,27.825,0.0,629.29,503.948,11.924,149.137,259.926,26.867,0.497,0.07,10.5,58.519,13.076,22.223,58.83
414.225,149.679,0.0,0.0,1067.829,656.555,12.0,96.945,200.994,1.855,0.27,0.096,0.203,0.0,0.0,23.349,27.394
356.005,144.819,0.0,17.067,968.864,522.583,9.093,78.462,159.381,0.0,0.136,0.0,0.0,1.818,36.292,21.878,41.693
278.422,225.105,6.226,25.038,923.938,755.134,11.871,80.513,177.361,7.177,0.012,0.0,0.87,0.0,65.372,22.189,55.499
342.697,140.038,4.112,7.615,676.294,923.041,12.911,74.702,159.063,3.447,0.033,0.0,1.263,0.0,28.82,23.064,39.601
477.068,108.273,5.446,0.0,556.76,893.926,13.895,100.984,162.165,40.63,0.132,0.124,0.971,0.0,0.0,23.384,31.842
327.136,139.692,13.648,7.583,729.83,877.606,11.792,87.422,203.541,16.016,0.121,0.069,6.116,34.501,51.746,20.464,43.934
277.475,172.552,0.0,0.0,763.062,921.843,8.256,69.79,137.872,9.057,0.0,0.0,0.108,0.0,38.765,22.363,42.448
368.102,607.359,94.118,68.616,840.783,0.0,14.232,144.328,255.108,109.653,0.0,0.0,0.0,0.0,44.232,21.825,96.023
493.345,114.546,0.0,14.216,759.801,942.035,11.846,102.446,193.767,27.609,0.076,0.0,5.079,16.828,90.069,21.745,43.058
438.056,238.306,26.625,72.899,932.134,304.617,13.912,98.741,218.159,127.168,0.113,0.0,0.365,0.0,32.138,23.384,42.704
294.444,151.733,0.0,0.0,638.106,1114.63,8.955,69.725,128.425,0.625,0.0,0.015,0.0,0.0,0.0,21.817,31.755
220.602,225.062,0.0,4.145,724.703,1007.607,7.284,63.198,138.738,10.928,0.037,0.121,1.093,0.0,34.971,22.292,41.785
422.337,95.192,1.063,28.432,895.954,662.789,12.69,81.083,184.035,0.0,0.162,0.0,1.91,0.0,25.656,22.35,38.721
386.151,99.293,12.995,83.081,421.571,788.842,13.149,150.341,211.851,9.273,0.0,0.349,0.97,0.0,0.0,22.655,34.519
336.9,127.325,0.0,3.713,778.361,912.822,9.383,72.771,142.926,2.944,0.0,0.097,0.354,0.0,20.76,23.848,38.161
468.426,154.486,0.0,4.085,1150.156,248.772,12.084,109.721,248.221,0.0,0.734,0.255,16.365,49.031,26.691,20.932,41.315
329.073,294.948,5.183,1180.608,306.243,0.0,12.02,367.26,591.07,26.943,0.0,0.0,2.227,0.0,47.924,17.434,63.672
375.717,130.733,0.0,51.373,665.48,944.862,5.307,80.674,130.979,8.387,0.146,0.126,0.0,0.0,46.213,22.986,40.103
149.713,413.211,0.0,0.0,815.839,736.956,11.966,94.856,197.786,8.482,0.0,0.0,0.0,0.0,92.3,21.856,73.753
603.806,120.845,12.473,0.0,768.831,737.409,9.631,134.412,238.85,93.742,0.059,0.389,24.446,118.439,10.101,19.825,16.479
383.072,140.766,0.0,0.0,924.24,604.841,13.679,86.493,187.329,0.0,0.244,0.0,1.936,0.0,21.525,22.777,40.969
331.789,139.201,0.0,38.305,781.255,1155.228,9.253,69.948,146.901,0.0,0.01,0.0,0.088,0.0,83.333,23.928,47.15
481.268,93.557,1.672,27.541,439.213,1170.145,13.676,82.872,177.947,0.0,0.058,0.0,1.652,0.0,60.422,23.983,43.691
332.711,125.145,0.0,21.367,638.867,1257.098,8.116,68.826,137.543,3.739,0.0,0.0,0.0,0.0,55.149,20.947,36.585
405.988,185.006,1.548,0.0,1066.122,292.583,10.975,124.539,253.041,0.0,0.853,0.0,14.014,52.838,6.721,20.637,42.202
467.376,35.817,0.0,0.0,522.346,1115.9,14.798,88.106,138.094,16.356,0.0,0.0,0.0,0.0,1.096,21.593,26.594
184.235,108.442,4.63,368.0,478.236,835.248,14.095,154.058,245.595,28.895,0.173,0.243,1.563,0.0,24.865,22.929,48.802
325.532,546.0,30.019,39.277,860.34,129.961,15.375,121.538,270.775,124.228,0.183,0.0,0.0,5.325,80.355,19.659,85.343
302.984,192.811,21.29,0.0,603.216,1143.597,11.456,86.598,144.601,9.289,0.0,0.0,0.03,0.0,0.472,23.586,38.156
237.55,287.485,0.0,11.558,657.777,760.86,13.483,81.929,153.786,27.058,0.0,0.097,0.183,0.0,18.035,20.104,51.14
512.051,133.811,6.435,18.062,931.256,145.201,14.196,85.506,166.101,68.588,0.022,0.0,0.0,0.0,8.358,22.863,28.29
403.698,270.668,19.546,22.516,1100.257,0.0,14.296,108.334,254.152,74.024,0.385,0.0,2.238,0.0,55.984,24.639,56.42
507.244,55.21,0.0,25.921,494.646,1032.399,15.538,92.931,190.306,7.588,0.006,0.0,1.379,0.0,89.27,23.108,48.685
436.675,441.727,20.122,92.007,564.726,40.355,12.628,155.953,322.11,21.228,0.647,0.0,15.123,114.645,33.837,20.902,81.732
1009.5,947.993,217.188,0.0,400.332,0.0,11.37,273.538,506.099,241.761,2.065,0.0,13.015,103.102,63.722,24.696,150.153
247.234,152.89,10.055,63.934,665.423,921.414,12.036,79.917,147.008,10.83,0.118,0.046,1.293,0.0,16.321,23.073,41.416
488.298,77.025,0.875,45.496,555.069,1165.324,15.041,82.562,183.331,1.407,0.045,0.0,0.947,0.0,101.109,25.033,52.811
234.409,801.9,25.934,58.913,1086.836,0.0,13.653,160.012,336.093,19.947,0.955,0.0,0.493,0.0,71.431,23.271,119.599
585.189,44.658,2.699,40.19,480.726,948.49,15.992,90.51,150.005,37.297,0.0,0.0,1.542,0.0,26.517,23.621,32.611
469.023,142.537,0.0,34.855,641.621,815.553,9.669,91.754,169.787,14.103,0.177,0.0,2.075,0.0,27.307,24.445,43.313
395.127,220.386,2.773,26.136,851.556,464.824,13.008,99.669,199.797,87.66,0.077,0.0,1.865,19.737,15.783,22.509,34.739
506.859,99.893,2.269,1.958,864.201,581.786,14.838,99.471,218.053,0.0,0.123,0.0,2.386,0.0,15.337,20.851,35.452
410.71,132.9,0.0,24.377,1083.803,448.652,11.023,88.725,206.369,0.236,0.233,0.0,1.221,0.0,33.948,24.494,44.36
102.936,401.542,0.0,801.186,534.846,287.871,12.374,231.731,419.712,9.054,0.0,0.0,0.221,0.0,25.859,21.366,64.173
422.096,131.599,8.325,0.0,1003.32,503.895,10.947,95.044,206.468,4.479,0.283,0.0,11.0,51.856,11.391,22.582,31.408
411.721,272.619,21.015,4.85,616.264,818.438,12.33,134.29,261.162,72.493,0.597,0.14,21.311,153.051,15.942,21.577,53.874
511.203,134.725,0.0,16.667,1479.283,0.0,12.911,104.635,247.944,2.383,0.483,0.0,2.072,0.0,18.316,22.599,35.79
303.355,108.327,0.372,0.0,427.114,1275.466,13.972,77.289,112.506,2.41,0.0,0.0,0.816,0.0,6.141,22.83,34.726
292.362,893.085,51.682,46.1,704.387,0.0,13.647,172.719,308.406,30.173,0.452,0.0,6.089,48.662,38.802,21.989,128.563
689.553,211.564,28.656,0.0,282.808,1088.69,10.258,189.157,331.141,59.641,0.655,0.382,36.581,204.747,26.118,17.039,30.098
415.962,110.402,0.0,32.737,1057.617,552.412,12.113,93.402,202.331,0.0,0.066,0.021,0.972,0.0,44.366,21.993,45.12
610.872,135.795,2.409,0.0,937.962,386.057,13.97,87.88,108.999,160.446,0.143,0.111,0.205,0.0,5.579,23.98,27.025
556.797,123.476,8.076,19.07,934.882,429.568,10.921,85.902,151.454,145.568,0.0,0.0,6.852,7.611,5.032,23.026,18.613
524.057,63.778,0.0,0.0,364.247,1199.627,15.808,93.843,180.496,0.694,0.033,0.0,1.611,0.0,53.074,23.077,45.815
428.934,412.861,23.079,0.0,1701.882,0.0,11.304,173.431,423.172,0.0,2.202,0.0,3.07,0.0,28.312,23.887,79.694
514.257,117.438,0.0,0.0,386.717,1456.1,7.703,128.743,264.453,11.281,0.114,0.627,37.922,185.871,14.51,17.994,35.281
343.052,220.974,0.0,35.479,625.746,1023.88,9.231,97.552,187.815,17.192,0.187,0.0,6.328,15.829,4.713,20.75,39.374
16.016,180.881,2.175,627.583,663.853,648.085,11.156,155.78,261.915,31.763,0.0,0.214,0.0,0.0,29.646,22.087,38.45
304.574,104.144,0.0,0.0,419.665,1193.87,14.022,76.031,113.047,6.029,0.0,0.0,0.886,0.0,21.415,21.424,37.141
816.971,399.255,55.662,21.74,1366.827,0.0,13.922,86.557,160.911,404.202,0.018,0.0,0.0,0.0,32.369,24.889,43.675
315.848,93.892,0.0,0.0,626.517,1337.29,12.515,73.266,126.569,0.0,0.0,0.0,0.257,0.0,31.203,21.663,37.535
394.874,74.445,0.0,0.0,536.014,1108.078,15.321,90.335,151.76,0.0,0.0,0.0,0.627,0.0,39.384,22.248,39.387
360.588,165.552,0.0,1.095,1272.043,175.091,10.498,85.527,212.426,0.0,0.385,0.0,1.462,0.0,46.046,23.142,50.031
191.75,180.157,6.004,253.076,730.035,586.814,11.344,105.774,227.616,30.407,0.24,0.06,1.341,0.0,30.022,23.854,40.267
462.403,81.025,2.257,27.443,628.468,1125.386,14.12,79.827,182.63,1.322,0.035,0.0,1.56,0.0,76.597,23.668,48.586
197.239,95.157,0.0,551.513,270.317,558.088,14.141,199.734,317.771,25.836,0.0,0.197,0.454,0.0,9.963,20.847,41.8
774.522,336.607,37.469,0.0,436.684,615.515,9.169,231.64,473.722,0.0,2.373,0.261,36.44,134.296,26.728,20.442,73.549
324.615,253.551,0.0,3.944,478.965,1352.961,6.051,111.732,206.246,0.0,0.077,0.338,19.811,95.718,19.225,20.466,53.828
376.587,108.717,5.356,0.0,550.634,1011.156,14.202,89.11,171.565,6.235,0.021,0.0,2.804,0.0,16.596,22.421,38.823
367.815,87.892,4.384,0.607,801.686,1007.765,12.537,81.555,157.258,0.0,0.063,0.007,0.447,0.0,19.124,21.38,38.469
1042.662,746.079,115.113,132.424,0.0,637.125,8.693,372.347,630.333,28.882,1.507,1.522,41.307,198.346,32.419,15.984,126.011
401.548,71.861,0.0,6.174,555.051,1318.954,14.103,76.699,175.536,0.0,0.0,0.0,0.133,0.0,78.739,21.419,46.406
402.105,71.119,3.788,0.0,406.74,1266.985,13.405,86.531,114.549,4.394,0.0,0.0,0.0,0.0,0.0,22.177,26.608
605.105,224.954,31.285,94.827,615.919,544.852,9.813,192.964,350.582,65.827,0.178,0.424,13.953,71.63,25.37,21.637,30.81
453.622,160.105,0.0,0.0,1437.108,0.0,12.793,111.13,242.39,30.696,0.56,0.0,5.069,0.068,17.696,23.112,30.551
329.293,130.744,9.789,24.95,935.928,505.679,12.839,99.482,210.722,0.939,0.239,0.098,2.544,0.0,10.062,23.343,41.133
419.387,108.812,0.0,0.0,494.101,1160.992,14.068,83.947,162.164,7.993,0.031,0.044,2.035,0.0,5.996,23.485,35.973
354.156,83.909,0.0,21.469,680.994,1298.658,10.462,78.485,159.538,0.0,0.0,0.0,0.0,0.0,74.264,23.201,41.837
514.74,174.62,51.139,589.762,332.424,0.0,11.055,340.749,491.965,44.941,0.172,0.841,3.682,0.0,30.013,18.647,42.761
188.8,373.968,1.017,312.907,650.027,373.233,11.91,139.604,286.225,11.886,0.149,0.371,10.781,70.318,21.372,24.06,59.704
308.592,939.341,84.595,24.093,924.59,0.0,13.983,182.114,318.596,164.121,0.335,0.0,0.0,0.0,36.653,20.682,127.106
268.836,222.385,0.0,13.919,722.039,987.68,5.32,76.678,123.156,0.0,0.0,0.0,0.0,0.0,64.046,22.987,43.417
189.455,361.696,7.183,23.441,774.137,821.788,10.228,95.508,186.295,6.963,0.116,0.037,0.613,0.0,34.697,22.773,58.688
295.161,244.171,10.849,6.388,635.962,1008.089,13.598,88.974,178.0,20.386,0.0,0.0,0.0,0.0,74.712,22.94,51.722
140.302,169.126,0.0,273.957,542.043,1076.624,11.043,114.701,194.56,1.4,0.0,0.0,0.0,0.0,0.0,19.646,32.419
318.763,197.068,42.108,489.246,346.582,413.509,11.743,256.506,394.997,12.58,0.0,0.294,2.51,0.0,21.472,19.266,41.853
486.268,273.664,29.422,74.311,1038.107,197.433,14.796,96.676,212.727,140.237,0.256,0.0,1.4,0.0,65.938,21.781,54.797
537.279,82.38,0.0,47.208,422.399,894.23,15.617,88.691,154.217,47.017,0.0,0.03,1.982,0.0,35.308,25.671,35.602
415.875,88.813,5.492,0.0,937.466,490.572,12.837,80.02,172.706,0.0,0.151,0.0,0.552,0.0,0.0,22.399,27.791
147.471,975.619,37.373,13.857,1002.028,0.0,13.999,182.772,320.204,23.049,1.28,0.279,0.385,10.267,39.848,22.805,139.174
83.301,112.619,0.247,426.667,508.147,953.477,12.809,127.233,229.126,21.456,0.0,0.135,0.0,0.0,11.071,22.987,37.181
383.071,79.593,2.062,0.0,523.709,1092.399,13.735,77.844,148.795,19.505,0.024,0.0,0.0,0.0,27.492,22.016,33.544
0.0,704.817,0.0,347.12,723.75,516.655,14.072,141.488,239.976,18.483,0.0,0.0,0.0,0.0,38.478,22.421,85.792
849.67,521.065,95.645,0.0,734.274,106.267,11.905,185.139,353.078,266.537,0.723,0.0,22.188,168.769,38.737,19.179,77.907
384.12,741.064,47.069,17.817,1241.369,0.0,12.205,121.881,287.832,214.35,0.125,0.0,0.0,0.0,52.195,22.231,100.007
310.713,144.046,0.0,15.837,733.002,921.213,10.666,70.12,163.402,1.649,0.037,-0.0,0.097,0.0,43.236,22.273,41.204
335.068,166.366,0.0,0.0,783.517,887.952,7.841,91.545,165.261,11.054,0.157,0.124,2.569,2.474,21.188,23.083,43.121
592.259,44.473,0.0,27.024,387.999,1086.914,16.782,103.988,177.555,21.102,0.094,0.0,1.572,0.0,83.433,24.304,50.476
331.803,148.11,0.841,14.453,606.098,1123.778,12.205,75.476,127.468,14.908,0.276,0.0,1.134,0.0,46.389,24.388,46.802
223.738,210.966,5.235,170.537,582.944,542.212,12.994,133.5,218.908,11.257,0.032,0.112,1.185,0.0,5.663,20.548,41.435
294.545,144.353,0.0,18.015,752.924,1139.63,9.287,65.808,163.09,6.179,0.079,0.061,0.763,0.0,58.683,24.028,45.091
438.562,268.236,0.063,64.47,567.819,1114.669,10.86,126.716,269.747,8.308,0.297,0.732,28.035,140.198,15.129,18.637,47.405
436.455,366.007,35.135,22.35,583.3,546.447,13.63,158.438,311.176,54.9,1.212,0.149,24.599,158.556,33.472,20.156,80.483
425.997,103.149,0.0,33.632,812.468,844.745,11.149,91.381,175.963,0.0,0.073,0.0,0.761,0.0,26.011,22.746,38.901
478.192,185.582,0.0,4.944,1178.69,298.269,13.546,78.764,161.874,140.811,0.0,0.0,0.0,0.0,16.236,22.916,31.317
347.404,187.295,7.399,0.0,848.835,689.708,9.541,111.974,201.406,36.575,0.276,0.083,9.729,69.552,18.022,22.823,43.534
272.656,235.397,0.0,47.214,765.622,743.703,13.146,92.306,180.16,5.614,0.061,0.042,1.141,0.0,25.252,23.213,48.805
299.497,97.996,0.0,0.0,547.887,1288.891,13.578,92.071,151.246,9.048,0.088,0.0,1.073,0.0,58.559,22.486,46.789
417.917,877.162,38.644,189.631,643.598,17.202,12.892,211.034,370.139,36.912,0.669,0.0,20.725,126.324,22.64,17.1,126.615
403.652,120.065,0.924,36.081,600.176,1173.65,13.502,81.392,168.538,18.544,0.114,0.0,1.041,0.0,93.381,22.193,48.835
442.212,127.523,0.0,19.902,1393.609,74.486,11.301,97.596,238.377,0.0,0.58,0.0,2.546,0.0,31.066,22.12,43.362
865.828,902.985,217.765,0.0,365.697,0.0,10.873,277.264,409.469,192.372,0.858,0.0,3.804,0.0,52.687,22.096,121.997
39.807,253.898,0.0,519.246,671.215,646.015,11.049,146.31,262.271,29.735,0.0,0.036,0.608,0.0,26.168,22.817,41.405
357.791,162.032,6.8,25.559,728.027,846.133,10.078,84.16,156.872,15.096,0.055,0.026,0.673,0.0,35.8,24.781,39.718
344.784,226.808,11.66,0.0,845.207,578.904,11.319,94.499,236.175,10.888,0.483,0.228,13.006,71.254,16.023,22.721,44.326
537.977,117.757,0.0,1.055,252.122,1616.512,10.738,143.905,289.74,33.346,0.551,0.437,46.943,261.068,20.45,20.69,53.173
325.211,161.787,0.0,0.0,596.862,1084.09,13.263,85.748,140.289,24.837,0.0,0.0,1.409,0.0,21.593,22.763,44.023
273.296,148.904,0.0,0.0,640.906,1128.363,10.807,65.808,118.485,2.946,0.0,0.0,0.0,0.0,3.671,21.597,33.984
540.532,81.898,0.0,0.0,451.697,810.112,15.163,94.861,161.319,25.037,0.0,0.022,0.074,0.0,0.0,23.739,29.722
283.882,120.059,0.268,12.672,688.966,1097.173,13.465,74.048,143.058,34.503,0.076,0.163,0.858,0.0,36.974,22.259,40.638
618.686,108.059,12.921,58.436,872.831,291.61,13.777,70.027,135.865,123.815,0.144,0.0,1.578,0.0,57.063,25.54,37.114
520.213,116.091,6.454,46.561,870.527,694.477,13.801,87.331,183.58,34.627,0.129,0.014,1.078,8.049,85.191,23.256,46.531
366.374,565.811,63.32,631.01,473.816,0.0,12.953,273.305,433.418,35.094,0.0,0.0,0.0,0.0,43.088,18.05,90.195
800.757,617.965,75.84,318.031,49.778,127.456,9.822,346.614,607.364,8.121,0.557,1.035,26.506,106.673,32.619,19.387,104.272
419.19,85.27,0.0,0.0,850.522,763.897,12.213,76.221,178.381,0.0,0.091,0.0,0.0,0.0,0.0,22.619,27.205
256.469,374.344,6.168,15.512,775.299,621.065,9.439,111.108,191.113,38.78,0.0,0.256,2.714,13.089,14.817,25.361,53.927
294.546,266.966,5.884,22.613,829.486,593.134,13.514,101.836,215.237,7.39,0.276,0.0,3.788,13.358,90.131,24.182,65.797
293.818,152.055,0.0,0.0,770.554,930.09,11.354,81.113,173.003,0.476,0.0,0.0,0.618,0.0,59.665,21.828,46.287
714.304,385.226,63.411,0.0,954.137,0.0,12.19,156.982,245.508,248.826,0.279,0.0,3.077,8.579,36.313,22.066,52.009
539.952,152.046,0.0,0.0,434.679,1046.565,10.401,151.196,292.031,4.371,0.707,0.465,33.448,143.69,9.905,18.675,32.333
495.517,47.024,0.0,10.177,684.573,1042.497,15.837,88.835,188.152,0.0,0.0,0.0,0.829,0.0,65.009,23.065,45.628
456.031,170.052,0.653,20.492,1110.703,201.941,11.765,124.579,277.487,12.044,0.977,0.0,11.495,29.618,9.638,21.0,36.306
158.087,307.063,0.0,58.277,784.45,1015.375,11.107,79.232,150.507,16.197,0.0,0.0,0.675,0.0,40.542,22.521,48.112
546.224,98.547,0.0,0.0,918.922,645.969,14.75,91.652,164.062,43.992,0.0,0.165,0.0,0.0,5.334,23.168,27.478
232.713,91.026,3.969,209.885,467.701,1041.893,14.601,126.854,214.379,26.526,0.055,0.291,1.205,0.0,24.815,23.226,43.804
195.929,301.839,0.0,15.523,750.75,934.012,10.746,87.085,167.024,1.828,0.0,0.0,0.0,0.0,75.653,22.971,59.409
364.563,369.307,6.298,8.649,984.731,374.814,12.018,91.96,182.947,162.884,0.053,0.0,0.0,0.0,18.786,22.08,49.65
648.613,580.033,62.779,917.149,328.836,0.0,9.361,419.693,739.698,2.148,0.0,1.195,15.095,31.013,40.988,17.647,92.751
213.167,110.804,0.0,166.307,545.228,974.985,12.993,101.141,170.31,16.046,0.0,0.031,0.773,0.0,0.0,22.488,33.176
253.64,445.517,19.581,489.89,450.359,0.0,12.928,236.615,370.138,24.139,0.0,0.0,1.189,0.0,24.613,20.915,75.317
608.433,222.782,13.124,0.0,1199.423,0.0,11.618,86.957,130.797,216.389,0.144,0.0,1.783,0.0,16.537,23.937,27.135
449.827,42.465,0.0,0.0,435.106,1324.8,15.475,83.472,173.689,0.0,0.0,0.0,0.401,0.0,67.173,22.619,41.244
365.085,129.198,2.787,8.937,544.79,1095.161,14.283,76.948,136.892,32.474,0.029,0.0,1.187,0.0,25.062,25.057,40.792
345.033,439.774,21.019,17.63,895.199,151.472,12.231,152.39,316.376,11.035,1.209,0.0,7.666,41.391,35.004,20.251,80.365
382.675,86.576,4.209,3.952,552.877,1285.979,15.047,76.335,166.578,3.138,0.0,0.0,1.456,0.0,56.795,21.339,43.596
559.821,26.236,0.0,0.0,531.659,1053.827,15.065,75.001,128.081,39.997,0.0,0.13,0.207,0.0,0.0,25.18,22.762
317.644,139.614,3.029,10.397,746.061,952.01,11.093,74.37,153.598,13.583,0.155,0.005,2.808,0.0,39.006,22.825,44.222
241.163,285.219,0.0,0.0,758.137,719.643,12.614,90.648,201.725,0.473,0.0,0.0,0.0,0.0,39.12,22.832,54.832
315.899,154.979,0.0,6.906,644.089,1305.198,9.049,72.429,143.015,0.0,0.0,0.0,0.0,0.0,95.452,22.323,45.835
403.114,120.672,3.842,21.471,922.331,1015.715,13.671,80.869,198.914,0.0,0.01,0.0,0.585,0.0,106.179,24.909,53.721
325.587,321.193,0.0,1223.501,342.284,0.0,12.522,343.358,583.147,37.552,0.0,0.0,6.051,0.0,43.693,20.655,68.928
394.334,443.494,11.775,3.23,991.457,0.0,12.686,152.872,320.617,12.089,1.318,0.0,7.91,13.715,24.214,20.71,81.629
323.931,180.902,0.0,26.67,764.699,1011.013,3.238,63.851,112.814,0.786,0.0,0.0,0.0,0.0,48.794,21.333,43.513
377.035,131.774,8.054,0.0,767.236,891.609,13.396,83.513,155.31,42.19,0.049,0.0,0.347,0.0,32.606,23.266,37.853
389.958,130.789,2.893,11.689,715.898,834.345,9.398,90.117,174.163,5.675,0.078,0.249,6.957,30.781,26.438,23.378,39.792
304.528,682.64,56.103,21.985,708.926,51.267,12.915,168.935,339.944,96.116,1.11,0.0,9.455,86.283,22.203,19.699,118.206
351.331,117.944,0.0,10.112,612.97,1119.577,7.993,70.267,143.624,0.0,0.105,0.0,0.0,0.0,24.742,23.682,36.371
608.507,435.633,39.521,0.0,623.094,452.378,10.463,182.188,336.578,69.654,0.928,0.0,16.466,94.643,25.454,19.614,67.415
476.158,778.55,122.625,22.401,509.95,0.0,12.506,205.914,333.934,48.738,0.95,0.0,7.21,48.227,28.907,19.496,123.457
364.587,129.891,4.298,19.76,1057.476,611.1,11.783,89.22,218.094,0.0,0.168,0.021,1.791,1.473,49.855,22.311,46.071
209.766,335.335,0.0,0.0,601.32,1106.126,11.101,92.107,166.982,1.748,0.0,0.0,0.0,0.0,0.0,22.337,37.376
798.798,480.1,115.694,0.0,406.258,748.928,9.963,252.192,433.045,15.912,0.155,1.068,29.779,147.452,30.696,17.908,71.212
426.096,80.964,1.187,14.047,641.148,1010.629,13.359,84.043,182.237,0.0,0.067,0.0,0.937,0.0,70.698,22.766,47.169
289.781,143.421,0.213,9.383,728.408,958.175,12.146,73.169,155.969,2.368,0.045,0.019,1.735,0.0,32.999,23.026,42.338
260.606,222.905,0.769,19.115,722.135,946.368,14.33,101.314,192.751,9.483,0.008,0.0,1.376,0.0,29.905,21.607,48.912
400.071,325.565,12.027,0.0,523.067,1002.987,8.02,129.471,248.205,5.384,0.173,0.576,17.161,76.849,17.572,22.524,64.704
169.294,857.246,45.667,200.583,664.548,0.0,14.653,159.224,252.996,23.749,0.158,0.0,0.991,0.0,54.312,19.394,121.089
422.533,674.569,20.082,19.968,515.85,129.283,12.88,197.142,368.914,14.048,1.968,0.504,22.284,136.996,4.097,20.115,121.725
327.057,171.295,0.785,0.0,655.063,820.529,12.555,82.648,171.705,0.0,0.089,0.029,1.812,0.0,4.555,21.9,36.053
525.038,148.342,5.38,3.583,856.835,695.181,13.105,74.089,136.021,136.578,0.0,0.21,0.0,0.0,17.639,24.934,32.748
343.377,345.567,4.438,1015.078,414.886,143.678,11.986,290.785,523.284,23.41,0.0,0.147,8.323,0.0,40.553,20.928,63.667
115.193,274.903,0.0,125.635,641.862,1047.843,11.578,87.217,153.167,8.675,0.0,0.0,0.0,0.0,11.287,21.248,40.76
330.038,150.055,0.0,37.876,754.75,944.293,6.42,67.85,116.805,17.909,0.004,0.0,0.0,0.0,55.509,20.545,40.38
229.552,222.427,0.0,139.558,589.975,1058.272,12.647,103.422,165.036,5.8,0.0,0.0,0.666,0.0,3.094,21.433,35.58
302.892,223.823,0.0,0.748,1034.684,427.273,12.12,94.158,212.963,0.0,0.193,0.216,0.0,0.0,34.444,22.867,47.07
463.483,130.735,0.0,0.0,601.487,857.368,11.722,122.414,252.182,0.0,0.593,0.144,25.507,111.018,18.043,19.14,32.446
624.65,244.657,21.696,390.513,62.369,403.952,8.424,356.753,609.94,13.024,0.0,0.986,17.825,38.109,28.426,16.501,35.569
871.951,768.292,190.916,0.0,91.034,160.445,9.662,322.712,509.947,65.442,1.381,0.804,16.313,48.738,40.983,20.985,124.183
323.588,286.721,9.886,67.635,863.996,513.861,8.062,99.134,206.842,0.0,0.047,0.093,4.977,0.0,31.364,21.822,52.065
420.628,98.141,2.204,0.0,430.782,1180.301,14.225,67.66,122.745,33.249,0.029,0.0,0.801,0.0,19.805,23.985,40.037
378.841,82.748,0.0,0.0,548.771,1259.243,14.273,71.406,167.356,7.498,0.0,0.0,0.0,0.0,40.651,22.85,34.39
703.137,721.475,152.307,125.669,131.022,92.823,10.223,315.59,495.238,27.163,0.56,0.554,15.788,54.672,30.69,20.661,123.834
331.841,123.035,0.0,0.0,542.039,1185.608,13.637,83.054,152.177,1.077,0.0,0.0,0.675,0.0,80.159,23.611,47.841
274.579,487.023,15.919,0.0,1057.749,0.0,12.369,148.708,300.101,19.438,0.961,0.0,0.717,0.0,9.979,24.167,79.042
425.328,94.949,0.0,32.987,1046.677,668.855,11.812,86.966,196.38,0.0,0.108,0.0,0.544,0.0,56.447,20.832,42.099
434.063,105.958,0.0,0.0,752.911,809.048,14.384,95.614,189.698,7.131,0.144,0.0,2.206,0.0,15.695,21.357,38.853
517.253,189.364,6.195,0.0,909.72,493.913,13.209,90.716,132.075,130.576,0.0,0.0,0.0,0.0,0.0,23.563,24.079
210.65,279.355,0.759,0.0,671.183,1030.112,9.341,77.352,147.728,0.0,0.0,0.0,0.0,0.0,41.305,19.997,48.031
421.901,130.097,0.0,0.0,904.982,572.764,11.962,106.442,213.649,0.0,0.228,0.0,1.821,0.0,0.0,23.598,26.067
463.039,168.241,0.0,0.0,464.387,1446.911,10.429,110.235,244.026,0.274,0.175,0.561,34.379,172.217,15.544,17.33,38.661
466.902,67.414,1.656,0.157,487.389,1173.678,14.672,89.547,188.28,1.499,0.022,0.0,1.685,0.0,29.567,22.704,40.493
426.335,131.248,1.49,18.993,1307.707,0.0,13.052,96.725,247.682,5.263,0.595,0.041,3.018,0.0,30.05,23.003,40.726
357.466,132.883,0.0,7.247,558.155,1221.849,15.064,93.784,168.772,6.143,0.0,0.0,1.427,0.0,103.919,22.277,55.48
707.655,705.082,85.417,68.41,568.883,314.162,14.158,218.121,437.98,235.755,1.376,0.076,35.118,272.354,40.166,18.578,114.914
214.37,262.589,0.0,22.209,725.561,1025.755,9.032,84.643,145.626,1.454,0.0,0.0,0.0,0.0,54.474,23.282,50.947
213.497,258.608,0.0,0.0,671.131,948.704,8.299,77.081,127.951,17.943,0.0,0.101,0.0,0.0,8.941,22.418,35.231
403.382,119.926,0.0,9.064,1154.848,429.661,11.565,85.174,203.815,0.0,0.262,0.0,0.237,0.0,47.791,22.764,44.234
518.262,122.382,0.0,15.962,1261.595,62.793,13.991,113.489,256.561,0.0,0.523,0.0,3.2,0.0,26.259,22.322,39.283
558.765,318.349,17.144,0.0,1277.294,0.0,13.731,97.013,208.683,222.71,0.14,0.0,3.087,4.688,45.623,23.888,45.364
355.71,130.99,0.0,28.514,554.476,1210.837,11.745,76.298,151.636,4.984,0.113,0.096,2.635,0.0,56.113,22.813,48.633
556.343,340.619,24.065,0.0,320.528,865.695,11.025,185.795,331.309,17.55,1.189,0.681,33.761,160.081,13.283,20.458,75.979
232.59,249.788,0.0,0.0,787.75,844.516,4.186,76.603,140.781,0.421,0.0,0.0,0.0,0.0,26.617,20.996,40.259
422.793,93.442,4.95,10.571,981.516,661.317,12.671,88.857,209.805,0.0,0.145,0.0,1.447,0.0,40.141,21.24,40.957
450.329,171.51,0.0,0.0,851.169,518.322,10.358,123.374,268.495,0.0,0.872,0.281,21.744,66.785,6.5,21.21,40.552
399.009,144.197,0.0,0.0,499.35,1188.292,10.866,124.119,214.669,0.0,0.0,0.464,19.304,86.861,7.697,19.074,28.123
255.679,148.095,0.0,0.0,554.269,1294.47,9.052,60.731,117.932,2.706,0.0,0.0,0.0,0.0,5.722,22.033,32.091
597.962,159.905,5.339,10.424,1134.88,291.843,13.16,84.686,134.343,195.0,0.058,0.0,0.0,0.0,16.284,22.729,27.23
324.137,134.789,0.0,0.0,508.371,1302.732,11.365,63.097,123.796,0.0,0.036,0.0,0.987,0.0,22.044,24.536,35.642
495.72,185.245,5.306,0.0,503.495,934.925,11.288,124.78,243.221,7.674,0.211,0.116,13.415,68.584,12.709,20.147,29.363
463.698,123.016,0.0,50.546,650.104,925.547,12.73,78.226,154.361,44.083,0.0,0.0,0.777,0.0,111.386,24.09,52.023
299.654,243.221,0.97,0.0,661.449,929.427,10.041,87.16,162.46,5.379,0.116,0.012,0.809,0.0,3.725,23.75,37.708
538.577,214.933,0.0,0.0,1654.889,0.0,12.959,146.037,356.339,2.746,1.173,0.0,6.741,0.0,32.199,23.388,35.586
436.622,104.698,0.0,34.286,585.113,990.172,11.945,93.143,172.853,3.717,0.116,0.09,2.133,0.0,46.947,22.917,44.124
216.919,753.584,28.665,58.542,569.251,126.917,12.854,155.433,281.542,16.783,0.841,0.224,11.089,68.786,30.805,22.154,122.591
455.482,91.583,4.111,29.886,1003.291,733.607,14.304,89.707,205.659,8.862,0.177,0.0,2.347,0.0,66.559,24.718,45.459
362.469,101.17,0.0,10.735,543.722,1124.362,9.661,70.993,126.897,5.054,0.007,0.0,0.0,0.0,48.872,21.799,35.297
243.212,813.107,68.033,61.208,647.049,0.0,14.019,174.014,327.071,53.987,1.002,0.0,5.259,51.729,37.565,20.429,131.837
263.55,309.603,10.365,8.861,674.94,933.517,10.75,90.524,204.823,32.56,0.052,0.0,1.699,4.842,46.509,21.768,55.509
295.661,151.982,0.0,0.0,622.097,1099.867,9.564,75.948,147.549,6.836,0.001,0.231,0.564,0.0,7.391,21.275,33.382
256.687,219.603,0.0,5.991,567.325,1110.42,15.303,84.344,184.241,0.0,0.0,0.0,0.0,0.0,88.661,21.769,58.394
422.312,942.383,89.244,28.15,858.975,0.0,14.876,185.451,385.049,200.067,1.203,0.0,3.304,65.889,39.694,23.928,138.932
521.647,153.153,10.968,38.083,943.704,426.393,14.823,85.226,167.096,137.229,0.0,0.0,0.056,0.0,21.936,20.879,35.583
459.177,184.83,0.0,0.0,1423.157,0.0,11.52,130.776,278.053,3.554,1.087,0.0,13.04,22.86,7.767,21.888,40.696
232.49,541.312,32.544,31.559,858.966,413.402,14.026,116.52,228.178,35.818,0.417,0.075,1.575,0.0,61.321,22.147,80.971
623.629,828.873,158.837,0.0,686.396,0.0,12.643,202.998,354.423,149.651,0.711,0.0,0.0,0.0,40.773,23.163,123.299
278.087,167.225,5.85,18.949,536.265,1096.564,12.941,82.181,156.48,7.196,0.0,0.14,0.381,0.0,7.914,22.52,34.72
302.893,173.084,3.103,0.0,790.547,736.793,11.769,96.169,180.016,5.595,0.193,0.0,1.078,0.0,0.0,22.061,38.921
251.227,239.176,0.0,0.0,609.519,1070.004,13.036,78.259,158.581,25.263,0.0,0.0,0.0,0.0,27.953,21.935,44.419
399.254,122.482,5.02,21.981,673.585,1028.628,12.779,94.06,182.858,6.285,0.139,0.0,2.821,7.516,31.631,24.117,40.539
247.827,196.195,0.0,9.333,780.41,1097.138,8.186,70.074,133.215,11.32,0.0,0.0,0.0,0.0,71.174,22.908,47.219
621.047,689.91,56.681,107.115,311.444,349.258,11.846,233.646,469.326,33.604,1.105,0.472,32.745,213.743,20.877,21.25,130.214
405.923,131.974,0.0,30.293,744.228,791.6,11.353,84.644,182.184,0.0,0.081,0.0,1.209,0.0,33.109,22.838,39.921
283.208,161.742,11.833,56.827,645.015,814.745,12.186,86.569,182.228,17.941,0.173,0.0,2.246,0.0,35.004,23.055,43.963
152.542,340.971,13.019,0.0,662.579,904.825,12.79,88.705,158.344,9.774,0.0,0.144,0.316,0.0,30.463,20.261,63.41
556.829,161.555,0.558,1.522,1662.887,0.0,12.429,124.804,278.836,19.159,0.629,0.0,2.732,0.0,20.239,21.456,30.015
254.2,344.866,1.033,0.113,1085.078,135.098,9.083,105.957,209.023,6.189,0.5,0.001,0.896,0.0,38.799,22.754,64.27
128.707,808.89,28.425,53.846,719.552,34.575,12.633,155.183,298.964,52.238,0.675,0.0,3.185,39.34,36.316,22.82,124.227
141.775,379.35,0.0,41.473,721.332,891.389,8.956,83.755,144.591,4.119,0.0,0.141,0.0,0.0,26.346,22.221,51.026
331.843,109.91,7.848,5.024,558.913,1065.812,14.121,88.366,174.658,1.561,0.0,0.0,1.003,0.0,58.022,21.447,47.549
78.524,988.975,25.094,13.563,860.886,0.0,14.842,157.476,319.588,51.258,0.496,0.0,0.0,13.672,82.899,24.372,139.017
391.095,87.531,0.0,0.0,477.618,1348.544,12.864,81.856,129.695,4.085,0.0,0.12,0.0,0.0,8.597,22.36,26.668
328.452,152.833,4.665,0.0,1015.167,638.936,10.33,85.157,178.867,0.0,0.35,0.05,0.587,0.0,1.94,22.608,33.49
303.166,371.383,0.427,0.0,775.26,933.237,12.949,93.028,180.745,81.784,0.0,0.04,0.0,0.0,4.707,22.076,47.6
463.371,184.215,0.0,0.0,547.113,990.533,8.61,103.613,215.335,0.0,0.202,0.226,24.618,113.386,8.364,20.299,34.481
375.67,47.681,0.0,60.446,220.802,1059.432,16.028,117.455,146.348,14.335,0.0,0.0,1.405,0.0,0.0,23.058,36.723
472.185,103.521,3.393,33.483,740.62,726.22,12.828,90.451,156.368,32.724,0.0,0.0,1.688,4.033,13.706,23.749,29.234
856.715,489.925,107.344,6.103,35.715,900.809,9.455,280.292,459.362,47.766,0.79,0.896,26.578,120.871,22.363,18.011,82.188
416.616,94.653,0.0,19.404,919.035,900.374,12.388,84.958,205.327,0.0,0.043,0.086,0.221,0.0,61.279,22.296,44.234
434.394,99.47,15.222,32.83,685.332,1013.694,14.827,95.773,208.187,2.623,0.157,0.129,3.496,13.438,72.833,20.964,46.236
319.023,811.283,64.484,25.268,919.022,0.0,13.127,185.256,369.428,50.332,1.366,0.0,2.15,26.758,23.65,24.66,127.974
598.498,414.813,27.496,0.0,1406.716,0.0,9.432,206.478,440.871,0.0,2.284,0.512,9.347,0.0,22.609,22.363,74.356
243.763,344.431,0.0,6.16,889.915,553.901,13.615,105.088,217.24,0.36,0.148,0.126,0.248,0.0,50.668,22.223,59.816
417.908,133.136,13.716,34.062,1028.509,532.493,13.386,97.461,222.116,14.383,0.284,0.096,3.698,8.943,54.498,23.819,41.466
518.644,556.799,75.999,17.708,585.117,301.029,12.503,177.628,324.116,83.279,0.544,0.0,15.484,112.025,20.12,20.672,87.89
395.36,138.87,6.659,14.728,903.721,725.982,12.574,92.921,187.931,0.283,0.104,0.0,1.735,0.0,26.592,22.83,40.298
310.455,804.972,64.303,20.938,493.125,191.631,13.02,201.272,347.517,22.61,1.118,0.0,3.166,53.806,19.187,21.15,125.006
340.106,601.314,83.339,0.0,683.575,376.642,13.657,130.907,228.671,74.688,0.0,0.0,0.0,0.0,25.462,24.436,84.284
373.44,746.928,97.312,12.866,488.66,216.645,12.538,196.744,316.777,53.623,0.726,0.0,5.95,28.041,25.367,20.99,117.655
176.055,379.204,4.743,11.345,621.663,959.787,13.519,94.526,175.955,10.82,0.013,0.0,0.45,0.0,26.235,23.428,57.998
376.894,127.949,0.0,19.878,722.461,917.488,8.986,75.864,156.621,4.652,0.022,0.0,0.0,0.0,26.408,21.967,36.915
328.523,281.845,0.0,0.0,1176.817,6.451,10.702,99.22,235.963,4.89,0.607,0.022,3.214,0.0,40.486,22.798,59.638
373.669,126.948,0.0,18.523,1079.051,485.551,9.742,88.243,177.734,0.0,0.176,0.0,0.0,0.0,21.572,21.947,38.815
725.653,870.93,178.767,12.853,671.506,0.0,12.615,210.124,350.892,221.769,0.665,0.0,2.619,0.0,46.68,23.131,122.05
621.491,183.748,15.419,1.939,945.834,725.306,10.084,131.773,223.627,139.206,0.244,0.457,19.283,102.235,8.655,23.627,31.4
307.072,212.891,1.172,5.056,512.641,1126.872,15.11,91.24,153.446,9.949,0.0,0.0,1.588,0.0,68.9,21.83,52.382
387.953,151.601,0.0,0.0,944.599,565.178,9.258,92.924,203.823,0.0,0.288,0.0,3.798,11.573,19.965,22.198,40.445
375.548,210.638,0.0,0.0,844.593,573.892,11.62,102.783,222.425,5.408,0.402,0.049,4.072,10.447,4.497,23.761,35.412
456.425,568.259,64.414,486.43,421.355,0.0,12.005,302.065,514.705,16.181,0.088,0.084,2.181,0.0,32.221,19.092,95.316
56.302,622.76,5.93,0.0,801.067,619.236,9.028,118.125,207.006,26.778,0.0,0.204,0.0,0.0,43.508,20.386,82.414
720.045,755.922,62.111,361.777,152.958,164.604,10.132,326.128,579.416,28.579,0.72,0.82,35.424,172.194,29.821,17.136,130.054
281.161,647.977,9.548,28.8,1250.403,0.0,12.64,162.003,347.234,24.639,1.599,0.417,2.835,7.335,19.324,22.24,102.318
269.4,853.426,36.054,446.298,537.917,0.0,12.999,238.672,425.101,25.97,0.63,0.039,2.581,9.101,30.86,18.28,115.21
198.597,248.771,0.0,35.952,755.185,849.366,11.41,77.739,162.946,3.457,0.047,0.169,0.178,0.0,13.138,22.829,43.325
368.089,167.098,14.645,0.0,557.277,1089.883,12.715,73.306,104.427,37.408,0.0,0.006,0.0,0.0,0.0,22.212,30.011
325.93,138.175,0.0,2.416,516.733,1306.856,12.668,79.623,148.924,0.0,0.0,0.0,0.696,0.0,48.323,22.418,40.534
449.44,53.761,0.0,26.134,590.361,1266.215,12.834,77.478,159.702,0.0,0.029,0.0,0.393,0.0,65.127,23.422,43.933
436.487,517.977,42.511,0.0,1279.603,0.0,13.269,158.374,381.675,90.99,1.835,0.0,9.267,65.154,34.565,23.001,90.716
709.823,482.038,72.046,28.061,0.0,1339.971,10.898,248.902,449.039,28.235,1.159,0.935,46.284,273.347,20.926,15.32,88.846
120.785,421.079,0.0,802.524,592.58,0.0,13.282,215.893,398.08,17.436,0.0,0.0,4.231,8.693,27.017,23.228,63.152
211.696,327.14,0.0,0.0,721.889,794.598,8.811,80.701,158.339,1.46,0.003,0.0,0.0,0.0,26.416,23.377,50.461
569.819,81.914,0.746,53.435,822.401,402.11,15.99,93.164,187.232,53.13,0.0,0.179,0.937,0.0,59.39,23.767,41.461
599.503,875.484,90.078,340.096,382.281,0.0,11.116,332.511,573.165,40.145,0.948,0.438,6.208,24.017,35.936,20.104,131.276
590.481,95.859,0.0,0.0,784.423,626.824,14.825,97.785,134.062,96.285,0.0,0.0,0.0,0.0,6.6,21.69,28.768
253.043,241.576,0.0,373.198,691.057,505.418,11.903,139.31,287.277,37.634,0.199,0.157,7.293,37.121,22.605,24.099,40.483
238.474,204.187,0.0,18.465,695.741,1176.271,8.827,66.774,131.803,7.703,0.028,0.0,0.192,0.0,42.361,21.24,45.506
159.553,892.076,31.09,39.806,1054.164,0.0,13.651,188.753,357.277,29.906,1.544,0.0,0.607,20.906,37.897,25.436,132.847
505.114,139.028,0.0,19.879,1059.181,348.198,14.314,96.063,225.89,3.663,0.199,0.066,2.075,0.0,32.334,22.802,41.189
476.476,67.533,3.56,0.0,415.243,1201.522,13.917,92.258,162.687,11.472,0.079,0.0,1.23,0.0,34.227,21.29,40.401
268.312,216.461,0.0,0.0,743.264,812.975,8.138,70.451,124.01,20.323,0.0,0.0,0.0,0.0,14.842,23.652,40.023
281.726,868.151,84.564,18.575,860.711,26.677,14.641,147.872,259.103,117.29,0.112,0.0,0.0,0.0,55.183,20.914,126.382
368.815,162.005,14.986,35.949,605.876,703.899,12.965,130.151,196.649,35.111,0.004,0.0,1.804,0.0,5.458,20.302,36.471
485.471,378.383,38.972,0.0,415.36,586.894,10.194,179.791,312.982,21.748,0.536,0.636,24.404,133.878,8.775,19.155,66.734
264.479,153.61,0.0,0.0,588.55,1279.47,11.968,71.999,126.544,8.403,0.0,0.0,1.037,0.0,18.373,22.602,39.588
327.034,172.735,0.0,11.532,692.488,899.57,5.059,71.011,142.093,0.0,0.056,0.0,0.0,0.0,28.388,21.924,39.992
614.631,223.5,26.567,9.796,1049.739,0.0,12.986,106.186,179.224,180.652,0.0,0.0,0.0,0.0,5.331,23.017,26.379
332.169,108.266,0.0,15.167,545.614,1351.146,10.274,70.376,137.587,0.0,0.0,0.0,0.031,0.0,75.057,22.625,45.245
260.883,769.789,50.934,42.419,725.325,120.735,13.699,153.285,297.126,64.36,0.452,0.0,5.427,42.285,32.423,19.918,117.209
457.811,87.87,0.0,24.288,588.208,897.835,15.98,106.005,187.611,3.17,0.0,0.0,1.757,0.0,54.317,22.89,44.966
353.071,162.483,5.443,0.0,700.246,693.952,10.761,69.857,125.526,40.605,0.099,0.0,0.0,0.0,15.465,22.393,34.856
499.917,208.083,9.067,0.0,1203.24,345.565,12.029,86.122,161.589,122.622,0.137,0.0,0.0,0.0,0.0,24.907,22.208
365.333,199.888,0.0,92.833,384.125,983.41,10.404,155.971,290.738,10.185,0.059,0.176,12.432,44.67,9.666,18.855,27.761
303.586,123.226,5.879,19.016,764.935,795.621,12.489,84.541,179.104,11.375,0.097,0.0,1.403,0.0,21.342,20.967,42.33
511.889,177.182,15.333,60.022,975.91,223.71,15.183,92.394,172.454,102.419,0.0,0.0,0.0,0.0,55.962,23.151,45.857
483.459,109.011,0.0,31.71,704.212,816.063,11.313,91.144,177.359,3.584,0.071,0.0,0.994,0.0,19.738,23.13,36.692
424.768,119.904,4.204,0.0,718.695,668.458,14.382,95.431,217.458,0.0,0.158,0.07,2.684,0.0,29.277,22.379,37.393
252.327,523.919,0.0,0.0,1193.675,0.0,12.194,144.539,307.388,3.428,1.237,0.195,2.074,0.0,10.914,21.658,79.131
362.044,112.839,0.0,8.891,664.391,1354.363,11.608,73.791,168.845,5.545,0.101,0.0,0.766,0.0,97.786,22.974,52.732
351.756,145.978,0.0,0.0,692.273,996.166,5.657,76.821,131.927,0.0,0.0,0.0,0.0,0.0,18.183,21.713,34.752
424.975,103.215,0.0,33.906,551.905,1255.751,11.606,91.205,165.717,10.307,0.078,0.0,2.281,0.0,62.672,22.89,44.967
293.093,115.192,5.18,19.664,599.767,1072.999,12.183,86.319,158.536,18.632,0.106,0.177,1.744,0.0,20.224,23.709,40.383
597.801,246.983,49.839,40.788,696.217,0.0,11.581,176.406,262.092,60.998,0.133,0.303,7.114,0.0,18.357,19.847,36.255
425.013,95.914,0.0,0.0,354.878,1593.416,7.592,104.884,187.798,0.0,0.146,0.541,37.831,184.903,11.019,17.28,31.424
317.856,155.692,0.0,2.1,642.76,1226.055,5.489,64.688,109.721,0.0,0.013,0.0,0.0,0.0,18.396,20.981,34.339
236.844,176.457,0.0,0.0,596.637,1200.7,11.61,71.195,136.833,10.902,0.0,0.0,0.0,0.0,50.11,20.749,43.15
317.309,121.729,3.027,7.07,711.956,986.59,12.25,81.724,144.187,4.2,0.047,0.045,0.263,0.0,5.893,22.593,34.523
177.659,55.851,0.0,445.583,316.951,665.838,14.163,161.55,243.781,29.112,0.0,0.0,1.203,0.0,4.569,23.404,38.68
845.582,640.345,81.31,50.787,0.0,1297.903,10.88,287.139,515.997,33.164,1.707,1.318,57.97,320.225,25.729,15.002,138.331
620.505,169.754,9.271,0.0,125.714,1465.406,10.034,181.582,324.882,0.0,0.365,1.065,48.203,232.283,15.458,17.982,40.721
47.616,707.647,0.0,52.475,723.168,771.456,11.76,105.105,195.419,12.467,0.0,0.0,0.0,0.0,30.025,24.525,89.016
268.836,210.146,0.0,79.967,723.541,942.021,5.648,75.773,168.188,17.862,0.0,0.097,2.169,0.0,34.629,22.522,41.636
355.319,193.276,13.216,9.78,949.396,390.231,10.568,80.465,198.472,6.995,0.291,0.087,2.833,2.324,23.494,23.248,43.411
352.507,137.958,0.0,12.576,720.144,775.242,12.394,75.893,156.6,49.265,0.0,0.12,0.0,0.0,36.531,23.312,38.388
589.252,505.118,113.695,18.01,585.168,346.291,11.339,205.035,334.526,53.532,0.27,0.607,17.814,68.759,25.411,17.751,87.653
522.943,46.523,0.0,13.935,481.511,1220.065,14.834,86.862,178.467,0.0,0.009,0.0,1.138,0.0,46.598,22.695,39.219
378.099,141.712,0.0,0.0,475.12,1100.238,9.736,97.972,202.688,1.656,0.171,0.394,27.62,155.097,24.048,19.487,38.336
327.298,176.335,0.0,0.0,741.87,765.488,8.81,108.126,207.251,1.109,0.315,0.101,11.261,52.488,7.688,20.84,42.575
252.98,156.022,4.141,198.11,614.818,803.196,14.194,109.053,203.414,24.434,0.011,0.0,2.227,0.0,27.028,21.974,43.149
479.786,57.228,0.0,4.214,483.624,1218.69,14.041,82.629,173.43,0.0,0.0,0.0,0.127,0.0,15.736,21.89,34.28
351.491,157.896,0.0,29.922,837.307,955.308,6.081,69.938,141.132,0.0,0.0,0.021,0.0,0.0,74.808,22.242,51.208
506.959,116.834,0.0,16.96,1016.467,287.916,14.249,99.253,233.353,15.927,0.247,0.0,0.553,0.0,42.307,21.617,40.224
296.183,155.64,0.0,2.279,657.652,1138.869,13.3,78.791,159.927,7.369,0.052,0.0,1.832,0.0,78.492,23.813,51.676
423.094,138.179,0.0,4.462,737.966,584.212,11.973,115.554,237.559,5.186,0.433,0.0,10.71,45.792,5.434,23.207,29.752
119.179,971.679,24.212,71.735,910.313,326.183,14.249,141.025,266.673,112.439,0.114,0.0,0.0,0.0,52.045,20.913,122.105
276.694,460.412,12.573,34.855,947.236,50.155,13.079,144.326,311.168,17.196,1.17,0.0,7.533,42.425,30.937,22.29,88.187
378.585,119.05,0.0,17.33,706.063,901.749,12.762,74.62,118.164,54.903,0.0,0.067,1.639,0.0,18.863,24.164,37.199
259.819,192.974,0.0,86.903,464.807,1018.635,13.986,102.138,160.634,6.593,0.0,0.0,1.876,0.0,9.087,22.251,42.181
472.86,167.237,5.953,0.0,1211.254,107.363,12.226,73.189,167.095,145.883,0.0,0.0,0.0,0.0,6.881,21.883,26.281
355.248,161.579,0.0,0.0,1126.941,536.832,9.961,81.777,189.113,0.0,0.401,0.083,0.101,0.0,5.73,20.902,34.579
182.789,543.995,13.382,1.179,1011.836,0.0,12.374,135.078,287.333,29.266,0.857,0.0,1.45,0.006,23.1,20.224,79.849
621.936,143.033,9.693,39.078,997.055,170.743,13.917,90.519,134.679,143.019,0.079,0.0,0.55,0.0,15.496,22.807,23.63
297.321,170.061,0.0,17.494,719.982,856.955,10.025,76.182,154.881,20.321,0.099,0.09,0.633,0.0,35.456,21.773,41.642
272.124,172.015,4.033,235.275,692.281,584.627,10.857,129.131,239.383,28.469,0.092,0.112,3.269,0.0,16.926,21.629,40.489
809.638,771.762,191.779,22.756,249.91,206.167,10.685,296.169,471.15,129.349,0.775,0.0,14.261,53.248,45.947,18.633,119.603
303.492,188.197,6.402,181.946,640.731,403.189,13.324,129.856,235.576,16.713,0.118,0.0,2.679,0.0,12.706,23.816,41.657
308.3,132.59,0.0,10.532,592.265,1086.194,9.715,72.394,144.492,8.762,0.071,0.035,0.474,0.0,4.638,20.866,34.513
304.269,213.773,15.766,0.0,760.549,539.589,10.115,114.927,200.826,21.893,0.247,0.011,9.975,65.135,23.82,20.603,44.66
113.159,225.402,0.0,255.839,547.892,909.064,13.575,122.817,186.26,12.93,0.0,0.0,1.118,0.0,24.221,21.087,45.645
23.626,520.501,0.0,201.399,788.156,600.913,8.936,113.578,192.009,4.808,0.0,0.145,0.0,0.0,23.891,22.45,56.57
521.784,168.228,3.723,0.0,795.174,290.21,10.957,104.699,142.134,94.665,0.162,0.0,3.754,0.0,3.197,23.803,27.458
285.067,211.624,0.0,21.904,993.896,537.728,9.058,86.215,168.687,7.575,0.073,0.0,0.157,0.0,60.153,22.981,52.234
656.089,504.431,82.008,0.0,397.7,387.605,10.984,214.074,383.752,28.539,0.597,0.191,16.686,76.08,21.207,20.477,88.679
414.662,269.411,24.108,0.0,620.786,688.29,11.375,133.309,257.292,46.92,0.625,0.0,23.607,162.003,17.249,21.624,57.147
342.968,158.776,5.275,21.214,660.169,983.116,14.768,82.273,184.842,5.14,0.003,0.056,2.242,8.625,72.94,23.178,50.517
389.098,194.898,0.0,193.794,422.642,849.324,10.755,157.446,296.108,18.769,0.058,0.532,10.655,37.947,8.981,20.223,31.642
645.353,272.017,0.0,0.0,30.423,1849.137,12.206,182.616,376.879,0.627,1.72,1.121,67.062,315.504,13.453,20.781,84.575
606.077,669.379,80.899,19.733,76.189,700.929,14.04,220.637,462.693,58.134,2.345,0.378,40.793,256.267,26.269,21.282,135.874
439.053,567.501,33.526,29.261,453.146,362.721,11.425,182.057,324.129,33.183,0.96,0.477,17.745,103.978,14.341,19.644,88.336
584.81,91.599,5.834,40.329,611.701,693.776,15.533,88.863,145.107,68.461,0.0,0.0,1.142,0.0,45.026,25.78,35.121
412.516,803.174,100.55,12.576,584.024,0.0,12.522,199.966,360.808,55.493,0.813,0.0,2.395,38.5,35.488,21.974,121.591
229.968,213.915,0.0,0.0,786.247,891.386,5.506,70.256,119.64,0.0,0.0,0.079,0.0,0.0,34.318,20.516,38.98
538.413,53.877,0.0,15.403,455.685,1152.6,13.993,84.452,164.485,4.19,0.0,0.0,1.411,0.0,12.5,22.269,34.118
392.8,141.534,0.0,48.951,765.722,771.238,6.058,70.657,128.584,22.986,0.181,0.0,0.0,0.0,26.784,22.333,34.389
319.527,286.814,19.854,4.964,906.201,253.404,13.421,119.085,239.78,12.584,0.393,0.173,1.281,0.0,23.444,20.681,55.96
361.161,158.77,0.0,0.0,1069.59,525.594,10.807,107.088,224.289,15.103,0.545,0.158,12.237,59.864,20.556,21.328,40.617
351.52,171.265,0.0,4.02,569.155,1110.226,8.674,81.122,166.335,0.0,0.117,0.015,6.649,21.44,4.65,20.51,32.609
312.445,77.611,0.0,0.0,481.888,1291.905,15.179,87.905,138.811,4.218,0.032,0.0,1.14,0.0,69.403,20.987,46.636
323.7,181.442,0.0,0.56,538.634,1211.064,14.028,74.03,161.35,0.0,0.0,0.0,0.0,0.0,96.096,22.167,53.58
385.288,95.647,0.0,13.131,626.483,1199.443,10.29,68.45,146.046,0.0,0.0,0.0,0.0,0.0,31.783,22.805,34.322
504.776,183.26,9.901,1.74,946.31,258.28,13.236,94.261,167.157,149.788,0.124,0.177,3.6,7.92,18.326,24.114,31.772
403.593,473.926,43.848,62.002,550.947,332.237,11.866,175.54,296.609,8.268,0.332,0.163,8.227,31.683,18.057,19.075,76.765
282.522,260.907,0.0,16.325,873.6,732.101,13.121,93.709,209.319,0.0,0.044,0.0,1.39,0.0,98.208,22.17,62.924
272.364,49.459,0.0,248.751,264.374,974.883,14.494,138.485,214.599,14.989,0.0,0.132,0.079,0.0,0.472,21.993,39.043
511.832,391.558,4.191,0.0,2052.857,0.0,10.95,182.027,411.41,0.0,2.524,0.116,4.025,0.0,14.608,20.658,74.964
341.028,519.727,19.254,45.596,765.841,0.0,12.925,171.071,345.828,18.72,1.29,0.079,7.261,53.808,16.308,23.286,92.058
570.486,79.455,9.853,50.24,1258.906,67.962,14.117,92.708,217.174,39.842,0.222,0.0,1.528,0.0,54.252,24.701,36.734
440.115,78.393,0.0,45.106,515.981,1210.538,10.733,79.528,150.946,0.0,0.095,0.0,0.71,0.0,69.335,23.163,42.493
371.899,142.472,0.0,12.991,725.569,1100.388,13.798,75.07,178.986,4.85,0.037,0.0,1.716,10.391,85.157,22.318,49.236
382.721,95.334,0.719,19.557,585.244,1156.897,12.286,75.76,161.819,8.325,0.0,0.0,1.426,0.0,41.044,23.447,38.133
395.854,129.889,1.052,8.241,1091.975,592.077,12.365,92.118,217.304,0.0,0.323,0.058,2.207,0.0,44.981,22.937,44.419
554.059,71.12,0.0,27.901,687.74,993.57,15.522,90.566,207.072,17.748,0.0,0.016,1.07,0.0,112.28,25.745,53.125
42.284,740.911,1.735,32.762,790.161,132.258,11.992,120.011,206.341,21.239,0.0,0.072,0.0,0.0,45.119,21.53,92.608
381.503,763.188,60.513,88.423,560.256,183.302,14.293,185.342,384.196,87.954,1.476,0.213,26.849,204.171,39.497,22.777,131.711
397.243,319.837,53.865,37.484,949.696,240.361,14.192,120.544,270.703,79.128,0.535,0.0,2.976,3.269,53.376,21.22,58.544
244.245,111.627,0.0,63.269,591.028,1128.027,12.938,82.042,152.83,0.077,0.0,0.0,0.0,0.0,0.0,22.727,30.415
244.754,176.579,0.0,32.047,546.335,1122.16,13.697,86.213,130.412,1.874,0.005,0.0,0.852,0.0,6.228,22.852,40.229
640.623,501.471,104.797,0.0,420.953,509.694,11.511,198.329,356.206,103.857,0.838,0.332,18.12,113.868,20.011,18.397,82.443
493.436,103.362,9.366,43.053,865.5,819.088,14.521,97.731,211.463,5.395,0.083,0.058,1.809,3.261,68.591,23.624,45.378
396.554,478.839,12.754,0.0,1638.16,0.0,11.99,165.373,404.88,0.0,2.031,0.0,2.442,0.0,33.008,23.044,86.06
292.013,826.828,50.422,22.135,817.163,0.0,13.184,183.359,333.069,17.226,1.163,0.0,0.032,3.556,24.166,19.492,122.467
426.912,138.99,4.585,0.0,976.825,495.333,11.716,94.147,233.192,0.893,0.569,0.173,13.882,68.17,26.987,21.105,45.084
528.239,166.863,8.518,0.0,949.658,521.889,10.307,115.536,232.598,159.497,0.296,0.214,22.708,148.91,12.269,24.535,28.675
166.971,374.619,3.324,4.745,740.953,950.289,11.667,94.301,185.127,30.096,0.0,0.0,0.0,0.0,25.023,22.548,59.361
385.114,126.558,7.427,0.0,788.966,826.512,13.382,88.376,191.774,0.0,0.117,0.109,1.957,0.0,17.251,20.855,30.788
294.244,327.1,11.156,12.533,645.881,685.557,13.905,95.417,197.386,74.112,0.045,0.066,0.0,0.0,27.664,22.606,52.949
377.122,131.153,0.0,8.939,704.778,988.762,6.484,92.7,173.117,8.143,0.09,0.163,14.574,77.483,40.849,22.068,41.589
183.202,367.181,0.0,25.153,826.08,529.222,9.478,94.834,186.243,23.288,0.0,0.0,0.0,0.0,47.893,24.147,59.981
283.225,543.279,37.66,38.685,1113.19,0.0,14.464,139.72,308.163,20.574,0.946,0.073,2.144,0.0,86.288,20.57,104.735
428.529,445.522,58.239,34.865,696.226,86.35,13.652,147.19,320.311,113.971,0.992,0.032,15.665,126.691,34.956,24.642,83.707
293.071,183.764,5.042,30.737,798.027,894.364,9.639,74.244,178.192,16.658,0.089,0.0,1.817,7.046,51.576,22.669,47.9
133.153,400.099,0.0,644.971,427.971,456.84,13.209,201.543,323.087,3.456,0.0,0.0,1.509,0.0,21.851,20.109,69.655
408.817,112.392,0.0,0.0,912.859,721.766,12.068,85.973,167.269,7.229,0.184,0.0,0.0,0.0,0.0,21.993,27.819
350.904,145.39,0.0,0.0,1086.272,694.595,9.804,74.388,180.196,0.54,0.16,0.004,0.0,0.0,33.424,23.464,44.258
161.14,42.998,0.576,371.752,404.856,818.322,14.524,142.288,234.457,18.946,0.0,0.125,1.444,0.0,12.358,22.077,41.904
515.41,684.947,30.508,58.773,357.118,519.273,13.162,194.509,406.789,34.856,1.836,0.814,35.902,205.164,18.231,20.336,125.236
392.745,66.742,3.642,0.0,711.088,979.01,14.06,80.303,172.667,0.0,0.008,0.049,1.73,0.0,22.924,22.731,34.935
169.285,317.335,1.677,55.078,618.511,993.719,11.811,84.982,143.434,10.332,0.0,0.0,1.13,0.0,29.634,21.047,47.194
257.742,880.068,34.575,28.416,946.851,0.0,13.682,193.651,390.55,50.01,1.972,0.0,2.419,44.972,20.2,21.813,134.856
624.376,186.245,0.0,0.0,952.018,379.697,13.857,144.21,310.292,0.0,0.317,0.266,7.843,0.0,13.122,21.289,31.038
329.525,135.591,0.0,8.122,623.221,1415.076,12.671,79.323,158.855,0.256,0.0,0.0,0.0,0.0,88.081,22.202,49.756
404.781,73.539,3.569,0.0,459.847,1321.023,15.875,88.823,178.833,0.0,0.0,0.0,1.058,0.0,59.853,22.692,44.916
1.938,602.732,0.0,246.42,749.496,358.636,13.77,136.198,238.594,12.313,0.0,0.0,0.0,0.0,41.531,20.125,85.475
266.653,197.885,3.261,0.0,689.132,982.412,10.031,82.929,159.116,4.63,0.0,0.025,0.0,0.0,3.364,22.14,37.17
350.86,129.496,0.0,25.932,690.02,956.564,8.837,70.911,116.737,27.763,0.0,0.0,0.0,0.0,51.39,22.416,39.463
214.211,202.054,6.209,21.642,633.999,1217.78,11.768,73.31,135.22,5.053,0.0,0.0,0.181,0.0,9.453,22.426,37.397
129.974,256.201,9.954,768.836,630.168,374.664,12.086,233.9,389.88,29.612,0.0,0.518,1.823,0.0,23.281,20.284,49.917
419.314,107.1,1.474,28.146,677.645,918.088,9.98,87.485,165.234,0.0,0.046,0.0,2.477,0.0,25.253,23.28,34.823
778.48,794.1,181.433,1.074,335.144,0.0,11.922,258.568,422.101,123.223,0.713,0.144,11.974,36.173,30.586,20.965,123.509
294.781,805.374,44.309,20.516,919.138,0.0,13.249,197.205,371.787,24.612,2.081,0.0,7.798,47.416,22.212,22.653,129.98
371.976,121.692,0.0,15.839,917.184,695.89,13.193,88.091,194.733,0.0,0.209,0.0,1.768,0.0,36.771,24.126,42.923
480.714,254.02,40.464,2.496,548.11,532.663,10.831,155.838,284.563,13.556,0.209,0.26,10.548,58.99,22.484,20.66,46.525
425.216,169.114,0.0,0.0,648.968,721.924,12.295,116.629,235.284,0.0,0.167,0.003,7.904,18.468,7.443,20.176,33.503
321.495,158.88,0.0,14.033,708.027,992.579,5.014,73.973,132.076,0.0,0.0,0.0,0.0,0.0,53.576,21.621,42.691
349.486,308.841,4.275,32.388,902.503,203.028,12.924,127.997,262.73,34.299,0.504,0.039,6.648,53.719,15.461,21.999,53.088
104.061,219.264,0.0,344.402,598.168,595.028,13.835,131.093,208.994,16.084,0.0,0.0,0.578,0.0,27.731,21.148,43.116
290.751,141.981,0.0,12.669,554.636,1317.646,13.167,72.805,149.251,8.661,0.019,0.0,1.706,0.0,66.678,23.528,45.045
412.49,626.985,95.067,46.97,612.174,222.326,12.663,198.549,279.24,35.749,0.0,0.0,0.0,0.0,24.019,16.713,87.069
327.96,166.114,0.0,0.0,1071.512,450.101,12.506,93.767,226.999,0.228,0.372,0.0,2.039,0.0,34.461,22.115,44.755
302.794,520.375,33.239,0.0,949.694,0.0,12.314,166.117,301.868,23.481,0.947,0.0,0.702,0.0,25.626,17.866,85.424
389.058,358.858,30.8,0.0,838.067,489.586,11.822,113.528,233.463,87.479,0.511,0.0,11.819,89.767,19.219,21.309,61.712
374.019,127.341,0.0,33.566,1055.54,760.194,10.608,73.586,190.22,0.484,0.13,0.0,0.578,4.813,66.454,23.278,48.372
481.994,67.827,0.0,27.762,971.498,739.221,13.05,83.62,200.32,2.997,0.095,0.0,0.672,0.0,45.844,21.529,41.671
530.958,92.048,0.0,7.311,1071.142,491.923,14.616,108.389,216.269,0.0,0.256,0.0,1.695,0.0,21.711,21.763,40.241
510.61,224.033,61.975,0.0,457.817,421.903,11.154,201.38,287.75,22.074,0.199,0.351,2.625,0.0,16.663,20.217,41.299
547.131,258.215,43.849,0.0,976.607,136.077,12.049,153.775,285.007,124.945,0.945,0.084,16.162,83.208,26.435,21.843,48.75
263.455,231.323,4.339,21.235,906.601,560.373,12.631,92.54,211.705,0.0,0.228,0.091,1.789,0.0,8.364,22.429,40.072
403.239,516.834,25.867,29.628,1025.998,396.202,14.188,121.664,192.696,166.309,0.0,0.0,0.0,0.0,83.555,24.605,82.034
582.699,333.637,0.0,0.0,1911.018,0.0,10.832,184.426,418.244,0.0,2.483,0.0,6.416,0.0,13.226,19.947,63.435
466.199,167.021,0.0,0.0,1503.207,0.0,10.686,106.972,259.316,4.442,0.686,0.041,8.107,24.416,15.371,21.821,37.059
244.404,170.214,0.0,987.663,260.892,121.866,11.808,283.895,512.023,26.753,0.016,0.259,6.016,0.0,31.133,21.394,34.43
487.833,151.791,0.0,0.0,636.672,547.986,13.737,97.452,154.709,33.025,0.054,0.0,0.965,0.0,0.0,25.864,30.24
445.191,158.058,0.0,0.0,1171.542,171.486,12.844,114.868,268.558,0.0,0.666,0.174,8.851,15.833,24.319,20.933,39.612
209.992,112.51,2.483,295.733,379.149,850.513,13.227,147.055,212.824,10.278,0.0,0.006,0.682,0.0,0.0,21.419,36.54
62.528,760.517,0.0,4.156,657.239,331.648,14.407,127.329,249.774,23.857,0.011,0.0,0.0,0.0,99.1,21.26,109.406
442.521,72.024,8.836,0.0,702.971,1033.465,14.871,92.699,175.183,0.0,0.0,0.0,1.652,0.0,35.111,21.584,41.068
438.861,172.543,15.229,0.0,823.652,549.106,15.023,73.982,143.179,85.322,0.0,0.0,0.0,0.0,51.513,21.735,42.193
389.221,118.766,0.0,0.0,672.238,1202.384,11.215,71.992,158.247,2.233,0.0,0.0,0.6,0.0,47.044,21.144,42.701
332.708,126.911,0.0,97.781,400.482,791.285,12.751,123.618,213.623,4.415,0.113,0.098,0.562,0.0,0.0,23.126,34.91
261.68,572.991,11.375,13.428,849.796,0.0,12.953,156.169,309.697,24.65,1.334,0.0,7.677,51.256,11.404,21.925,90.547
411.014,850.202,22.591,355.077,470.346,0.0,12.73,285.851,491.91,25.183,1.056,0.439,5.909,56.638,25.019,21.218,122.887
461.243,122.53,0.0,0.0,1264.37,202.301,13.578,104.127,251.792,0.0,0.483,0.0,2.668,0.0,29.458,24.136,42.638
317.747,109.149,0.0,23.691,525.591,1221.824,13.626,88.967,165.204,9.801,0.083,0.219,2.469,0.0,32.024,22.647,42.852
362.54,154.311,0.0,10.3,904.502,706.201,7.146,85.159,160.641,0.0,0.111,0.126,0.831,0.0,16.667,21.998,37.799
454.5,833.145,109.671,11.985,744.415,0.0,13.931,183.216,358.516,183.284,1.032,0.0,6.313,74.762,40.854,22.787,123.516
393.883,97.241,0.0,28.054,566.935,1388.948,14.513,82.325,177.962,0.0,0.0,0.0,0.994,0.0,89.739,24.225,48.696
321.273,157.967,4.14,0.0,649.271,873.506,7.798,83.691,162.599,11.823,0.046,0.173,7.758,32.281,12.02,19.893,39.464
401.079,457.229,7.709,3.491,1406.963,0.0,12.696,148.985,331.031,0.0,1.556,0.187,3.002,0.0,41.373,21.133,81.421
394.992,146.511,0.0,30.517,1153.134,350.066,9.893,94.241,188.756,4.951,0.246,0.097,0.0,0.0,19.972,21.405,41.018
416.963,147.167,2.309,40.86,525.185,1071.752,14.887,82.984,169.033,51.815,0.0,0.02,2.833,0.0,80.259,26.896,49.058
414.902,202.306,16.068,3.272,906.817,758.38,11.662,106.433,203.72,95.032,0.172,0.184,13.046,75.936,12.915,22.045,31.123
258.436,285.891,9.415,29.803,753.081,725.962,11.127,89.203,179.328,29.693,0.05,0.0,0.0,0.0,41.933,23.552,49.767
473.624,141.349,0.0,10.265,828.983,775.821,8.103,74.341,122.029,61.286,0.082,0.0,0.64,0.0,7.764,23.638,29.027
21.114,981.283,19.318,18.116,763.535,0.0,13.476,151.963,269.451,39.106,0.453,0.0,0.0,0.0,48.148,22.1,125.737
341.195,141.468,1.75,0.0,575.231,1218.495,9.686,92.166,175.092,0.0,0.151,0.0,8.066,39.94,33.389,18.268,42.041
411.738,93.937,1.448,32.424,665.022,960.492,11.333,75.303,135.888,22.353,0.007,0.0,0.892,0.0,51.102,23.688,35.837
40.687,932.934,8.197,177.577,817.713,0.0,13.277,150.032,237.97,16.338,0.032,0.0,0.0,0.0,54.982,21.062,117.526
475.305,101.42,8.945,10.539,595.778,1060.71,16.37,85.578,191.659,48.667,0.0,0.122,1.421,0.0,102.81,25.494,51.886
475.87,189.045,12.027,8.3,791.13,833.716,12.724,105.228,228.321,107.113,0.349,0.0,22.15,158.051,23.096,21.106,38.192
543.048,415.288,52.371,99.541,295.868,397.798,10.436,231.139,392.25,13.136,0.731,0.701,15.515,63.407,26.204,18.828,74.273
250.944,256.352,1.516,17.417,920.184,570.252,9.609,85.638,154.296,6.012,0.004,0.062,0.558,3.075,56.182,23.162,53.381
487.269,429.204,61.964,94.21,391.419,552.366,11.957,198.625,308.962,31.137,0.121,0.05,5.232,5.16,21.461,17.145,76.859
284.785,847.235,45.9,36.134,918.35,0.0,12.877,192.966,347.247,30.336,1.75,0.0,5.559,30.869,22.801,21.662,128.641
253.983,851.906,56.592,399.98,678.708,0.0,13.581,271.714,434.099,0.0,0.121,0.0,0.0,0.0,27.286,20.747,119.98
351.785,891.45,85.962,44.542,732.748,0.0,12.695,196.304,340.935,63.204,0.428,0.0,0.0,0.0,25.33,18.783,121.196
304.447,136.315,0.0,8.829,661.588,1258.29,7.002,64.882,113.892,0.0,0.0,0.0,0.0,0.0,34.709,21.543,33.531
327.733,175.223,9.309,56.771,588.324,920.868,9.352,94.604,189.439,21.163,0.107,0.272,3.882,0.0,12.652,23.122,35.711
236.661,175.247,2.05,5.051,589.803,1242.357,11.144,76.076,132.735,6.932,0.0,0.0,0.583,0.0,39.209,21.801,41.445
383.105,160.834,0.0,0.0,1238.213,219.513,10.115,92.606,219.06,0.0,0.508,0.113,0.709,0.0,2.464,22.672,36.108
776.231,722.321,206.553,0.0,651.7,0.0,11.389,241.143,346.329,194.018,0.0,0.0,0.0,0.0,48.666,24.749,93.666
488.502,88.442,6.721,25.176,543.505,1113.655,14.637,88.966,190.73,9.632,0.036,0.0,1.142,0.0,87.649,23.921,48.888
464.396,161.99,1.281,0.0,560.852,1125.042,8.678,131.107,248.046,0.0,0.109,0.579,25.213,93.854,13.395,19.925,29.271
387.041,124.312,0.0,35.69,872.44,990.842,8.121,75.372,166.757,0.0,0.044,0.0,0.474,0.0,64.416,23.825,48.976
539.275,108.197,5.28,60.049,827.862,974.349,16.272,89.941,203.609,0.0,0.0,0.0,0.679,0.0,123.05,24.387,59.139
255.971,522.114,19.057,23.999,633.254,388.405,12.259,148.105,263.267,26.815,0.436,0.261,4.541,33.294,15.508,20.288,79.799
344.72,121.888,0.0,20.058,914.452,1212.761,9.29,70.951,152.581,0.0,0.0,0.0,0.0,0.0,84.297,23.546,46.766
499.652,162.729,11.36,56.092,815.613,487.364,14.527,98.266,174.624,95.42,0.027,0.0,0.0,0.0,41.686,21.717,39.485
373.59,163.23,0.0,3.947,1142.122,369.179,8.085,88.274,187.474,0.0,0.245,0.01,0.281,0.0,31.825,23.654,44.035
1014.429,411.597,94.503,6.491,0.0,1287.258,7.984,318.602,553.501,33.47,1.555,0.816,49.122,224.411,33.568,13.876,79.507
297.335,183.797,0.0,5.552,709.013,1186.091,4.639,79.672,148.881,0.0,0.0,0.0,1.806,0.0,51.298,19.819,40.12
392.504,119.834,10.576,0.0,740.653,1121.673,12.447,78.335,198.77,0.0,0.055,0.235,4.736,22.201,59.534,20.982,42.952
449.438,120.929,17.862,21.837,691.992,1160.469,12.639,113.188,295.095,2.168,0.565,0.389,26.603,121.391,58.62,19.471,44.101
415.401,100.661,9.04,36.894,812.033,677.375,13.947,82.838,194.722,20.402,0.12,0.132,2.366,2.418,41.945,23.476,41.174
315.379,141.711,6.645,4.779,764.609,758.633,10.951,77.16,171.654,21.899,0.068,0.0,0.56,0.0,37.409,22.24,42.247
931.284,633.776,139.958,190.322,0.0,352.324,9.012,364.081,583.509,10.431,0.855,1.261,37.267,151.217,34.341,18.152,104.576
788.901,715.273,73.777,247.696,11.736,118.138,10.138,329.487,559.25,27.015,1.067,1.024,26.657,122.453,31.508,17.681,115.085
417.675,888.151,94.039,20.648,771.592,59.982,13.732,174.955,296.353,123.369,0.528,0.0,0.0,0.0,35.601,20.375,127.232
248.54,228.357,0.0,0.0,747.773,873.958,8.4,69.987,113.403,30.134,0.0,0.076,0.0,0.0,24.742,23.39,39.805
199.453,842.681,39.126,94.14,715.139,0.0,15.538,180.042,326.701,58.176,1.101,0.0,5.348,55.222,68.851,23.404,141.563
511.78,76.915,0.0,27.916,685.522,841.728,12.342,88.622,182.324,0.0,0.067,0.057,0.89,0.0,20.691,22.487,35.769
346.772,166.095,0.0,18.722,686.967,1027.006,7.467,76.941,160.745,2.779,0.08,0.09,2.593,0.0,48.42,21.145,40.488
225.276,328.804,6.614,7.956,684.682,870.724,11.607,85.223,190.069,12.1,0.03,0.0,4.62,13.661,40.381,22.504,55.27
387.349,149.508,0.308,23.724,795.631,635.284,9.418,83.453,169.699,5.832,0.264,0.0,1.927,10.915,30.149,24.587,40.583
251.624,233.226,10.335,21.918,768.251,854.268,11.32,86.613,168.122,16.924,0.014,0.015,1.061,0.0,28.608,22.492,40.828
543.696,226.939,26.613,51.729,859.397,296.762,15.539,91.325,179.89,119.802,0.055,0.0,0.975,0.0,53.019,23.73,46.14
422.871,99.962,3.244,22.193,787.484,1097.128,14.521,79.665,170.193,6.829,0.0,0.0,0.432,0.0,81.638,22.672,46.536
425.654,366.922,16.8,7.656,1432.66,0.0,12.522,141.522,354.568,0.196,1.842,0.306,8.857,13.132,52.373,23.49,81.803
295.274,214.441,0.0,19.502,805.589,849.694,11.649,92.93,181.933,1.404,0.083,0.0,0.554,0.0,62.216,22.987,50.564
449.102,96.439,0.0,4.445,511.161,1282.499,12.412,71.423,135.06,20.961,0.0,0.0,0.0,0.0,20.913,22.497,28.501
474.005,37.104,0.0,0.0,241.96,1187.936,15.742,103.865,156.883,12.536,0.0,0.075,1.226,0.0,0.0,22.604,37.049
271.173,146.619,3.476,0.0,600.341,1355.556,10.967,71.098,130.469,3.801,0.0,0.0,0.0,0.0,51.291,22.566,40.8
154.331,316.1,6.826,338.134,909.879,43.599,11.068,151.275,267.79,34.851,0.0,0.152,3.036,0.0,28.809,20.997,55.661
188.422,237.727,0.0,206.493,537.963,1099.927,12.837,117.525,169.425,27.355,0.0,0.0,1.248,0.0,9.893,21.83,42.315
637.107,576.409,61.529,0.0,682.392,0.0,10.287,249.997,456.721,22.626,2.267,0.582,12.03,23.013,22.983,19.951,102.884
264.981,157.34,2.494,262.921,602.158,822.925,11.375,131.05,253.555,22.635,0.087,0.0,4.284,0.0,12.636,21.561,37.361
375.499,127.307,1.472,0.0,845.154,803.147,9.32,86.584,172.425,0.0,0.18,0.047,2.2,0.0,17.855,23.145,33.831
679.32,393.733,60.732,0.0,993.347,160.837,12.082,164.437,274.858,210.03,0.418,0.0,10.61,77.38,24.76,21.882,48.916
400.58,562.562,45.233,16.512,1423.101,0.0,12.166,179.169,415.181,25.381,2.246,0.0,4.09,0.749,34.575,20.692,102.976
422.943,43.026,0.0,0.0,497.242,1441.167,10.958,66.469,121.78,0.0,0.0,0.0,0.0,0.0,15.443,22.451,26.91
282.061,152.31,0.0,0.0,854.748,897.999,11.192,79.85,176.765,0.0,0.063,0.0,0.09,0.0,12.471,21.988,37.786
389.323,139.497,0.0,0.0,1002.943,547.882,9.073,102.201,191.95,22.63,0.116,0.064,13.595,76.204,10.702,20.715,32.433
355.623,137.338,0.0,12.44,967.892,532.259,13.739,90.426,210.68,0.0,0.127,0.0,1.225,0.0,65.445,22.595,49.909
168.791,99.728,0.0,704.03,227.309,610.585,13.763,247.588,392.274,35.972,0.0,0.072,0.04,0.0,11.493,17.228,34.344
471.774,194.598,7.094,0.0,671.587,667.856,11.403,131.753,232.158,32.808,0.008,0.314,5.706,6.585,11.27,20.231,28.443
655.461,317.353,33.226,212.593,58.672,499.888,9.853,279.349,490.504,3.644,0.873,0.986,26.872,136.94,28.717,19.029,67.898
275.3,191.637,0.0,31.941,897.239,928.61,8.701,77.216,156.165,0.0,0.0,0.0,0.0,0.0,81.09,24.391,50.39
253.481,190.746,3.879,0.0,783.863,946.274,9.833,72.141,159.185,6.482,0.0,0.083,0.0,0.0,24.728,21.286,42.036
344.848,127.032,0.0,0.129,1087.094,588.587,9.237,76.899,190.946,0.0,0.206,0.041,0.0,0.0,15.122,23.204,35.0
358.438,268.456,0.0,0.0,874.527,338.806,10.029,108.181,212.795,20.0,0.619,0.237,3.908,10.423,6.555,23.215,53.112
464.244,804.136,116.287,0.0,571.047,0.0,12.732,208.238,371.584,51.412,0.861,0.0,0.688,0.0,36.154,21.264,125.706
807.597,395.44,59.62,79.857,112.931,1118.891,9.451,264.056,461.004,26.473,0.868,1.36,42.207,235.862,22.261,19.562,81.603
525.862,126.6,0.0,63.222,642.053,713.804,13.306,88.784,156.727,62.282,0.214,0.004,0.053,0.0,53.635,26.429,40.167
334.506,152.576,0.0,20.808,746.858,1108.991,7.398,69.699,127.324,0.0,0.0,0.0,0.0,0.0,93.082,22.039,49.74
129.383,512.861,0.0,7.581,692.738,565.394,12.564,101.45,204.794,8.454,0.0,0.106,0.264,0.0,79.931,23.342,80.76
839.877,655.095,148.658,64.781,175.2,205.708,9.65,315.204,503.577,53.024,0.742,0.453,22.322,93.815,34.457,20.223,109.334
803.147,619.64,95.221,227.056,0.0,595.718,10.656,285.285,525.458,10.579,1.007,0.983,35.002,179.937,30.24,17.127,108.462
300.102,819.097,111.27,0.0,661.71,74.084,13.906,154.462,216.938,105.04,0.029,0.0,0.0,0.0,28.405,23.332,119.051
421.959,105.597,9.357,21.6,647.375,1082.315,15.421,82.235,177.967,10.67,0.0,0.075,0.951,0.0,101.37,22.36,54.447
329.921,262.79,10.278,0.0,1108.39,282.792,13.258,103.184,231.114,45.11,0.326,0.0,1.9,0.0,39.757,18.629,49.114
545.144,272.038,36.533,0.006,573.854,598.93,11.778,144.406,275.574,83.391,0.601,0.183,25.833,162.037,21.962,18.849,54.722
564.126,322.924,2.3,259.386,306.378,655.478,11.398,202.528,421.891,36.272,0.953,1.012,33.456,154.654,16.202,22.743,66.314
432.419,96.823,0.0,20.12,418.403,1081.849,11.645,66.622,134.229,9.797,0.177,0.0,1.7,0.0,20.305,24.044,35.082
658.12,163.171,5.011,6.556,1075.762,35.629,11.975,95.71,121.73,162.304,0.04,0.054,4.164,0.0,0.772,24.882,19.261
333.135,167.313,0.0,0.0,709.706,1010.701,8.968,107.143,183.17,21.027,0.123,0.292,15.453,89.592,15.021,19.492,39.385
214.661,557.018,13.934,0.0,971.545,95.338,12.903,135.44,292.168,31.959,0.852,0.0,4.094,35.076,54.394,23.511,95.974
487.111,122.97,0.0,0.0,296.872,1268.551,9.506,140.965,301.616,0.0,0.281,1.039,41.224,213.088,5.149,19.429,20.902
358.529,720.916,69.527,52.133,611.122,0.0,13.438,163.141,323.171,59.454,0.768,0.0,8.148,78.222,34.135,19.889,121.438
432.488,113.956,0.0,14.49,499.318,1082.454,7.802,79.968,141.155,1.029,0.151,0.0,0.262,0.0,14.899,22.443,34.078
261.627,211.077,0.0,15.258,879.493,824.969,11.379,80.331,178.412,2.358,0.0,0.007,0.73,1.21,67.857,23.795,51.671
267.277,278.404,0.0,33.511,747.229,608.624,11.595,87.238,184.873,29.216,0.091,0.027,0.0,0.0,29.586,23.488,50.359
295.803,170.376,7.932,0.0,647.12,820.923,13.202,88.706,154.57,24.592,0.0,0.037,0.96,0.0,6.046,22.046,39.967
291.226,176.079,0.0,1.847,956.251,816.928,13.145,88.459,195.775,0.0,0.106,0.037,0.442,0.0,69.52,23.25,52.276
209.087,377.923,12.205,0.0,678.773,779.346,10.013,92.883,188.224,6.739,0.0,0.139,0.672,0.0,19.728,22.619,56.309
596.633,205.14,9.689,0.0,1105.212,171.287,13.019,104.528,168.436,192.575,0.016,0.063,2.95,0.0,16.878,20.989,28.002
303.202,753.386,71.648,49.061,749.435,0.0,14.004,146.73,237.136,50.066,0.29,0.0,0.0,0.0,27.383,22.887,115.593
344.955,267.737,10.93,42.261,867.801,413.641,14.499,105.779,222.307,55.475,0.105,0.0,0.544,0.0,58.769,22.584,58.285
423.211,287.698,15.934,0.0,777.595,500.294,11.399,152.565,284.786,1.674,1.041,0.415,10.527,63.667,18.075,20.061,56.366
439.08,108.071,0.0,28.496,612.847,1038.095,10.236,87.847,174.046,0.0,0.096,0.0,1.181,0.0,65.748,22.911,48.106
518.027,113.398,5.793,4.009,1129.219,99.543,13.826,92.1,190.964,47.693,0.278,0.0,1.863,0.0,12.205,22.375,28.345
458.129,85.357,0.837,22.835,705.09,932.145,13.153,85.521,173.422,4.186,0.017,0.075,1.26,0.0,46.442,22.611,38.895
352.881,152.466,0.0,8.356,802.002,789.373,13.408,93.781,201.295,0.0,0.149,0.0,0.344,0.0,28.237,22.582,40.852
505.576,437.778,49.528,1.105,678.438,231.762,11.92,177.613,350.187,76.101,1.477,0.145,23.752,123.572,28.711,21.813,80.757
343.774,294.306,5.957,12.867,1397.598,0.0,12.4,114.033,276.753,0.0,0.785,0.058,2.422,0.0,62.925,21.252,67.037
491.172,123.083,0.0,19.185,1416.216,0.0,12.631,100.676,209.14,65.354,0.307,0.0,2.126,0.0,25.055,19.379,30.662
278.967,791.684,18.775,0.0,1300.976,0.0,12.821,185.582,369.022,16.456,1.908,0.247,1.194,0.0,24.633,22.878,118.143
462.039,309.871,53.42,4.675,796.894,403.591,12.548,145.396,243.837,72.835,0.157,0.122,2.161,0.0,26.67,23.141,58.001
440.95,64.034,1.671,0.0,733.345,943.129,12.939,78.701,175.379,0.0,0.062,0.037,0.378,0.0,0.0,22.283,26.384
431.208,145.417,0.0,1.252,756.196,795.142,12.421,73.939,146.407,72.684,0.0,0.177,0.0,0.0,18.766,23.561,31.877
295.003,314.696,0.0,12.129,713.115,771.888,13.697,110.484,202.137,6.89,0.206,0.104,1.113,0.0,14.04,23.641,55.353
560.695,81.319,0.0,22.873,329.817,1383.916,16.521,97.806,189.516,0.0,0.111,0.0,1.418,0.0,119.188,23.116,56.984
383.832,175.755,0.0,292.49,387.535,567.533,11.591,183.577,361.151,15.617,0.075,0.246,12.346,38.557,10.824,21.502,25.035
467.66,130.014,0.0,36.861,439.246,1007.019,9.12,131.939,274.894,0.907,0.175,0.982,31.64,149.089,11.692,21.46,29.069
300.919,242.772,2.499,46.176,846.728,589.543,11.4,79.289,152.606,57.265,0.054,0.027,0.0,0.0,24.796,23.916,42.961
250.731,211.73,0.0,0.0,562.035,1077.096,12.177,72.671,109.851,15.187,0.0,0.0,0.0,0.0,9.25,22.305,36.719
452.51,79.153,0.0,0.0,960.02,557.715,11.849,77.038,183.65,43.978,0.055,0.0,0.0,0.0,10.145,24.334,23.197
409.912,139.971,0.0,0.0,573.203,1030.37,11.572,101.917,209.691,0.0,0.208,0.037,24.284,129.711,12.074,19.513,28.238
244.075,723.603,11.42,0.0,1242.373,0.0,12.506,174.155,346.32,5.787,1.637,0.0,3.845,2.191,22.852,24.158,106.99
528.252,242.803,36.202,0.0,1169.388,0.0,11.448,143.23,269.027,76.797,1.117,0.0,9.294,24.834,20.231,22.273,38.447
384.366,134.485,0.0,38.727,737.892,1123.541,11.607,80.507,161.786,0.0,0.04,0.0,1.7,0.0,66.016,22.416,44.526
617.19,322.172,30.189,1.379,25.414,1438.194,10.008,195.657,355.754,21.115,1.0,0.805,44.946,241.323,12.869,19.611,72.324
148.688,512.315,10.454,612.743,558.596,234.367,13.205,224.972,349.341,8.631,0.0,0.0,0.0,0.0,31.202,18.21,77.208
464.328,151.781,0.0,0.0,488.277,1062.681,9.734,110.793,235.729,0.0,0.157,0.539,30.68,150.379,21.626,18.606,35.289
260.526,344.263,6.357,0.0,724.007,767.504,8.394,112.468,183.314,33.022,0.123,0.01,2.407,16.64,16.639,21.755,53.669
476.962,80.167,10.134,0.0,354.158,1060.542,15.848,122.784,229.075,0.0,0.0,0.269,0.186,0.0,30.818,21.459,44.952
448.335,115.333,0.0,3.417,869.346,569.135,9.482,82.489,144.286,66.309,0.035,0.095,4.296,3.87,2.855,23.15,17.842
460.852,152.291,0.0,0.879,837.98,520.993,12.38,93.847,136.092,70.708,0.0,0.0,1.317,0.0,0.0,24.048,23.54
435.3,694.782,37.883,0.0,1079.254,0.0,13.617,195.62,449.482,32.003,2.711,0.108,16.816,93.655,25.134,25.845,135.402
486.24,706.177,85.551,19.996,876.519,0.0,12.104,215.893,417.612,81.065,2.085,0.0,6.481,22.117,39.767,24.471,125.969
336.066,81.092,0.0,0.0,710.262,1145.438,12.452,73.137,145.941,0.0,0.0,0.054,0.0,0.0,0.0,21.897,25.568
137.073,369.364,0.0,77.594,880.57,654.723,12.087,102.252,175.98,10.102,0.0,0.208,0.0,0.0,22.022,19.283,52.041
199.786,242.57,0.0,6.107,676.044,781.54,11.771,78.283,145.281,0.295,0.0,0.0,0.0,0.0,9.549,23.848,42.81
372.235,126.529,8.64,9.17,640.899,961.968,11.76,82.713,163.374,9.337,0.116,0.068,1.215,0.0,22.847,23.075,41.911
125.125,595.371,30.882,278.05,511.878,38.454,13.96,203.511,277.778,9.511,0.0,0.0,0.0,0.0,26.106,18.545,88.312
293.985,193.089,0.0,6.9,757.746,931.114,10.123,80.399,168.047,0.0,0.0,0.051,0.0,0.0,47.05,22.928,43.015
307.945,746.695,70.651,42.764,794.301,0.0,13.989,164.435,338.614,129.552,0.711,0.0,6.199,67.246,47.797,22.789,131.86
381.707,127.255,0.0,29.265,572.775,1147.226,14.609,87.166,175.14,10.714,0.0,0.0,0.0,0.0,103.965,23.222,50.458
448.207,123.505,7.153,4.378,1008.283,722.629,13.925,96.95,217.416,0.0,0.119,0.0,0.628,0.0,60.752,22.268,48.104
360.417,574.813,32.617,53.412,677.969,262.693,12.542,160.121,315.918,79.628,0.92,0.0,10.627,101.429,19.81,23.353,91.211
521.843,64.871,0.0,1.943,381.926,1331.372,16.914,92.161,167.639,4.759,0.0,0.0,1.069,0.0,75.344,24.086,48.341
325.518,142.002,6.009,21.632,661.367,974.139,12.662,88.403,174.259,18.215,0.059,0.0,2.559,0.0,22.367,23.941,43.478
262.517,196.04,7.671,48.942,831.303,685.053,12.911,86.369,192.683,18.937,0.044,0.099,1.904,6.543,46.551,22.525,47.08
329.231,672.761,25.491,50.941,894.731,0.0,13.398,172.14,391.836,25.77,2.269,0.37,18.709,99.78,12.419,24.171,118.822
467.849,94.632,3.884,18.365,494.597,1177.9,13.994,89.354,157.308,9.14,0.123,0.0,0.627,0.0,61.533,23.005,44.679
630.993,232.032,3.481,0.0,646.085,589.272,11.682,187.03,397.696,0.0,1.784,0.338,40.742,153.5,23.701,21.928,46.842
385.134,82.621,0.0,0.0,368.815,1455.094,13.163,81.114,147.971,2.276,0.023,0.001,0.403,0.0,12.675,21.245,32.502
189.584,216.217,4.033,248.118,800.991,496.239,13.021,134.139,241.385,18.461,0.219,0.095,3.164,0.0,21.265,21.48,41.563
208.165,197.801,6.088,33.376,595.134,997.454,12.483,87.63,149.566,17.771,0.0,0.0,1.116,0.0,17.255,21.477,42.349
683.039,179.896,12.048,0.0,553.258,902.538,11.34,166.096,314.614,87.5,0.508,0.522,39.245,233.79,34.612,16.432,30.827
303.359,208.524,0.0,64.672,656.359,711.224,7.383,83.883,169.838,19.139,0.0,0.268,2.113,1.445,15.997,22.9,40.413
247.279,143.318,3.091,92.818,578.515,1027.296,12.838,81.297,152.184,10.532,0.0,0.0,1.791,0.0,8.175,22.764,36.357
183.664,128.522,11.294,308.173,574.208,621.636,13.336,124.996,231.295,20.964,0.052,0.179,0.984,0.0,15.107,24.167,38.458
341.104,172.053,7.264,0.0,848.683,515.764,11.026,125.143,251.756,28.826,0.622,0.099,14.747,85.034,14.261,22.703,47.553
403.643,137.465,0.0,43.856,639.108,1073.668,7.466,79.525,155.934,0.0,0.162,0.0,0.0,0.0,67.962,24.697,48.964
578.463,19.408,0.0,16.091,376.47,1239.574,15.929,90.125,165.875,12.441,0.0,0.0,0.334,0.0,59.377,23.354,39.766
366.702,157.363,0.0,0.0,1280.901,287.338,9.423,93.328,219.14,0.0,0.498,0.0,0.0,0.0,34.535,24.701,45.912
92.925,153.086,0.475,561.348,516.077,755.41,13.182,150.486,254.424,27.389,0.0,0.0,0.924,0.0,21.731,23.67,41.208
438.577,130.389,0.0,28.856,523.047,973.677,9.139,82.705,160.741,5.085,0.241,0.0,0.736,0.0,26.526,23.996,41.362
353.446,442.076,14.706,42.372,669.227,311.014,12.544,134.41,304.804,22.588,0.867,0.022,15.756,104.675,20.737,21.329,74.604
314.173,171.012,0.0,32.961,968.591,897.347,12.239,78.561,193.888,0.0,0.012,0.014,1.638,0.0,79.111,22.802,52.962
206.105,937.163,54.311,82.694,844.091,0.0,13.396,150.957,337.629,97.572,0.463,0.0,6.68,65.617,45.011,20.947,132.311
294.337,418.904,23.24,0.0,825.649,3.663,12.47,141.97,301.811,31.14,1.115,0.183,12.598,79.443,24.133,21.441,78.869
941.85,410.991,100.847,205.446,0.0,39.802,6.817,415.307,703.749,10.984,0.86,1.31,13.931,10.945,46.216,15.166,73.213
310.274,132.248,0.0,3.276,437.157,1267.077,14.891,86.563,139.877,5.711,0.0,0.176,0.978,0.0,33.445,21.747,44.0
631.909,226.727,39.017,0.0,522.43,684.849,10.978,178.732,312.189,76.095,0.262,0.189,15.581,69.554,22.852,19.453,30.122
506.995,170.972,0.0,0.0,1087.495,242.415,12.405,132.966,330.475,0.0,1.236,0.0,20.186,59.616,18.075,22.5,32.827
456.044,62.677,0.0,0.0,637.782,1030.786,11.64,70.316,124.679,12.04,0.0,0.0,0.0,0.0,0.0,22.89,23.097
462.44,232.252,54.185,59.086,374.304,390.698,10.525,209.582,306.887,9.56,0.041,0.239,3.873,0.0,16.299,21.523,38.997
389.507,110.738,3.298,0.0,519.205,1172.211,11.58,78.524,160.498,6.786,0.184,0.0,1.418,0.0,30.376,22.465,40.564
202.838,227.071,0.0,431.677,921.887,22.451,12.708,157.722,335.475,23.972,0.349,0.019,2.395,0.0,18.394,23.849,39.808
336.792,234.678,0.0,19.627,717.952,707.688,13.879,94.683,185.244,10.848,0.079,0.0,2.336,0.0,15.55,23.549,44.51
452.645,76.72,0.0,9.15,765.968,779.379,10.842,70.111,130.309,55.54,0.0,0.04,0.117,0.0,12.841,24.398,22.833
334.986,984.407,62.531,69.195,939.655,0.0,14.683,168.507,335.882,219.86,0.679,0.0,0.921,47.333,28.28,21.118,127.38
368.994,117.682,0.0,18.855,690.683,1189.794,12.289,74.848,169.183,0.0,0.0,0.064,0.035,0.0,92.388,23.944,47.04
360.491,133.124,0.0,24.85,783.485,817.16,9.319,83.285,142.623,13.819,0.005,0.054,0.749,0.0,23.259,22.002,34.372
223.736,564.489,1.907,0.0,1049.045,0.0,11.699,143.853,293.947,8.738,1.078,0.0,1.852,0.0,18.484,23.178,89.833
70.821,985.698,26.766,52.993,832.99,0.0,13.946,157.167,321.266,68.141,0.49,0.0,0.0,0.0,51.392,23.988,128.277
757.04,520.918,78.316,0.0,85.271,1274.792,10.907,237.657,443.86,59.303,1.148,0.787,47.452,285.023,21.347,17.969,95.962
365.029,80.605,0.0,0.0,576.338,1358.971,13.157,76.785,166.838,0.0,0.0,0.0,0.025,0.0,61.848,21.535,44.702
442.124,80.991,0.0,0.0,461.308,912.844,15.322,96.347,186.377,0.0,0.047,0.0,1.624,0.0,14.419,20.933,36.152
340.311,184.384,12.839,8.935,503.144,999.397,14.542,92.392,165.212,18.118,0.0,0.0,0.309,0.0,42.103,23.877,45.769
367.212,115.214,0.0,16.737,655.049,1058.958,12.799,85.124,171.193,6.573,0.039,0.0,1.896,0.0,40.15,23.565,41.483
601.194,126.662,10.954,54.939,896.836,344.879,15.413,78.479,140.854,147.938,0.0,0.0,0.0,0.0,50.743,23.21,35.67
402.094,170.425,0.0,87.526,653.787,783.222,11.255,107.217,177.445,43.996,0.301,0.302,1.924,0.0,0.0,24.851,29.291
344.804,316.916,14.472,12.952,764.249,244.047,12.652,121.834,227.642,90.832,0.137,0.0,5.538,19.226,25.624,19.508,52.275
256.523,522.332,4.784,485.761,522.353,24.601,12.997,216.694,381.109,18.963,0.162,0.0,1.347,0.0,28.132,18.941,79.47
483.269,88.323,0.0,0.0,750.435,836.954,13.561,111.66,201.356,1.462,0.187,0.0,4.034,0.0,0.0,21.035,28.843
317.828,147.392,0.0,0.0,635.321,1089.133,12.089,76.535,146.834,12.671,0.05,0.0,0.0,0.0,0.0,22.151,33.556
273.652,579.152,37.663,70.158,859.719,103.123,13.743,136.301,306.659,17.434,0.949,0.0,3.826,42.879,49.407,22.403,99.501
635.344,818.454,87.022,54.22,241.296,0.0,12.426,264.895,449.18,43.175,1.716,0.31,16.074,94.831,26.694,21.139,137.682
213.84,302.5,4.455,0.0,760.825,855.818,8.601,78.989,156.976,4.83,0.0,0.0,0.0,0.0,46.182,21.546,52.528
287.756,186.234,0.0,0.0,670.967,1102.386,9.486,73.256,167.021,3.236,0.052,0.073,0.166,0.0,11.316,22.358,37.607
57.091,655.122,0.0,56.597,681.349,499.244,12.243,111.933,206.675,5.876,0.0,0.0,0.0,0.0,27.349,19.973,84.362
310.328,177.6,0.0,3.018,1022.457,511.017,11.517,92.239,199.196,0.0,0.302,0.132,0.873,0.0,2.435,22.321,38.4
432.356,90.581,0.0,0.0,801.692,815.339,13.869,88.159,168.463,4.694,0.0,0.234,1.435,0.0,12.122,22.219,33.101
965.826,514.767,196.719,0.0,0.0,466.878,7.797,351.676,496.996,51.594,0.262,1.561,11.672,0.0,35.741,20.006,79.203
472.911,391.259,21.642,1207.171,278.629,0.0,11.826,394.086,680.965,37.166,0.05,0.253,8.143,0.0,47.797,20.486,76.071
548.316,456.936,86.955,272.108,353.718,0.0,10.595,300.859,483.846,0.0,0.348,0.118,4.202,0.0,27.326,19.711,75.961
184.301,309.666,7.736,17.542,625.364,795.84,13.194,86.367,151.187,7.958,0.055,0.0,1.556,0.0,45.173,22.388,59.895
707.566,249.42,37.765,0.0,683.645,305.884,10.973,184.825,307.568,119.581,0.201,0.112,14.777,62.871,16.537,21.095,28.903
681.59,887.96,132.582,220.232,888.041,0.0,12.271,256.405,442.213,137.66,0.145,0.0,1.516,0.0,48.588,24.519,118.981
153.164,406.299,3.629,0.0,665.914,837.759,10.639,93.525,172.483,18.352,0.0,0.11,0.0,0.0,28.903,21.838,57.551
599.656,342.079,94.057,0.741,624.934,249.856,12.051,190.479,265.634,71.846,0.004,0.184,0.878,0.0,22.452,23.284,60.745
318.339,781.08,27.588,171.87,598.665,349.523,12.476,177.261,345.851,22.569,0.714,0.072,4.222,49.002,17.107,22.602,114.581
267.091,388.602,0.0,16.216,959.768,269.7,11.852,122.877,236.767,5.697,0.572,0.024,4.376,20.524,14.412,22.204,65.605
449.296,69.439,0.0,0.0,596.954,1196.27,13.429,77.863,127.006,20.104,0.0,0.0,0.35,0.0,0.0,22.269,23.789
350.307,113.519,0.0,0.0,561.463,1081.726,13.321,84.007,152.573,0.95,0.024,0.053,0.314,0.0,31.867,22.01,38.879
229.895,169.872,0.646,58.073,557.115,1170.118,12.069,82.542,126.096,13.4,0.076,0.0,1.044,0.0,23.318,23.094,44.046
394.256,113.572,2.216,7.052,647.847,892.379,13.528,96.533,189.709,6.363,0.076,0.0,0.693,0.0,4.636,21.803,37.9
410.903,139.343,0.0,19.619,766.604,885.864,8.591,102.696,206.974,2.585,0.157,0.159,9.011,62.04,6.255,22.885,33.772
446.513,87.751,1.591,43.983,648.549,1075.134,14.523,83.85,186.918,2.583,0.0,0.0,1.552,0.0,108.123,24.905,52.81
347.745,139.658,0.0,11.284,504.156,1262.494,11.745,74.553,140.789,0.0,0.0,0.0,0.0,0.0,24.655,23.863,34.594
284.454,134.75,0.0,0.0,683.57,1228.207,12.381,71.379,149.241,0.0,0.0,0.0,0.422,0.0,42.77,22.62,40.025
297.035,553.942,26.174,32.269,997.184,0.0,13.36,153.553,319.539,13.608,1.348,0.0,3.923,17.205,50.789,20.955,96.687
354.975,257.596,13.832,0.0,935.464,358.872,10.642,86.895,182.001,106.635,0.0,0.097,0.0,0.0,22.022,24.047,47.227
1361.723,414.899,200.192,0.0,0.0,1165.644,5.728,413.273,617.611,103.238,0.51,1.762,51.637,200.361,33.041,12.326,71.638
280.878,193.407,0.0,6.64,746.659,982.826,4.672,71.037,122.503,0.0,0.0,0.0,0.0,0.0,37.258,21.694,40.043
444.174,311.255,0.836,0.0,245.675,1194.961,11.566,153.403,310.911,10.918,1.388,0.773,44.231,235.528,4.43,21.686,77.584
483.756,62.144,0.0,23.026,761.181,984.717,12.926,85.065,179.284,0.0,0.059,0.0,0.964,0.0,20.78,22.107,36.083
295.736,423.232,12.077,47.774,1028.12,349.913,14.114,129.259,312.269,19.12,0.804,0.0,3.166,18.875,80.706,24.753,87.525
355.012,309.027,0.0,21.236,1416.918,0.0,13.494,124.206,278.705,0.0,0.888,0.328,2.61,0.0,82.999,23.888,74.929
310.38,341.743,35.89,4.424,636.982,518.416,12.516,135.08,213.248,17.961,0.01,0.126,0.0,0.0,6.529,20.097,55.211
213.501,863.101,24.185,154.302,707.654,43.342,13.232,176.808,307.548,23.493,0.462,0.0,5.7,51.807,19.685,18.789,107.396
342.388,153.789,0.0,0.0,653.987,1221.949,9.102,84.027,178.557,1.78,0.088,0.106,10.619,64.808,21.42,21.089,37.329
563.599,105.719,1.041,22.619,1296.1,0.0,12.922,76.975,169.841,97.334,0.118,0.065,0.781,0.0,15.088,23.461,30.772
21.807,768.908,3.693,14.829,706.475,555.39,13.089,120.674,225.471,14.339,0.0,0.0,0.0,0.0,66.027,24.223,99.057
414.336,87.953,0.0,12.625,452.373,1154.493,10.782,77.697,146.338,1.608,0.109,0.0,0.283,0.0,28.247,22.581,34.533
293.021,156.907,0.0,28.445,729.464,1188.46,8.981,74.599,136.757,0.0,0.0,0.0,0.0,0.0,85.366,23.698,48.44
241.476,148.656,3.311,93.986,587.323,964.198,9.517,84.333,180.182,19.681,0.126,0.25,0.778,0.0,19.765,23.86,42.146
298.002,97.49,2.752,1.361,549.874,890.506,14.643,94.174,160.742,3.901,0.0,0.088,0.387,0.0,38.63,21.904,44.147
280.647,285.877,0.0,37.329,898.83,602.321,13.5,97.021,205.016,2.325,0.074,0.0,0.898,0.0,81.049,23.21,60.763
470.297,170.702,0.767,0.0,890.579,599.847,11.885,115.25,202.289,105.221,0.031,0.025,3.073,0.0,9.373,19.506,26.326
194.678,254.849,0.0,0.0,541.259,1174.186,13.693,74.921,133.025,10.775,0.0,0.0,0.0,0.0,10.933,22.157,38.721
388.68,113.446,0.0,39.336,995.917,800.85,11.557,81.385,189.86,0.0,0.039,0.0,0.208,0.0,37.928,22.958,40.924
394.774,139.439,0.0,9.387,519.514,1138.478,9.972,103.363,217.517,10.728,0.204,0.165,19.757,99.57,6.172,20.027,37.556
500.523,132.163,11.037,35.816,989.06,300.019,14.78,97.796,222.951,30.543,0.202,0.0,1.978,0.0,50.088,23.862,41.104
309.058,407.899,0.0,0.0,1467.722,0.0,12.325,130.164,312.459,0.0,1.195,0.14,1.742,0.0,41.548,21.524,78.407
434.666,136.084,0.0,0.0,1444.046,75.528,11.783,105.331,250.983,0.0,0.713,0.0,2.345,0.0,21.287,21.321,41.883
410.437,87.125,0.0,22.594,855.676,1002.564,11.358,83.325,178.985,0.0,0.075,0.0,0.467,0.0,71.209,22.168,46.598
442.225,504.456,78.408,121.876,592.246,0.0,10.855,229.289,397.831,10.589,0.456,0.084,1.974,0.0,28.063,22.107,81.333
279.699,197.123,0.0,0.0,786.555,1042.588,10.121,67.452,166.438,1.918,0.0,0.0,0.0,0.0,82.564,23.294,51.108
438.521,85.13,10.246,33.446,637.429,1130.238,13.642,78.702,183.952,0.0,0.078,0.0,1.261,8.711,92.769,23.674,47.98
319.774,156.99,12.17,0.0,715.5,790.711,13.0,94.764,171.157,7.948,0.011,0.0,1.618,0.0,19.128,20.872,41.555
279.296,161.697,0.0,2.326,727.085,1214.163,12.316,71.844,159.643,1.598,0.0,0.062,0.566,0.0,93.217,23.167,50.484
594.234,747.116,169.494,0.0,568.275,0.0,11.215,246.142,404.931,86.892,0.441,0.0,7.636,1.398,24.957,22.238,120.375
667.036,426.723,58.198,0.0,1432.75,0.0,15.007,118.768,267.647,242.494,0.517,0.0,0.0,0.0,78.997,23.781,64.512
808.113,471.792,91.861,0.0,599.855,76.446,11.401,192.506,332.104,197.707,1.235,0.0,17.439,118.253,44.121,22.02,70.145
421.837,154.948,0.0,0.0,644.125,881.056,8.029,102.039,183.074,0.0,0.137,0.452,16.956,88.277,13.328,19.094,32.168
196.585,228.544,0.0,18.881,555.952,1036.818,13.207,78.847,145.372,10.42,0.0,0.0,0.126,0.0,46.156,22.373,47.524
451.284,323.581,28.016,5.125,1110.563,145.535,13.065,90.225,225.81,162.173,0.283,0.0,1.474,8.52,28.866,25.436,49.846
280.704,245.778,1.255,15.697,923.912,550.849,9.621,84.333,175.213,55.882,0.069,0.003,0.0,0.0,21.051,25.712,42.974
319.127,127.182,0.0,0.0,727.818,1078.852,8.162,74.928,129.943,0.0,0.0,0.01,0.0,0.0,6.593,22.103,29.924
222.302,320.149,0.0,22.281,902.722,604.903,11.514,87.085,193.362,6.912,0.0,0.154,0.0,0.0,90.399,24.445,64.561
271.705,224.404,0.0,4.343,774.035,831.382,10.729,82.761,164.427,0.0,0.0,0.0,0.0,0.0,41.125,22.169,44.499
461.326,91.805,1.295,50.936,728.338,961.361,14.267,85.934,205.518,2.658,0.025,0.0,1.624,0.0,73.215,22.968,45.481
780.255,781.821,65.492,64.879,0.0,959.315,11.61,281.7,544.623,41.71,1.824,1.013,43.27,261.596,24.81,16.888,140.31
493.119,64.041,0.0,0.0,430.187,1277.005,16.683,97.46,179.226,0.0,0.0,0.0,0.464,0.0,104.717,22.815,48.154
324.92,111.426,0.0,0.0,420.235,1408.111,12.404,71.146,119.175,4.578,0.0,0.0,0.0,0.0,0.0,23.386,29.488
319.86,147.971,0.0,21.438,774.319,942.161,9.239,71.549,150.507,8.449,0.121,0.0,1.003,0.0,34.902,22.124,40.58
377.57,131.096,2.612,0.0,644.313,1211.997,9.504,76.628,164.179,0.0,0.0,0.069,5.359,26.209,88.026,22.433,48.789
427.766,107.785,0.0,0.255,930.262,687.459,13.173,87.412,207.703,0.0,0.316,0.0,1.578,0.0,0.399,22.243,28.999
304.998,161.81,0.0,6.081,785.315,862.372,4.703,67.775,119.642,0.0,0.0,0.0,0.0,0.0,25.678,22.143,38.017
433.581,58.741,0.0,0.0,508.751,1247.069,14.34,78.178,151.675,0.0,0.0,0.0,0.811,0.0,24.236,21.245,36.355
368.176,442.672,50.84,28.432,623.764,351.934,13.041,150.263,292.258,35.486,0.59,0.0,9.148,59.665,38.893,18.891,76.91
169.185,212.499,0.534,87.019,641.562,1144.564,8.938,70.83,155.439,4.615,0.0,0.021,0.0,0.0,11.128,19.292,37.41
416.625,86.524,5.594,26.334,579.322,1239.138,12.641,78.958,153.684,5.304,0.0,0.028,0.778,0.0,44.025,20.77,38.514
627.47,746.987,41.341,85.981,37.776,510.381,12.328,241.659,499.722,37.262,2.647,0.655,38.339,227.904,20.24,21.615,142.756
242.542,205.059,0.0,22.818,738.142,852.059,10.568,75.82,152.315,17.092,0.042,0.113,0.854,0.0,27.006,22.198,40.395
475.09,438.897,69.048,0.0,637.223,434.364,14.794,121.869,158.905,109.755,0.0,0.0,0.0,0.0,32.669,21.181,66.91
480.277,199.786,6.692,0.0,1106.123,178.931,12.418,98.797,183.198,145.557,0.149,0.0,1.816,1.0,2.178,22.484,23.443
570.29,45.786,0.0,11.924,627.832,920.205,16.37,96.171,181.756,0.0,0.0,0.055,0.967,0.0,33.184,22.606,41.183
522.748,156.446,9.532,29.005,618.605,719.148,14.872,89.408,176.091,85.199,0.0,0.0,0.0,0.0,21.054,22.116,39.622
286.862,136.634,1.646,42.445,691.409,979.071,13.095,77.126,153.157,4.998,0.033,0.0,2.326,0.0,5.123,21.44,36.337
302.855,140.606,0.0,40.911,734.654,971.208,14.332,94.387,194.804,11.104,0.036,0.105,0.935,0.0,60.844,21.291,50.397
288.703,129.914,8.094,79.275,471.64,915.092,14.058,113.899,173.923,8.862,0.0,0.076,0.534,0.0,2.141,21.451,34.84
272.513,253.971,7.063,290.715,609.347,559.767,11.881,151.528,256.621,14.713,0.082,0.045,3.073,0.0,18.727,22.797,44.763
395.231,68.26,2.773,23.145,595.453,1003.106,14.28,88.696,171.323,8.725,0.008,0.0,1.947,0.0,37.121,21.459,42.749
364.898,128.683,0.0,42.276,800.35,989.54,8.143,80.472,154.999,0.0,0.126,0.012,0.0,7.684,60.096,23.279,48.414
580.738,31.816,0.0,22.004,503.268,1183.934,16.512,93.273,189.22,0.0,0.0,0.0,1.832,0.0,60.739,23.091,42.798
305.046,123.646,2.614,5.135,688.388,1093.527,9.92,69.918,148.615,0.0,0.052,0.0,0.0,0.0,26.748,23.467,39.299
464.883,293.273,22.063,70.16,774.029,522.74,14.292,87.532,190.941,131.441,0.077,0.0,0.0,0.0,54.782,25.236,53.671
490.932,834.375,81.689,51.466,380.535,156.581,14.133,190.843,374.57,77.938,1.203,0.201,26.117,182.285,27.97,20.369,135.864
351.617,167.378,12.174,11.648,635.316,828.817,9.663,97.628,183.591,6.163,0.195,0.188,4.6,7.681,4.645,22.487,40.217
351.32,155.61,10.798,0.0,929.763,761.831,13.245,85.146,217.014,4.751,0.205,0.0,1.415,0.0,39.33,22.928,43.563
355.923,153.681,14.876,10.181,632.405,791.176,10.774,78.162,163.865,4.898,0.113,-0.0,2.691,3.697,7.284,22.208,35.956
343.955,137.528,10.15,18.347,569.106,1011.089,10.396,76.565,158.299,6.043,0.142,0.189,1.227,0.0,33.781,22.681,41.752
472.977,79.317,0.0,0.0,243.858,1190.092,14.703,106.9,169.286,12.823,0.031,0.0,1.99,0.0,0.0,21.773,34.992
417.677,107.145,0.0,27.069,1031.487,575.704,11.931,81.117,185.644,2.096,0.194,0.0,1.292,0.0,25.805,22.26,40.837
467.561,144.316,34.459,214.125,500.972,133.492,12.839,215.386,278.873,46.036,0.022,0.146,1.465,0.0,7.272,23.251,28.567
595.015,532.758,99.033,0.0,313.656,691.228,11.53,229.687,372.675,29.569,0.935,0.609,19.196,105.119,25.512,18.418,91.775
597.058,59.127,0.0,19.408,546.883,965.108,17.205,115.391,198.126,0.0,0.0,0.0,1.005,0.0,57.464,23.96,45.616
283.69,123.252,1.062,0.0,653.982,1266.996,10.846,65.808,113.505,8.574,0.024,0.075,1.177,0.0,17.367,22.43,36.754
388.017,130.102,0.0,44.145,805.91,831.594,11.454,87.634,193.5,0.247,0.053,0.0,1.832,10.342,80.081,22.362,48.983
291.85,189.068,0.0,0.0,492.974,1326.888,14.885,92.111,156.507,11.959,0.0,0.0,0.531,0.0,69.982,20.955,51.904
249.653,299.764,3.709,1.254,863.032,566.222,13.22,103.771,223.663,21.415,0.267,0.049,1.394,18.462,26.783,21.954,54.507
410.984,468.837,18.514,0.0,1519.132,0.0,11.19,166.499,376.901,0.0,1.692,0.403,3.115,0.0,28.002,22.21,80.16
595.791,103.615,15.087,0.0,320.234,1442.321,10.283,143.305,286.036,88.585,0.619,1.071,53.675,317.297,18.683,17.654,43.961
385.069,94.918,0.0,14.18,809.807,934.133,11.957,78.023,181.619,0.0,0.043,0.0,0.196,0.0,29.357,23.364,37.496
304.289,130.788,0.0,0.0,596.635,1228.366,12.93,77.708,135.016,10.222,0.0,0.0,1.227,0.0,17.901,22.288,35.891
202.644,211.828,1.421,101.124,507.16,876.408,14.567,99.774,168.262,8.261,0.0,0.0,1.732,0.0,32.57,22.057,49.058
414.65,120.645,10.552,7.459,781.838,745.466,12.547,93.101,188.724,5.279,0.124,0.068,1.558,0.0,14.333,22.388,36.825
422.359,108.923,1.344,12.268,570.977,1100.663,14.632,76.984,166.158,10.912,0.0,0.0,2.019,0.0,86.6,24.678,50.993
428.957,128.256,0.0,0.0,561.818,1089.514,8.927,106.93,212.122,0.0,0.39,0.347,27.081,127.876,17.185,19.169,42.86
502.719,72.555,0.0,0.0,412.569,1188.707,8.242,120.515,214.901,18.826,0.209,0.916,37.358,199.408,12.273,21.313,27.511
359.148,141.48,12.605,11.441,873.253,611.016,12.679,96.57,199.395,4.189,0.336,0.0,4.238,6.203,19.015,21.275,38.548
367.134,99.487,0.0,49.871,341.796,1200.341,15.009,105.548,158.378,13.495,0.0,0.167,2.137,0.0,18.528,22.287,42.875
541.753,318.489,62.356,0.0,526.542,404.556,12.387,164.872,258.253,61.84,0.387,0.0,10.967,44.592,23.269,19.279,54.18
329.67,149.626,0.0,0.0,727.439,938.352,10.441,75.044,150.944,0.0,0.026,0.0,0.0,0.0,0.0,21.974,30.31
376.747,132.778,0.0,0.0,582.064,1171.947,6.84,89.441,149.078,1.045,0.092,0.037,9.895,57.385,14.196,22.713,35.061
232.318,622.701,38.204,39.345,612.51,599.81,14.16,137.033,204.028,74.142,0.0,0.0,0.126,0.0,30.831,20.485,90.886
526.732,861.693,102.323,0.0,936.603,0.0,12.74,204.637,444.09,150.666,2.302,0.0,5.297,49.214,47.553,24.617,139.833
255.646,121.047,2.667,0.0,523.415,1410.201,10.298,58.434,116.645,1.841,0.0,0.072,0.0,0.0,12.22,22.354,31.297
418.715,114.362,8.724,23.968,580.173,1105.703,14.279,81.01,142.768,23.087,0.0,0.0,1.731,0.0,36.402,22.575,42.873
243.788,218.395,0.0,0.0,677.726,828.799,8.603,80.754,155.548,4.701,0.0,0.0,0.737,0.0,25.905,23.471,44.942
422.844,110.168,0.0,23.58,814.696,778.613,10.795,82.777,188.412,0.0,0.107,0.0,2.756,16.806,20.346,21.586,37.154
657.219,148.899,10.213,0.0,474.746,1284.75,10.798,161.843,299.788,81.383,0.713,0.424,51.053,276.946,18.384,16.423,24.167
466.424,72.252,0.0,16.865,686.276,988.207,15.093,88.361,176.918,0.0,0.0,0.0,1.093,0.0,40.074,21.369,42.138
388.711,145.358,0.0,18.347,779.005,1086.4,10.099,81.798,159.896,8.038,0.081,0.12,1.703,0.839,65.266,24.102,49.12
304.915,209.118,16.72,203.005,643.641,394.21,12.949,144.979,278.603,29.735,0.112,0.209,4.41,0.0,23.554,20.481,44.667
383.217,97.295,0.0,8.253,428.288,961.25,13.75,113.058,181.562,0.0,0.0,0.0,0.298,0.0,0.0,23.115,28.018
505.516,111.009,4.978,34.501,1069.046,381.138,14.54,102.896,227.266,0.0,0.181,0.287,2.634,0.0,59.372,23.558,41.509
564.128,443.293,68.87,0.0,377.758,915.636,10.494,196.057,366.3,38.9,0.71,0.276,27.323,176.324,18.164,19.208,78.889
197.099,594.714,38.345,337.337,542.456,0.0,13.837,204.005,319.269,0.0,0.0,0.0,0.0,0.0,31.432,18.421,90.369
348.334,112.612,3.886,0.0,483.979,1347.532,13.67,80.108,149.087,9.33,0.083,0.0,0.617,0.0,60.935,23.482,45.727
244.009,199.675,0.0,96.006,693.5,837.022,11.657,97.227,184.412,22.909,0.039,0.217,1.214,0.0,13.594,23.398,40.389
549.798,650.735,15.731,342.053,153.831,417.91,12.444,239.224,480.993,28.985,1.591,0.63,36.294,233.842,14.397,20.554,119.413
594.04,458.377,52.596,34.143,394.959,176.33,11.138,219.647,383.96,46.989,0.899,0.154,13.154,80.282,34.048,20.079,78.543
299.452,166.899,0.0,30.093,941.465,755.645,10.513,74.366,180.652,0.155,0.031,0.0,0.064,3.331,89.853,24.992,54.274
271.36,350.686,8.4,46.018,1040.208,156.038,11.658,108.88,237.642,3.812,0.572,0.338,2.206,10.785,16.865,23.22,59.751
390.286,364.674,17.049,13.699,618.78,504.917,12.547,146.515,283.84,9.521,0.747,0.019,13.968,85.93,14.984,20.43,56.872
396.941,206.072,2.177,67.567,618.782,737.148,15.146,104.735,196.002,36.159,0.0,0.0,0.261,0.0,67.164,21.204,51.457
427.778,465.862,37.899,0.0,1232.261,0.0,13.133,145.695,318.11,138.221,1.029,0.0,1.537,21.238,38.534,25.154,78.521
673.274,759.134,123.28,128.887,252.728,150.841,10.972,272.846,456.381,22.948,0.79,0.333,14.307,75.181,30.194,18.941,116.403
338.028,634.196,3.191,3.463,1368.768,0.0,11.925,179.802,359.344,4.13,1.869,0.311,4.597,5.844,23.683,22.542,107.637
738.532,630.285,77.765,8.566,0.0,1218.532,11.536,259.591,496.547,44.39,2.111,0.792,56.448,317.965,23.739,19.539,133.376
296.485,128.065,2.178,0.0,614.17,1303.993,10.108,66.644,134.251,3.805,0.0,0.0,0.171,0.0,8.059,23.412,31.804
217.238,804.634,33.889,43.909,825.568,0.0,13.171,188.009,370.245,39.895,1.659,0.031,5.332,54.883,21.883,19.623,120.972
270.202,720.132,36.105,0.683,1179.452,0.0,13.403,165.465,359.085,62.369,1.284,0.0,0.721,15.811,34.818,22.293,108.204
272.642,1017.93,81.104,48.399,885.497,0.0,14.353,190.742,339.721,171.183,0.711,0.0,0.0,22.022,40.392,20.285,135.668
296.254,146.787,2.326,17.326,683.865,955.551,11.434,87.229,155.61,21.477,0.129,0.23,1.787,0.0,24.624,22.134,42.758
399.11,151.083,0.0,0.0,830.764,856.166,8.411,76.653,116.666,55.887,0.022,0.212,0.143,0.0,1.897,26.146,26.158
356.723,182.641,4.626,7.824,1110.295,234.527,9.681,97.626,213.495,2.109,0.442,0.146,4.109,20.959,40.097,22.102,50.808
484.151,46.247,0.0,0.0,938.159,725.421,13.007,80.176,177.647,0.0,0.055,0.0,0.207,0.0,0.0,22.255,26.837
380.689,112.051,0.995,0.0,695.051,1014.902,12.404,80.952,176.334,10.136,0.113,0.0,2.214,0.0,24.286,22.263,39.274
576.255,396.383,51.898,0.747,317.799,972.691,12.561,194.225,404.829,43.454,1.796,0.568,39.373,204.212,28.939,20.908,99.901
414.672,105.928,0.0,0.0,821.227,820.329,10.244,86.774,171.581,0.0,0.043,0.0,2.319,0.0,0.0,22.035,24.698
481.706,101.032,0.0,12.974,776.92,660.289,12.44,68.621,122.075,77.24,0.0,0.098,0.0,0.0,3.73,23.717,21.67
204.572,147.372,5.874,248.079,623.036,838.921,13.355,122.913,216.606,16.368,0.0,0.0,0.885,0.0,9.402,22.259,36.377
370.311,135.348,3.147,14.732,802.482,873.771,10.375,77.07,171.374,1.23,0.104,0.0,0.324,0.0,19.801,23.126,38.597
519.54,111.693,4.772,0.0,509.556,930.358,14.094,110.025,188.121,2.719,0.0,0.0,2.355,0.0,5.263,21.218,30.795
320.656,205.537,7.681,0.0,943.238,503.71,9.696,89.88,170.056,59.906,0.015,0.166,0.0,0.0,29.662,23.738,39.509
279.627,198.124,7.416,21.985,782.239,932.694,14.034,89.602,168.39,8.461,0.0,0.058,2.029,10.073,75.02,24.769,52.585
477.726,125.965,0.0,26.758,1316.205,192.035,13.905,97.252,243.231,18.299,0.457,0.0,3.185,0.0,54.4,21.22,41.196
415.077,466.906,22.288,215.006,709.223,0.0,11.405,225.423,436.937,10.321,0.818,0.02,0.0,0.0,27.079,24.283,74.756
411.384,110.132,0.0,26.593,596.195,1108.131,12.171,78.033,165.24,0.393,0.116,0.0,0.344,0.0,77.134,22.975,49.673
331.589,153.818,0.0,7.328,580.074,1001.31,8.05,79.298,165.366,0.522,0.139,0.123,0.097,0.0,7.945,23.482,33.068
447.437,108.8,0.0,0.0,1018.637,442.405,11.837,79.902,173.742,10.125,0.055,0.015,0.0,0.0,0.0,22.87,28.726
315.995,496.395,8.03,0.0,1253.688,0.0,12.143,146.085,317.886,11.69,1.377,0.019,1.639,0.0,9.648,21.77,74.811
405.258,388.27,25.5,21.856,942.334,403.186,13.635,98.466,189.913,171.999,0.039,0.0,0.0,0.0,21.99,22.98,51.629
174.986,299.723,0.0,7.976,769.729,932.385,8.701,70.569,134.73,0.0,0.0,0.0,0.0,0.0,89.913,22.414,55.867
303.324,152.959,1.809,17.774,925.815,937.049,12.914,73.029,199.092,0.138,0.0,0.048,0.0,0.32,105.651,24.404,55.142
73.208,880.297,27.297,43.132,856.894,0.0,12.827,169.347,283.625,60.717,0.539,0.0,0.0,10.467,43.961,21.126,120.7
459.089,103.205,3.369,29.738,963.177,936.337,14.2,84.706,204.762,0.0,0.157,0.0,1.308,1.908,74.434,22.458,48.56
484.755,106.934,0.0,0.0,1047.214,510.31,14.203,100.198,221.306,0.0,0.312,0.0,2.487,0.0,21.567,23.012,39.043
301.46,96.534,7.109,54.065,530.081,1187.14,11.598,87.776,140.59,4.36,0.0,0.0,0.0,0.0,0.0,22.018,30.986
395.213,95.901,0.0,0.0,760.343,894.966,12.368,84.102,167.311,0.0,0.078,0.0,0.929,0.0,15.619,22.126,32.444
551.961,787.225,138.014,21.495,575.156,38.122,12.349,190.533,347.654,119.998,0.926,0.0,5.825,30.386,52.928,22.64,125.7
419.881,128.775,0.0,0.0,914.835,613.823,11.277,89.164,201.995,0.0,0.297,0.0,2.774,0.0,0.0,22.391,27.317
158.493,529.637,0.0,0.698,625.544,729.722,14.542,111.581,214.99,24.794,0.0,0.0,0.0,0.0,70.109,21.019,80.206
505.625,54.062,0.0,13.953,404.655,1276.719,14.515,86.63,153.258,4.101,0.031,0.0,1.382,0.0,37.559,23.963,39.002
393.933,740.136,71.161,78.749,1129.652,0.0,13.43,168.282,362.154,98.659,1.723,0.0,1.363,16.944,65.296,22.858,124.52
301.269,269.731,9.532,27.336,757.614,838.154,8.307,103.311,176.869,29.761,0.083,0.002,2.388,13.661,24.733,21.982,51.087
438.394,76.388,0.0,0.0,384.355,1291.262,14.843,93.379,163.03,3.584,0.012,0.0,2.041,0.0,4.96,22.169,34.714
402.239,86.253,2.981,6.733,605.507,879.838,12.745,74.893,140.832,9.969,0.069,0.0,0.525,0.0,0.0,21.843,29.942
262.891,141.844,7.428,81.086,561.081,818.629,14.788,103.138,188.971,13.6,0.0,0.064,0.817,0.0,43.178,22.288,47.317
303.381,135.643,3.62,257.716,694.926,490.788,13.315,139.947,249.523,15.768,0.195,0.0,2.377,0.0,0.0,23.524,31.276
399.14,601.264,43.662,16.916,313.879,770.284,13.459,184.259,376.97,46.973,1.459,0.81,37.249,237.463,19.253,17.481,119.261
450.318,324.976,55.896,0.573,686.963,420.023,13.651,118.754,187.983,86.489,0.0,0.217,0.0,0.0,26.853,22.331,61.017
428.925,133.343,0.0,0.0,524.697,1559.524,6.878,96.344,189.228,0.0,0.115,0.388,24.97,116.696,16.248,18.848,35.207
305.809,209.441,0.0,0.0,762.715,817.248,11.85,83.264,175.905,7.064,0.099,0.12,2.814,6.365,42.771,22.309,48.86
291.885,220.188,0.0,16.247,795.945,699.06,13.301,90.774,206.28,5.143,0.031,0.0,0.453,0.0,39.632,22.119,49.417
846.507,599.592,118.268,186.026,0.0,653.645,9.005,319.671,561.872,32.766,0.868,1.264,29.748,143.243,38.776,19.426,109.015
291.373,422.536,50.053,179.68,580.775,505.352,11.901,203.414,304.412,3.528,0.0,0.356,0.0,0.0,13.786,20.752,62.394
388.279,309.995,17.501,0.0,911.502,138.533,12.748,141.636,264.786,3.258,0.446,0.415,0.674,0.0,26.833,23.121,56.397
468.097,161.662,2.528,0.0,1374.98,0.0,13.358,98.182,242.904,45.964,0.444,0.0,8.59,35.878,36.99,22.52,37.327
805.344,766.409,191.91,142.436,394.842,0.0,10.637,344.144,530.164,51.884,0.311,0.651,4.096,0.0,47.062,20.46,117.455
388.379,440.486,0.0,58.508,1494.054,0.0,12.117,147.451,362.132,0.502,1.538,0.184,3.448,0.0,24.492,22.498,80.598
369.647,789.655,73.486,21.082,609.77,0.0,13.034,189.612,357.314,73.907,0.773,0.0,8.711,97.839,19.327,21.506,122.11
1025.542,408.508,121.676,18.158,1210.428,0.0,10.851,228.51,255.185,282.196,0.124,0.3,0.0,0.0,31.768,26.762,44.109
507.578,90.055,5.568,37.948,712.102,884.876,12.429,73.251,142.222,54.434,0.068,0.037,1.791,0.0,54.425,24.729,34.881
360.968,140.843,12.018,0.0,607.385,980.501,11.989,71.742,141.375,4.93,0.118,0.0,1.387,0.0,7.583,22.927,32.648
371.747,71.132,2.669,0.0,359.178,1323.14,16.497,100.786,160.338,0.0,0.0,0.0,0.429,0.0,48.648,21.751,45.701
390.635,115.302,0.0,38.415,530.078,1194.974,9.923,66.506,134.08,6.918,0.005,0.0,0.756,0.0,36.859,23.076,36.244
826.896,394.816,69.73,0.0,0.0,1281.346,10.03,235.135,425.815,47.24,1.153,0.786,53.698,296.602,28.475,16.734,77.96
308.318,160.978,0.0,11.63,759.341,981.318,9.322,82.057,154.667,4.682,0.0,0.0,0.0,0.0,43.361,23.9,40.635
454.071,133.016,0.0,0.0,536.729,920.108,9.56,132.468,212.569,5.877,0.0,0.531,13.215,42.197,0.0,17.378,21.555
951.328,238.628,52.735,0.0,949.928,11.076,13.297,161.297,198.391,246.521,0.0,0.0,0.0,0.0,7.95,25.458,23.02
596.923,93.626,8.867,33.164,758.047,499.916,14.651,90.504,150.943,89.189,0.113,0.0,1.425,0.0,42.684,24.866,34.319
499.484,117.45,0.0,32.768,1532.419,0.0,13.225,101.836,257.818,0.218,0.42,0.0,2.182,0.0,51.248,23.347,42.691
382.312,215.665,0.0,0.0,554.436,1064.511,7.771,93.458,187.727,4.542,0.107,0.396,9.14,33.008,15.049,20.17,40.0
90.523,814.439,8.093,12.987,769.934,0.0,13.752,158.726,297.381,39.459,0.547,0.0,0.0,7.673,46.432,19.902,114.125
617.382,118.09,4.882,0.0,957.309,260.449,12.587,104.436,157.966,134.925,0.144,0.0,2.039,0.0,4.505,23.54,28.016
194.188,121.374,1.786,266.846,424.528,1107.892,13.312,122.829,189.742,15.562,0.0,0.0,0.0,0.0,1.514,22.123,35.153
412.169,95.324,5.759,21.924,797.303,994.125,14.673,97.264,197.86,0.032,0.082,0.0,2.553,0.0,50.035,23.895,43.979
464.863,145.182,4.714,7.877,1298.831,73.128,13.373,104.365,267.783,13.398,0.533,0.037,3.373,0.0,52.939,22.169,37.75
391.798,181.712,0.0,0.0,979.314,586.308,10.573,90.843,219.483,0.0,0.287,0.016,2.505,0.737,0.0,21.267,31.688
339.415,124.882,8.224,21.255,607.28,824.582,12.575,112.053,213.576,0.0,0.168,0.0,2.066,0.0,3.748,20.799,29.066
346.567,129.502,10.163,3.08,519.839,985.946,12.539,77.503,157.848,12.883,0.083,0.0,3.306,0.0,20.41,23.444,38.079
384.607,275.492,48.204,0.0,672.147,443.415,12.723,139.166,233.245,41.639,0.035,0.0,0.0,0.0,32.229,21.827,56.81
324.469,170.786,0.0,47.685,582.29,1008.662,9.71,99.608,190.962,9.587,0.094,0.018,1.989,0.0,2.271,21.834,37.405
369.41,144.443,0.0,36.786,823.742,722.866,7.772,91.527,154.58,12.105,0.176,0.0,5.81,29.858,24.62,23.121,42.849
250.122,170.783,0.0,22.084,651.9,1114.383,14.332,83.452,155.996,16.993,0.0,0.0,1.837,0.0,59.457,23.146,46.785
294.953,135.512,0.0,7.535,629.544,1291.862,7.501,62.458,110.427,0.0,0.0,0.045,0.0,0.0,50.133,22.064,39.724
485.38,196.674,19.324,32.788,846.018,343.167,14.458,86.494,170.255,124.681,0.083,0.0,0.225,0.0,32.171,20.935,44.438
291.221,183.711,0.0,21.683,719.826,747.394,5.627,64.437,131.513,0.742,0.0,0.0,0.0,0.0,55.177,22.717,44.335
409.873,113.321,3.883,39.146,877.73,868.627,13.251,85.557,192.464,3.834,0.09,0.096,1.468,3.27,73.433,23.179,46.527
577.206,82.793,5.597,33.405,760.844,617.965,15.004,70.626,158.31,61.258,0.095,0.382,0.057,0.0,43.288,23.438,37.34
334.573,113.684,0.0,0.0,576.152,1315.212,10.62,63.573,126.827,0.0,0.005,0.075,0.869,0.0,16.024,23.988,34.13
378.456,144.381,1.663,2.058,781.044,896.64,8.033,74.922,150.785,53.514,0.0,0.033,0.172,0.0,3.407,24.631,26.392
544.226,121.626,4.529,49.691,1407.765,0.0,14.0,102.699,258.048,9.589,0.383,0.0,1.511,0.0,52.604,23.036,39.585
372.566,242.435,14.576,0.0,551.431,935.117,10.857,119.791,246.39,13.293,0.402,0.446,20.435,129.236,23.475,22.69,48.669
