FA1,GGBS,SF,MK,FA2,CA,Molarity,NaOH,Na2SiO3,Water,F_V (vol%),F_D,F_L,F_M,days,Tem,Com
364.225,152.987,66.794,0.0,428.895,992.305,10.708,64.426,163.053,0.0,0.0,0.0,0.0,0.0,13.359,24.642,26.843
715.083,170.731,77.368,0.0,788.623,0.0,13.195,124.12,280.429,0.0,1.44,0.988,8.57,136.756,0.0,35.004,15.009
394.357,110.569,52.683,4.87,414.902,1155.88,12.527,35.882,138.269,0.0,-0.0,0.0,0.0,0.0,11.391,26.815,19.273
430.707,106.459,34.129,0.0,455.427,1045.91,12.89,39.494,118.335,1.585,0.0,0.0,0.0,0.0,9.367,25.293,19.515
297.837,163.774,30.118,41.14,785.415,880.81,13.434,58.946,145.746,29.27,0.208,0.111,1.434,39.404,21.198,27.989,38.732
411.639,156.468,28.66,0.0,897.95,524.007,12.034,67.549,169.859,4.758,0.432,0.081,1.243,36.057,12.91,25.824,34.621
464.889,1024.805,255.385,0.0,358.96,149.542,11.481,74.002,277.517,30.111,2.86,0.656,25.95,320.097,0.0,51.794,117.375
396.271,177.561,64.503,0.0,598.942,724.959,11.283,89.298,189.014,0.0,0.279,0.051,0.709,50.076,0.0,29.501,26.723
401.381,356.878,75.044,0.0,484.813,851.637,14.18,41.908,151.729,20.26,1.046,0.52,11.276,131.962,0.193,45.239,52.487
524.52,335.491,103.086,0.0,604.352,409.44,13.673,88.531,242.419,22.02,1.156,0.222,9.409,152.908,0.0,46.707,34.175
554.756,1067.054,284.282,0.0,334.719,0.0,14.079,69.891,370.285,12.605,3.812,1.925,31.204,413.484,0.0,66.082,117.568
399.173,180.856,27.359,0.0,912.552,555.621,13.315,68.412,170.513,16.334,0.393,0.109,3.032,34.605,15.955,27.645,42.104
469.194,143.061,53.916,0.0,683.733,630.339,12.001,72.093,180.663,3.626,0.597,0.16,4.731,52.561,18.368,25.977,40.939
420.862,184.242,92.686,0.0,640.642,535.756,9.489,96.375,234.962,0.0,0.492,0.15,4.491,59.379,10.896,23.481,41.127
382.782,182.258,43.009,0.0,650.262,823.29,12.434,58.688,132.787,9.997,0.296,0.055,2.785,42.863,12.255,27.081,35.745
790.135,182.629,97.574,0.0,852.128,0.0,12.024,132.67,347.083,0.0,1.713,0.802,8.145,135.804,0.0,26.24,15.461
578.964,110.9,55.265,0.0,405.075,681.038,12.172,92.87,208.079,0.0,0.693,0.609,4.659,84.887,12.406,26.134,27.797
592.81,252.779,61.621,0.0,1422.227,0.0,12.78,113.32,332.943,0.0,1.373,0.346,2.965,66.778,0.0,31.623,25.436
54.103,432.16,62.582,60.732,997.06,764.668,14.357,38.275,223.248,50.917,0.0,0.0,0.0,0.0,17.406,46.567,45.702
433.568,122.332,42.539,0.0,449.574,1036.857,12.581,52.988,124.198,0.0,0.0,0.0,0.0,0.0,6.463,26.321,24.033
0.0,589.89,136.329,19.616,1066.376,604.475,12.092,22.872,236.109,15.676,0.0,0.0,0.0,0.0,26.862,39.291,67.514
386.253,170.581,29.357,0.0,903.045,652.219,13.164,67.123,177.009,15.339,0.357,0.149,2.668,45.021,12.98,26.505,37.371
0.0,488.446,95.691,121.718,921.464,744.39,15.59,26.561,211.072,60.307,0.0,0.0,0.0,0.0,25.712,47.858,58.157
178.16,361.926,53.386,37.93,772.489,825.729,14.183,62.847,177.649,31.674,0.712,0.063,8.233,87.28,22.538,38.738,57.783
109.95,237.52,54.855,72.328,883.642,841.349,12.514,67.024,225.848,5.112,0.115,0.195,0.641,38.432,16.366,35.011,39.391
257.225,147.621,33.85,98.532,658.476,870.967,15.415,49.498,137.656,33.85,0.149,0.189,1.751,48.417,26.994,29.483,30.985
496.646,145.311,30.169,0.0,783.116,540.648,13.901,77.2,177.251,8.489,0.486,0.541,1.664,50.407,0.468,31.814,25.193
370.95,127.265,47.794,18.503,417.825,1178.392,12.135,28.149,145.793,0.0,0.0,0.0,0.0,0.0,10.281,27.247,22.406
503.562,161.03,34.52,0.0,1261.963,42.241,12.738,83.327,253.402,0.0,0.773,0.232,0.505,30.451,8.533,27.024,26.286
299.665,251.488,45.219,26.79,788.365,714.909,13.695,67.207,155.825,22.356,0.527,0.247,5.574,53.534,18.585,33.445,44.75
239.096,189.73,33.958,71.583,736.71,905.14,14.531,33.407,124.048,37.481,0.0,0.0,0.0,0.0,22.663,28.648,33.172
660.508,449.309,148.815,0.0,21.899,533.538,13.782,92.824,249.391,0.0,2.282,1.935,24.037,281.916,0.0,52.112,56.109
546.349,233.96,44.844,0.0,356.658,835.351,14.173,68.721,169.417,10.54,0.898,0.871,7.768,124.772,0.0,40.599,30.351
486.189,247.475,62.686,0.0,1612.956,0.0,12.351,85.975,304.838,0.0,1.621,0.075,6.611,67.867,4.662,32.34,40.344
366.438,150.922,37.659,38.321,677.818,824.389,13.331,67.446,156.173,11.95,0.455,0.298,4.114,43.33,18.581,28.847,33.046
610.985,163.499,68.902,0.0,1235.312,0.0,10.587,134.092,321.462,0.0,1.02,0.204,0.562,42.551,3.033,24.924,25.318
279.89,184.286,36.277,70.306,800.729,686.702,14.461,72.296,187.262,25.532,0.37,0.449,5.509,45.159,31.457,35.332,37.3
628.989,158.823,56.243,0.0,658.752,282.781,14.273,87.89,214.913,5.135,0.922,1.092,4.674,107.318,0.0,34.684,20.475
896.577,109.128,94.038,0.0,537.364,0.0,11.507,141.358,322.124,0.0,1.65,1.234,10.104,140.341,0.0,27.266,10.97
413.755,311.27,58.004,0.0,1423.478,0.0,13.237,71.689,263.058,0.197,1.109,0.036,4.334,55.737,4.363,34.706,39.303
415.785,270.764,59.697,0.0,858.298,443.447,12.206,77.23,193.713,5.858,1.038,0.165,9.364,77.533,16.07,27.944,58.161
372.118,298.713,66.378,0.0,583.75,621.021,12.167,62.937,179.511,13.265,0.976,0.007,12.515,103.355,16.462,33.972,60.893
258.39,503.117,126.597,0.0,474.827,945.055,13.275,38.79,176.763,27.783,1.231,0.116,13.301,146.219,8.25,41.136,67.475
592.01,243.762,64.039,0.0,1161.793,0.0,12.493,135.336,322.841,1.35,0.91,0.097,1.827,74.223,0.0,37.915,22.89
395.079,150.714,38.861,0.0,605.206,909.244,12.109,59.692,156.6,11.924,0.146,0.009,0.524,35.679,13.069,26.2,34.084
208.873,1137.196,230.166,0.0,532.026,460.583,15.554,32.557,269.645,79.081,2.95,0.557,27.289,342.189,0.0,70.393,121.55
252.295,123.549,35.516,72.544,733.511,938.745,13.238,44.632,152.078,17.465,0.114,0.31,1.509,42.82,21.335,28.925,31.798
328.513,223.636,31.614,16.787,901.916,520.169,12.513,96.929,217.388,19.845,0.266,0.062,3.724,45.644,20.724,31.471,42.357
476.255,177.606,45.567,0.0,836.158,364.164,11.784,95.641,213.177,1.717,0.887,0.349,6.137,68.84,4.615,26.196,39.202
520.078,126.016,34.258,0.0,622.217,657.571,12.279,81.312,171.038,7.911,0.501,0.371,4.347,49.461,6.918,24.911,33.104
659.834,438.447,124.908,0.0,516.451,208.859,13.864,136.299,286.482,18.802,1.821,1.686,8.934,203.816,0.0,52.542,42.125
486.309,197.131,44.58,0.0,1193.852,57.242,13.057,93.59,243.816,6.327,0.927,0.299,1.893,48.763,8.422,30.235,30.625
558.814,81.145,36.843,0.0,722.59,570.75,12.156,85.054,193.89,0.0,0.483,0.063,0.151,37.67,8.326,22.535,21.483
481.686,165.686,45.907,0.0,725.945,623.885,12.027,78.767,178.013,10.096,0.515,0.122,3.882,45.528,11.057,25.821,32.01
24.721,421.491,84.158,74.621,1273.905,467.435,14.053,45.014,262.332,22.934,0.0,0.0,0.0,0.0,24.623,52.701,46.222
365.638,168.69,30.848,3.081,842.021,721.28,12.611,54.745,151.184,15.395,0.326,0.215,0.244,36.359,20.015,28.142,35.128
257.1,481.793,91.138,0.0,879.569,578.003,14.862,66.08,253.276,45.35,1.044,0.163,9.963,149.717,8.034,51.689,50.277
606.074,234.279,92.41,0.0,589.428,257.167,10.45,169.313,334.509,2.585,0.615,0.144,1.684,87.807,0.247,37.979,30.673
421.91,191.619,29.374,0.0,731.841,625.72,12.918,80.435,170.533,6.32,0.609,0.118,6.2,63.529,9.352,27.334,38.622
478.77,162.486,40.642,0.0,919.497,388.937,12.426,90.894,216.108,5.721,0.581,0.302,2.8,59.84,2.302,29.397,34.007
321.148,343.59,61.663,0.0,1167.353,135.825,13.267,64.672,233.638,12.068,0.979,0.073,4.027,70.323,4.418,30.17,52.906
462.003,213.077,40.776,0.0,1121.489,143.11,12.531,97.486,232.419,9.371,0.755,0.257,3.361,60.867,3.746,35.886,33.491
476.274,193.34,40.488,0.0,1431.291,0.0,12.259,94.176,253.817,0.0,1.118,0.166,1.571,34.62,10.453,27.704,36.384
503.517,117.557,64.957,0.0,282.736,1054.267,11.368,65.471,154.965,0.0,0.0,0.0,0.0,0.0,0.0,23.455,13.815
472.448,128.246,34.446,0.0,706.522,678.278,12.565,71.78,145.994,8.269,0.431,0.524,3.541,48.823,13.178,29.062,34.48
354.368,181.382,36.613,19.024,676.78,805.528,13.532,74.475,168.175,27.882,0.442,0.304,4.837,44.965,14.881,34.799,37.018
417.851,207.136,38.405,0.0,678.555,666.714,14.02,68.12,140.426,27.051,0.565,0.067,7.31,75.053,11.269,35.394,38.011
342.69,347.358,73.532,0.0,678.289,603.691,11.634,116.408,249.033,16.03,0.427,0.166,0.038,64.915,0.0,45.485,35.832
289.108,1018.803,231.123,0.0,779.339,30.436,14.151,48.557,354.134,44.68,2.881,0.34,24.188,294.76,0.0,59.031,116.758
670.152,116.113,47.021,0.0,943.397,105.831,13.68,81.437,220.781,0.0,0.813,0.322,1.039,45.36,0.0,26.588,10.899
405.842,424.228,131.988,3.7,332.45,842.439,13.688,83.419,224.864,3.429,1.491,0.87,16.462,169.859,5.414,48.534,66.321
315.853,337.042,51.213,4.828,733.142,741.201,13.232,61.41,165.529,36.819,0.411,0.144,2.504,75.739,1.596,37.703,47.09
400.297,353.461,60.837,0.0,932.992,237.523,14.085,79.124,247.775,34.085,0.871,0.113,7.117,102.357,0.0,42.747,43.329
436.918,105.541,36.508,0.0,588.383,837.884,12.774,64.769,142.131,11.43,0.34,0.144,2.388,42.61,20.596,26.34,34.785
54.87,328.792,70.03,126.734,844.823,855.967,13.849,45.758,215.621,31.205,0.148,0.176,3.792,62.311,23.656,39.532,51.843
552.911,265.144,64.687,0.0,999.621,108.123,13.906,94.941,249.579,17.816,0.754,0.382,2.876,87.116,0.0,44.638,21.448
453.614,242.763,64.67,0.0,627.856,571.53,13.444,73.837,172.513,23.235,0.915,0.208,10.43,101.574,10.951,30.086,43.263
588.111,275.219,56.553,0.0,860.302,126.17,13.337,107.868,248.507,14.315,1.095,1.031,4.623,112.199,0.0,36.023,26.276
193.298,316.268,89.622,18.322,634.646,815.864,14.689,59.479,195.724,40.296,0.459,0.232,8.613,68.661,32.183,40.421,52.752
0.0,887.994,292.667,0.0,694.8,845.476,7.547,90.421,411.642,0.0,0.0,0.0,0.0,0.0,11.207,51.041,71.826
265.712,164.942,31.857,56.728,723.659,945.654,12.261,52.522,154.968,17.657,0.143,0.245,2.116,28.333,26.929,28.803,33.648
0.0,409.411,80.974,65.345,1076.178,638.629,12.805,34.554,221.8,21.443,0.0,0.0,0.0,0.0,28.144,36.106,48.01
682.496,239.275,93.377,0.0,1092.676,0.0,12.516,138.243,339.427,0.0,1.359,0.048,3.723,83.405,0.0,35.981,15.862
625.522,196.66,77.438,0.0,1230.474,0.0,11.757,152.277,361.588,0.309,1.002,0.181,2.368,65.063,0.015,46.455,15.418
400.883,170.043,24.646,0.0,967.926,520.96,12.897,68.477,189.473,13.664,0.539,0.261,3.137,47.826,8.407,27.639,33.09
274.987,1259.89,249.007,0.0,361.106,387.907,14.329,52.628,277.691,74.945,2.718,0.74,24.758,348.688,0.0,75.116,120.664
350.852,144.234,18.085,29.693,737.093,836.593,13.064,63.521,150.904,16.497,0.22,0.176,1.431,38.711,13.7,26.741,30.472
450.249,257.985,40.486,0.0,1732.308,0.0,12.683,88.998,300.874,0.0,1.355,0.118,2.46,41.775,4.04,31.6,41.095
371.415,201.925,76.068,0.0,515.496,944.43,10.75,61.049,178.558,0.0,0.456,0.36,4.534,82.176,16.032,26.149,41.395
196.176,249.836,34.007,51.829,872.997,952.77,13.976,64.03,197.119,27.318,0.176,0.54,1.946,53.405,18.097,37.257,39.572
391.911,402.424,108.251,0.0,774.396,492.379,11.212,57.865,209.78,8.12,1.086,0.002,12.241,119.769,15.755,27.076,65.569
316.304,1845.04,392.938,0.0,911.342,0.0,17.851,54.795,490.529,109.248,4.373,0.014,27.934,516.316,0.0,125.6,140.839
444.702,376.35,98.949,0.0,471.387,715.732,13.384,102.587,237.721,19.926,1.156,0.8,9.236,152.736,0.0,48.954,44.405
574.643,247.742,60.941,0.0,1467.31,0.0,13.56,85.432,304.982,0.0,1.072,0.528,1.749,59.717,0.0,35.503,18.782
562.742,111.519,31.488,0.0,720.014,473.478,12.312,82.224,190.29,3.706,0.531,0.446,1.455,35.975,11.104,24.383,24.171
34.869,1655.372,333.799,0.0,569.92,220.406,17.005,46.549,391.056,108.608,2.966,0.498,20.876,375.583,0.0,102.478,145.845
453.282,425.065,130.461,0.0,381.121,601.573,12.912,87.775,226.246,21.454,1.486,0.285,16.005,188.03,0.0,43.325,52.47
554.075,312.042,149.65,0.0,281.007,626.113,10.553,119.254,237.763,0.0,0.964,0.115,9.468,131.624,0.0,35.991,42.09
487.893,401.412,102.603,0.0,454.874,536.061,12.382,73.225,200.875,16.98,1.436,0.536,16.886,180.129,0.0,39.905,56.729
491.043,139.8,48.119,0.0,637.368,610.268,12.245,94.317,180.073,0.046,0.734,0.383,6.585,70.515,10.415,29.464,36.728
504.496,114.339,34.961,0.0,495.303,833.206,13.503,71.864,132.073,9.872,0.245,0.107,0.811,33.554,10.052,27.36,24.734
411.418,192.095,22.462,0.0,1016.696,416.263,12.808,77.569,184.086,14.775,0.58,0.454,2.372,34.457,16.294,28.42,41.165
435.594,183.606,33.016,0.0,1277.734,121.715,12.863,80.523,247.304,4.614,0.807,0.211,0.613,29.408,7.657,27.151,30.353
496.428,242.277,30.544,0.0,651.451,517.647,12.773,73.838,184.701,23.861,0.68,0.354,4.809,83.184,0.0,33.723,28.281
357.602,165.308,25.716,12.995,769.447,718.126,12.552,70.471,162.648,14.515,0.33,0.056,2.247,32.414,22.448,29.0,35.95
302.244,186.425,35.051,54.195,966.501,545.414,14.322,64.244,167.678,25.799,0.265,0.14,3.973,40.878,24.256,33.435,34.139
359.022,153.459,65.293,0.0,448.945,1040.686,11.281,51.662,164.405,0.0,0.0,0.0,0.0,0.0,11.953,27.529,23.713
343.872,203.067,22.056,0.0,1171.185,361.918,12.668,59.464,194.44,7.749,0.436,0.169,2.268,33.303,16.251,32.703,35.533
129.583,223.174,56.354,95.393,867.874,834.273,13.536,26.491,162.097,33.261,0.0,0.0,0.0,0.0,31.534,31.097,39.429
597.286,126.929,68.771,0.0,273.385,747.502,11.351,98.497,215.805,0.0,0.607,0.454,6.127,95.222,3.993,24.366,23.797
427.414,153.832,31.372,0.0,534.948,838.717,13.425,66.01,134.427,13.139,0.208,0.017,1.069,35.315,8.65,27.422,30.486
380.779,303.021,100.953,0.0,601.535,730.707,9.246,77.087,209.97,0.0,0.523,0.265,4.793,91.729,11.205,22.836,48.78
388.731,206.331,35.779,0.0,1130.404,257.774,12.422,78.435,195.554,4.174,0.736,0.053,3.871,44.778,14.934,26.92,43.092
310.758,340.785,68.151,24.441,678.68,727.376,13.712,87.873,208.359,23.945,0.833,0.629,4.387,98.599,0.0,34.593,42.695
450.736,290.0,71.538,0.0,707.802,419.412,11.777,117.504,251.012,13.651,0.901,0.17,5.832,85.557,6.141,31.767,52.502
152.032,697.117,114.866,0.0,822.355,538.694,13.993,47.286,237.873,57.201,1.218,0.005,9.452,150.142,4.529,44.526,88.14
639.391,192.289,74.974,0.0,803.002,32.812,11.877,140.231,275.406,0.0,0.866,0.446,1.854,105.059,0.0,41.713,17.717
634.267,143.262,63.91,0.0,563.828,294.841,11.219,144.249,242.723,4.997,0.75,0.558,3.271,67.429,0.0,28.06,22.724
349.591,437.57,135.067,0.0,339.751,956.681,12.55,62.458,235.404,13.143,1.111,0.224,7.096,132.335,0.0,39.489,50.312
702.48,128.697,100.323,0.0,907.957,0.0,8.93,156.732,349.466,0.0,0.882,0.039,1.588,54.268,0.526,26.584,15.857
387.076,258.506,45.105,0.0,552.676,783.374,12.951,67.191,145.454,23.5,0.532,0.16,5.914,83.505,9.69,28.629,49.356
282.278,146.247,37.675,49.462,688.005,948.998,12.552,44.981,156.691,13.961,0.171,0.266,2.072,37.701,23.113,27.933,31.032
603.592,193.585,69.371,0.0,873.435,44.159,11.018,140.368,303.679,0.0,0.941,0.13,2.269,72.663,2.643,30.216,31.065
528.937,232.929,66.47,0.0,841.12,250.576,10.144,112.683,252.441,0.0,0.824,0.065,3.465,66.08,10.36,24.284,38.82
617.414,320.625,126.9,0.0,253.623,513.594,9.503,141.157,277.6,0.0,0.744,0.177,6.64,123.108,0.0,32.195,31.242
39.413,413.16,61.927,135.605,945.385,900.201,16.303,59.374,248.151,76.258,0.135,0.581,0.625,84.218,7.92,53.136,38.696
516.45,329.265,122.773,0.0,464.809,588.178,10.739,94.836,266.311,0.0,1.049,0.522,12.597,132.858,15.232,31.469,57.151
383.692,157.797,43.791,0.0,588.953,946.103,11.737,61.555,162.531,1.903,0.122,0.015,0.75,35.167,10.765,26.023,30.555
416.189,225.533,44.771,0.0,571.768,713.51,12.62,70.159,155.654,1.545,0.685,0.046,7.865,81.139,7.031,30.369,43.725
380.686,146.751,29.93,0.0,880.003,657.353,12.738,76.12,170.91,11.343,0.451,0.012,2.159,45.446,12.337,23.453,35.639
341.746,431.095,94.824,0.0,589.038,851.49,13.628,56.917,191.198,13.936,1.043,0.548,10.042,129.802,3.798,43.946,56.691
189.635,317.454,54.83,55.145,634.203,1042.809,15.169,56.573,193.271,30.687,0.549,0.535,2.766,85.801,1.33,46.016,35.93
618.787,203.236,55.741,0.0,812.686,175.518,13.661,89.054,252.631,0.0,1.15,0.621,9.223,134.821,0.0,33.848,18.129
421.841,218.007,43.287,0.0,1032.721,297.466,13.113,62.989,183.764,10.578,0.78,0.308,4.533,60.704,8.88,33.334,36.977
743.731,257.507,101.117,0.0,941.416,0.0,12.845,105.84,359.659,0.0,2.184,1.129,15.939,168.269,0.0,37.109,22.116
478.458,128.798,30.552,0.0,1044.632,339.057,12.227,81.932,212.771,0.0,0.615,0.119,1.011,26.694,10.037,24.85,33.974
0.0,473.075,88.302,154.533,1003.085,796.798,15.364,39.391,236.698,50.335,0.0,0.0,0.0,0.0,31.831,47.952,49.554
249.042,343.731,54.334,38.34,736.597,888.902,13.374,64.744,181.164,36.605,0.632,0.234,3.953,77.379,4.475,32.508,47.4
525.02,255.756,66.329,0.0,662.839,338.852,11.041,99.322,259.084,0.0,1.102,0.686,10.346,118.225,5.129,27.413,39.678
518.992,681.787,162.845,0.0,1406.435,0.0,12.358,94.423,345.444,20.664,2.278,0.021,10.203,146.475,0.0,44.007,80.354
640.17,240.743,63.178,0.0,2353.338,0.0,12.69,104.313,411.025,0.0,1.956,0.104,1.139,41.946,0.0,33.832,19.11
474.543,194.784,38.723,0.0,1316.871,0.0,12.853,81.373,234.291,9.214,0.954,0.175,2.822,31.735,12.323,27.295,35.01
471.681,148.627,30.997,0.0,1099.51,279.735,12.587,88.585,209.881,3.662,0.645,0.223,1.435,27.45,13.109,25.059,33.047
783.749,127.788,71.501,0.0,912.944,0.0,12.178,118.243,329.407,0.0,1.543,1.127,7.235,104.93,0.0,28.303,12.432
520.807,160.635,25.59,0.0,616.899,646.363,12.779,77.394,162.948,0.0,0.527,0.611,3.516,50.676,11.457,27.996,32.283
510.183,199.047,53.672,0.0,1353.59,0.0,12.716,82.559,262.705,0.0,1.049,0.106,3.842,59.752,3.291,32.196,29.801
405.485,170.342,31.591,0.0,954.179,406.683,12.369,78.88,199.162,9.415,0.635,0.057,2.677,35.793,19.944,27.602,41.734
511.376,232.831,58.353,0.0,1201.895,0.0,12.256,103.281,278.611,0.0,1.195,0.124,4.742,64.628,6.824,27.084,35.705
575.16,165.525,46.852,0.0,1296.481,0.0,12.647,91.86,287.535,0.0,1.1,0.302,0.788,41.722,3.206,25.033,23.895
470.955,179.522,39.171,0.0,529.641,783.884,12.363,67.819,155.62,0.264,0.384,0.125,5.2,56.467,5.705,27.141,31.774
620.302,298.872,104.992,0.0,209.649,574.357,11.515,103.443,267.99,0.0,1.566,1.922,18.74,214.382,0.0,39.306,42.333
783.567,208.364,150.1,0.0,0.0,298.605,13.071,153.645,286.751,2.066,1.366,1.159,11.793,190.35,0.0,48.149,25.563
447.277,188.768,24.189,0.0,1209.664,147.786,12.544,85.395,230.414,1.47,0.879,0.143,2.531,35.139,16.132,26.856,38.945
370.173,155.732,39.093,4.033,589.501,886.693,12.311,58.656,145.322,8.712,0.146,0.133,1.093,40.319,13.509,26.46,32.489
0.0,557.168,152.847,0.0,909.881,668.116,10.834,32.821,179.524,2.837,0.0,0.0,0.0,0.0,16.286,38.776,62.838
558.789,805.897,195.719,0.0,1480.629,0.0,13.816,96.474,449.054,24.344,2.68,0.007,11.58,211.19,0.0,60.872,67.063
814.967,148.301,106.303,0.0,338.1,75.719,10.938,155.07,311.441,0.0,1.188,1.085,8.358,148.989,0.0,31.818,20.168
37.427,432.071,77.096,72.576,969.526,798.242,14.269,66.455,242.266,42.025,0.279,0.119,0.863,74.818,10.229,46.472,42.372
505.303,427.492,103.235,0.0,428.559,661.597,12.913,61.745,232.728,16.33,1.508,1.454,16.359,189.682,0.0,41.761,50.542
560.689,140.207,36.05,0.0,1269.996,0.0,12.856,84.674,248.12,0.0,0.877,0.246,2.255,39.817,7.263,26.698,26.86
670.307,187.985,93.513,0.0,291.308,477.92,9.578,136.413,240.914,0.0,0.588,0.021,2.855,86.168,0.0,24.969,17.887
369.422,153.595,30.929,17.203,731.963,754.497,14.066,63.04,146.506,25.572,0.255,0.021,3.203,42.753,22.025,30.314,33.158
476.34,252.4,75.97,0.0,497.312,679.796,12.533,86.56,192.326,13.359,0.859,0.706,8.911,117.428,0.0,35.479,41.445
409.482,219.598,26.254,0.0,1424.499,0.0,13.098,80.626,246.336,3.677,0.887,0.152,2.063,33.39,13.354,33.549,35.544
464.385,180.988,45.32,0.0,696.888,558.825,12.02,89.799,208.482,0.0,0.752,0.571,8.12,78.804,16.783,26.679,39.794
146.038,255.24,48.642,77.534,1083.922,544.964,13.368,43.982,180.41,27.035,0.0,0.0,0.0,0.0,30.896,35.427,42.238
718.006,218.712,96.251,0.0,610.482,34.799,13.387,118.378,316.211,0.0,1.521,1.315,11.756,172.512,0.0,35.818,19.249
466.347,261.375,70.772,0.0,630.105,460.681,12.687,79.361,176.196,11.08,0.946,0.13,9.492,91.495,6.325,29.593,52.331
455.893,222.49,58.517,0.0,1400.784,0.0,10.791,96.304,295.303,0.0,1.025,0.017,2.326,36.474,13.443,28.003,39.774
470.3,1605.183,375.068,0.0,824.394,0.0,16.073,152.246,577.383,88.609,3.63,0.684,16.472,392.272,0.0,112.152,117.429
119.14,357.228,77.108,30.886,1020.21,619.822,11.972,50.208,192.054,10.807,0.0,0.0,0.0,0.0,32.107,34.222,56.023
543.271,170.754,60.05,0.0,498.586,557.062,12.439,89.322,197.23,0.0,0.923,0.742,7.042,104.319,0.0,29.362,32.704
273.261,448.986,111.959,0.0,609.133,765.801,12.254,69.124,205.23,12.416,0.849,0.684,8.109,105.654,6.499,36.633,58.809
413.05,166.465,27.589,0.0,1119.671,323.503,12.372,84.048,208.736,8.77,0.571,0.058,3.194,30.523,12.955,28.233,34.247
505.349,132.265,33.251,0.0,881.043,470.853,12.554,78.746,191.578,8.634,0.496,0.217,0.107,31.695,10.276,25.166,23.556
501.604,126.924,29.758,0.0,702.433,650.484,13.849,71.835,155.804,12.521,0.326,0.094,1.629,37.628,11.06,26.801,25.833
413.486,154.934,30.378,0.0,503.15,964.439,12.731,51.624,139.379,8.616,0.139,0.044,0.23,33.194,6.663,26.188,31.312
469.279,224.232,50.198,0.0,702.857,505.13,13.3,70.354,179.417,12.669,0.878,0.201,9.854,76.977,17.494,29.734,40.033
381.296,120.137,24.834,43.834,766.348,759.836,13.72,49.936,139.676,18.791,0.22,0.258,2.227,47.94,17.694,29.876,32.346
569.177,237.593,54.425,0.0,1804.324,0.0,13.472,74.807,344.759,0.0,1.567,0.184,2.832,57.418,0.0,32.281,19.84
437.22,215.784,40.178,0.0,801.432,549.33,13.085,79.812,181.788,9.429,0.727,0.184,4.58,59.85,8.217,26.679,36.346
451.424,181.554,55.881,1.03,465.445,734.2,11.734,87.042,172.351,0.917,0.635,0.588,8.685,75.628,10.627,25.589,35.643
408.401,111.031,36.918,0.0,524.107,1069.194,12.258,46.008,125.183,8.006,0.0,0.0,0.0,0.0,13.306,24.515,26.706
459.851,319.786,104.095,0.0,423.585,663.291,12.431,103.843,241.751,0.009,1.079,1.216,10.502,144.52,0.0,45.823,42.688
374.241,263.277,54.508,0.0,656.109,729.582,11.889,60.492,178.835,5.607,0.705,0.191,6.497,78.079,4.951,24.121,50.592
549.339,264.812,124.453,0.0,258.999,586.74,9.8,131.48,262.262,0.0,0.624,0.286,4.712,79.484,0.0,29.336,32.556
562.557,362.883,97.12,0.0,498.468,260.254,12.498,77.629,216.701,14.15,1.823,1.032,15.279,187.305,0.0,36.114,49.695
219.585,370.593,61.04,0.0,734.422,1002.487,13.855,51.085,174.796,21.846,0.581,0.374,1.112,91.495,0.0,45.338,43.507
877.032,111.936,113.601,0.0,0.0,305.439,10.615,143.577,286.114,0.0,1.317,1.471,12.208,171.45,0.0,27.585,15.387
404.203,146.073,27.983,0.0,726.544,682.832,13.119,68.428,156.96,15.606,0.443,0.156,3.56,44.706,14.944,27.74,39.371
237.533,466.849,108.014,0.0,843.467,599.254,11.806,85.221,263.428,0.702,0.694,0.111,4.362,75.143,7.903,36.07,54.676
321.812,182.893,23.318,0.0,898.346,739.94,12.391,68.466,173.769,8.518,0.321,0.188,1.689,33.916,14.575,27.197,39.929
391.436,269.533,56.05,0.0,688.078,633.923,9.993,78.952,209.547,0.0,0.777,0.66,5.971,88.916,6.616,27.031,46.429
381.386,377.438,74.822,0.0,617.974,652.196,12.299,70.966,173.179,22.508,1.013,0.027,9.759,122.416,3.735,33.349,58.945
404.161,371.249,102.776,0.0,423.926,803.614,13.204,68.414,176.173,0.163,1.086,0.975,8.765,137.372,0.0,41.103,52.537
180.172,328.171,65.081,59.608,757.257,915.091,13.938,38.242,153.039,31.739,0.361,0.124,2.62,70.214,18.72,33.925,55.544
854.578,202.181,103.375,0.0,1220.112,0.0,11.32,168.376,413.376,0.0,1.524,0.287,0.305,82.461,0.0,34.981,7.726
404.087,336.298,58.353,0.0,1490.218,0.0,12.175,67.551,258.608,8.665,1.236,0.026,2.943,52.16,8.262,30.948,50.875
391.467,527.26,127.652,0.0,360.137,769.687,13.292,78.6,220.722,18.55,1.196,0.676,6.837,146.7,0.0,52.45,48.085
391.994,353.912,65.914,0.0,863.423,441.977,12.02,78.444,238.484,15.263,1.305,0.089,9.947,110.835,6.924,31.773,55.934
348.768,235.444,42.066,38.196,599.841,900.729,13.15,52.811,142.512,21.694,0.387,0.219,1.721,54.649,6.854,31.399,38.714
420.67,219.497,46.906,0.0,1325.554,72.574,13.06,83.72,250.596,0.0,0.92,0.025,3.254,51.197,10.829,29.648,41.924
370.11,151.948,25.149,29.478,712.535,754.532,13.758,61.774,153.401,29.03,0.36,0.395,3.446,55.512,14.277,31.516,35.262
495.2,161.242,52.639,0.0,722.245,528.592,13.254,92.249,196.836,8.478,0.869,0.21,7.85,85.84,11.306,30.568,33.581
378.011,843.432,213.841,0.0,676.977,93.983,12.525,53.162,283.14,33.557,2.613,0.427,23.987,239.979,0.0,49.371,115.349
429.941,157.701,27.662,0.0,1259.138,145.782,12.531,76.266,221.453,2.308,0.721,0.158,2.41,29.475,13.185,28.472,36.062
427.282,132.151,31.969,0.0,791.512,701.18,12.61,63.902,162.466,7.605,0.345,0.015,0.164,34.339,14.457,25.754,34.283
395.171,385.4,115.255,0.0,400.403,896.111,13.041,44.476,174.891,16.203,1.318,0.374,12.464,148.38,5.906,39.884,64.505
350.166,181.274,26.689,0.07,786.456,760.154,12.405,68.546,155.203,14.961,0.368,0.047,1.783,40.599,18.21,26.896,41.02
306.04,290.887,39.723,13.848,980.337,604.2,13.807,70.745,179.738,25.858,0.432,0.168,2.671,55.35,8.998,39.89,40.938
792.617,177.291,94.315,0.0,995.037,0.0,11.31,177.87,410.448,0.0,1.247,0.685,1.532,99.954,0.0,33.588,11.592
605.938,143.325,64.823,0.0,319.562,583.171,11.833,89.798,212.526,0.0,0.985,0.754,10.184,115.558,0.1,30.406,31.373
316.27,159.571,19.296,61.88,736.723,855.367,13.691,47.323,144.442,19.756,0.132,0.148,2.112,45.719,21.787,27.259,34.964
476.516,148.585,42.124,0.0,652.888,699.868,11.767,70.81,170.546,0.0,0.524,0.246,4.653,57.493,12.997,25.354,31.206
0.0,451.503,97.49,151.467,985.047,826.749,14.249,60.81,294.371,38.223,0.0,0.0,0.0,0.0,27.216,54.231,50.081
326.307,142.898,31.756,29.153,700.29,899.75,12.961,41.669,136.709,19.9,0.132,0.204,1.88,44.505,14.889,27.747,33.433
508.465,961.278,257.524,0.0,665.83,0.0,11.71,79.233,335.348,13.327,3.163,0.528,25.998,300.192,0.0,47.832,111.609
242.939,298.948,71.751,35.904,742.201,905.084,12.876,59.521,172.843,22.231,0.623,0.299,9.067,78.53,24.735,32.717,53.58
686.057,155.248,73.269,0.0,996.327,0.0,10.798,130.042,338.092,0.0,1.29,0.499,4.512,73.78,2.577,24.064,27.813
429.393,293.2,66.422,0.0,626.245,595.245,12.667,67.386,172.474,17.297,1.004,0.118,13.629,115.025,2.635,36.189,46.15
409.904,154.206,22.748,0.0,854.503,614.532,12.751,80.08,196.615,15.604,0.479,0.443,2.01,39.572,17.046,26.623,37.059
416.325,145.081,59.69,0.0,471.283,995.051,11.0,65.966,170.912,0.0,0.0,0.0,0.0,0.0,13.285,21.688,23.869
469.75,248.874,46.23,0.0,1797.153,0.0,13.043,91.952,323.577,0.0,1.216,0.043,3.59,46.723,3.45,39.231,27.134
422.172,260.4,62.242,0.0,672.749,522.411,13.347,76.481,218.948,7.46,1.109,0.144,13.56,118.62,5.406,34.274,47.977
244.013,489.282,111.62,0.0,517.498,854.653,15.379,34.502,140.163,56.196,1.007,0.08,9.227,130.761,11.304,50.954,67.914
388.769,402.021,77.631,0.0,784.157,445.428,13.844,61.287,189.609,28.206,1.2,0.095,10.565,119.916,3.87,36.874,52.135
62.025,436.87,78.622,55.192,1225.311,339.388,14.645,56.574,270.693,43.686,0.0,0.0,0.0,0.0,18.123,55.847,43.112
282.157,140.919,21.516,49.917,803.126,814.273,12.715,68.46,164.034,18.989,0.258,0.393,2.511,40.533,22.631,29.801,37.501
504.073,130.49,61.729,0.0,467.363,725.428,11.459,76.557,166.901,0.0,0.441,0.302,2.929,49.612,7.09,27.104,27.805
390.722,265.332,42.999,0.0,1011.353,309.721,12.126,72.047,223.025,11.51,0.723,0.128,3.391,51.246,10.293,35.108,45.352
357.953,374.45,60.582,0.0,852.864,482.891,13.856,60.347,191.548,35.759,0.96,0.149,7.066,97.387,5.211,36.477,52.672
348.695,253.071,81.509,0.0,492.306,916.986,12.387,49.891,133.658,4.236,0.577,0.01,7.362,84.436,18.195,30.918,48.31
301.205,190.123,34.87,21.601,857.941,729.438,12.529,69.454,158.292,29.018,0.305,0.133,2.612,42.743,14.69,29.302,40.151
537.416,221.025,85.221,0.0,759.932,309.913,10.689,148.09,275.632,0.0,0.363,0.018,0.996,38.202,1.87,36.201,22.072
350.818,133.277,34.692,11.227,712.36,870.679,13.155,45.363,137.895,19.317,0.242,0.035,0.805,39.56,19.656,29.229,34.845
358.615,127.383,25.03,45.262,691.844,879.306,13.718,45.085,127.693,25.081,0.07,0.169,1.618,40.325,19.584,27.378,31.019
387.091,147.205,25.822,12.82,734.28,728.163,13.71,58.166,125.264,22.888,0.221,0.003,2.707,36.88,21.441,28.537,34.55
432.111,147.047,32.659,0.0,775.099,675.983,12.561,73.696,172.04,0.646,0.237,0.073,0.698,34.928,9.176,25.548,29.384
427.032,225.438,35.021,0.0,1422.21,0.0,12.574,72.251,266.074,0.0,1.066,0.06,2.271,34.434,13.221,30.488,38.697
278.012,221.467,37.44,42.727,747.799,840.523,12.641,68.373,188.033,27.956,0.395,0.232,3.112,47.989,8.873,28.144,40.855
419.813,257.288,39.563,0.0,765.354,632.46,14.345,62.643,160.118,32.773,0.676,0.307,5.961,82.976,0.0,38.512,31.979
468.743,480.909,120.142,0.0,783.763,95.056,12.662,125.583,298.83,30.952,1.488,0.298,9.546,140.199,0.0,43.669,67.107
154.826,225.627,50.947,143.92,893.508,770.034,14.792,85.077,194.168,55.454,0.127,0.219,2.252,49.246,24.903,33.078,34.938
254.511,346.032,64.957,29.236,631.103,757.965,14.138,64.643,182.617,25.364,0.725,0.009,8.11,111.293,11.662,41.107,51.948
552.3,154.942,45.954,0.0,654.922,692.673,13.92,65.492,171.029,17.62,0.448,0.197,1.109,52.613,2.825,33.637,20.839
448.513,223.252,44.317,0.0,1496.463,0.0,13.133,70.637,267.723,0.0,1.08,0.314,2.818,41.384,10.711,28.476,34.978
375.986,1503.669,383.177,0.0,40.446,213.401,14.345,114.664,459.747,58.239,3.549,0.533,27.214,448.177,0.0,95.35,129.688
421.253,275.751,59.756,0.0,865.922,437.023,13.695,60.324,180.592,21.442,0.875,0.055,7.774,85.558,2.814,38.95,38.871
384.571,437.531,87.932,0.0,620.547,578.912,12.413,52.895,179.561,21.05,1.087,0.268,13.023,129.161,7.636,34.273,66.4
125.842,340.702,63.227,83.433,922.036,596.621,13.717,37.152,172.902,37.242,0.0,0.0,0.0,0.0,27.962,34.341,54.134
367.788,173.089,24.349,0.0,848.113,679.55,12.574,61.308,168.079,7.741,0.252,0.066,2.054,39.694,11.909,27.277,31.383
398.702,254.299,55.73,0.0,677.568,549.403,12.671,62.267,183.204,11.599,1.041,0.338,13.311,101.686,13.663,29.693,51.577
148.322,1016.987,200.025,0.0,700.014,409.451,15.439,75.579,318.669,85.648,2.058,0.508,12.26,262.315,0.0,67.813,107.655
587.773,121.137,65.811,0.0,130.404,758.694,11.566,99.784,203.41,0.0,0.451,0.434,3.071,80.801,0.0,24.834,21.205
522.838,96.414,33.913,0.0,527.006,739.336,12.681,74.973,153.74,12.222,0.349,0.153,1.434,36.094,11.663,23.618,25.212
431.491,225.143,41.541,0.0,1356.933,0.0,13.22,85.496,263.975,3.927,1.063,0.055,2.729,51.934,3.227,32.65,34.241
199.361,336.445,62.182,37.776,732.446,965.473,13.016,54.009,179.473,17.966,0.328,0.178,1.276,72.062,11.427,29.293,48.387
500.327,221.873,60.871,0.0,1532.199,0.0,13.236,83.996,298.365,0.0,1.398,0.051,3.596,50.185,4.286,27.346,36.26
325.852,164.406,30.743,20.2,848.282,769.983,12.865,55.535,159.198,18.171,0.199,0.001,1.478,41.369,18.016,27.976,38.239
564.067,144.986,46.824,0.0,941.257,244.719,13.138,95.151,231.884,0.0,0.688,0.196,0.739,42.605,7.299,25.376,22.236
395.791,303.115,68.653,0.0,936.662,296.117,13.437,66.718,220.459,18.608,1.134,0.074,8.395,106.947,1.133,33.826,43.222
280.813,363.306,55.543,0.0,994.47,446.637,11.979,57.862,184.761,28.039,0.74,0.117,5.208,66.876,14.22,28.987,68.638
169.605,435.78,132.546,37.849,614.831,924.351,12.853,54.642,245.353,11.213,0.65,0.248,5.176,106.043,14.646,46.328,47.717
339.6,168.426,21.203,1.498,789.024,842.203,13.021,57.653,143.149,19.136,0.186,0.054,2.098,41.752,17.128,26.388,38.523
569.249,267.551,70.545,0.0,495.149,365.287,11.516,102.623,220.007,0.0,1.213,1.17,10.57,136.798,0.0,28.813,41.804
394.615,278.289,62.689,0.0,751.233,523.732,11.714,75.504,187.303,6.349,0.865,0.262,9.133,76.902,19.155,29.88,62.329
268.727,379.358,68.52,0.0,722.319,755.412,13.742,59.977,172.17,20.584,0.809,0.14,7.612,104.998,11.915,43.564,55.335
0.0,1980.155,411.505,0.0,662.62,992.775,22.39,23.233,508.584,150.095,3.075,0.02,23.48,467.243,0.0,139.497,141.718
335.898,354.812,43.35,0.0,1001.631,422.816,13.194,77.95,237.26,28.976,0.554,0.269,3.5,80.657,0.0,43.136,39.827
519.286,293.989,82.709,0.0,634.85,401.976,13.946,69.172,241.532,13.244,1.352,1.068,12.949,152.817,0.0,45.86,33.359
490.958,187.927,52.776,0.0,586.146,650.271,11.526,119.098,237.694,0.0,0.562,0.377,0.929,47.446,7.412,24.657,32.041
485.892,539.695,127.971,0.0,294.41,502.894,12.039,52.585,222.803,10.414,2.156,1.137,22.537,230.176,0.0,37.473,78.059
510.27,149.895,51.638,0.0,418.022,743.274,11.773,83.234,172.103,0.0,0.598,0.57,7.162,93.535,11.702,26.292,32.415
422.92,235.565,45.713,0.0,548.293,779.756,13.228,66.126,153.778,2.866,0.792,0.672,9.749,104.14,14.095,31.51,47.415
344.679,1112.443,327.109,0.0,303.968,271.381,11.701,108.842,364.575,34.305,2.21,0.25,18.96,293.184,0.0,71.786,121.859
444.037,405.553,124.343,0.0,301.107,830.241,11.816,62.5,179.899,0.292,1.518,0.61,17.08,173.36,2.885,35.036,64.811
521.172,396.822,108.022,0.0,1267.87,0.0,11.571,89.811,301.347,0.0,1.866,0.436,10.04,127.865,0.0,30.852,58.588
548.472,329.569,127.637,0.0,405.058,488.551,12.807,119.662,262.807,0.0,1.541,0.755,15.478,175.832,0.0,39.628,47.458
160.953,487.549,61.499,0.0,937.915,758.88,13.912,41.483,217.922,44.737,0.707,0.303,3.8,109.891,5.244,50.872,55.68
455.046,184.525,38.002,0.0,1200.391,76.305,12.602,84.943,236.838,0.0,0.954,0.141,4.918,44.211,10.562,28.404,36.355
383.088,160.452,56.026,0.0,502.668,981.149,11.509,65.382,177.508,0.0,0.105,0.081,0.967,42.04,9.508,25.9,33.801
221.229,365.305,85.69,65.899,679.551,957.202,12.839,45.443,149.401,8.008,0.545,0.138,5.105,86.892,21.748,32.45,60.553
392.982,222.189,84.799,0.0,427.758,808.963,9.6,62.998,167.768,0.0,0.304,0.207,2.695,56.39,3.395,24.125,33.943
319.091,126.317,19.856,57.909,710.394,813.273,14.139,60.365,130.727,28.546,0.209,0.303,1.482,38.08,21.852,30.04,33.231
640.527,106.726,48.317,0.0,560.147,493.539,11.993,103.012,202.51,0.0,0.544,0.68,1.529,51.132,3.095,24.66,25.673
354.026,149.294,31.973,5.578,655.862,930.252,12.947,63.635,139.53,13.311,0.171,0.125,0.645,42.773,9.63,27.598,31.244
0.0,246.233,42.563,172.308,954.044,846.311,14.103,57.764,244.081,27.06,0.0,0.0,0.0,0.0,29.523,37.832,35.808
517.405,276.223,62.441,0.0,965.434,93.925,12.951,81.211,251.485,5.954,1.234,0.533,9.561,102.315,3.405,32.728,37.137
575.52,108.825,46.263,0.0,544.516,548.393,11.956,100.0,199.494,1.82,0.487,0.359,1.403,46.613,13.198,25.31,23.564
546.26,145.851,37.589,0.0,1191.136,37.018,13.051,85.282,264.543,0.0,0.84,0.277,1.192,44.639,0.374,32.391,19.623
438.797,157.136,26.816,0.0,698.273,731.41,13.517,59.896,153.408,18.334,0.189,0.008,0.657,28.319,11.038,27.262,28.567
259.761,189.558,38.606,59.694,742.785,920.982,13.545,58.967,161.209,22.152,0.294,0.194,1.452,37.086,17.429,28.859,32.883
589.453,468.455,134.821,0.0,1448.087,0.0,10.489,108.035,380.35,0.0,1.902,0.35,8.687,112.688,0.0,31.313,63.969
583.838,153.485,126.342,0.0,135.692,702.33,8.178,140.328,286.594,0.0,0.0,0.0,0.0,0.0,0.0,27.448,5.789
43.154,414.209,118.015,13.96,937.926,795.691,10.31,49.808,213.281,0.0,0.0,0.0,0.0,0.0,21.945,31.626,55.356
527.73,123.906,32.428,0.0,406.986,797.002,13.092,78.935,153.365,0.257,0.346,0.428,4.097,62.134,11.043,27.49,27.219
952.404,210.237,183.96,0.0,243.197,0.0,6.357,259.388,466.224,0.0,0.988,0.043,1.362,94.335,0.0,26.487,11.467
22.924,430.258,72.098,140.669,931.96,931.843,15.16,60.46,222.979,63.786,0.533,0.084,2.763,74.296,18.258,42.694,49.143
83.863,370.338,48.175,98.31,1072.126,576.758,13.535,66.526,230.222,36.948,0.0,0.0,0.0,0.0,23.265,42.459,52.82
492.568,239.665,58.487,0.0,1433.344,0.0,12.059,89.93,314.192,0.0,1.282,0.121,4.871,63.351,7.649,27.688,36.431
500.101,105.558,35.136,0.0,634.824,738.319,13.825,59.323,131.074,9.467,0.242,0.021,0.286,32.329,11.273,26.91,25.08
720.788,117.166,101.974,0.0,407.965,289.119,9.383,161.812,293.772,0.0,0.757,0.278,1.459,66.886,0.059,22.692,13.493
665.36,184.771,88.207,0.0,246.112,565.174,12.337,90.888,213.895,0.0,1.266,0.932,14.462,149.565,0.0,28.078,42.009
482.139,113.772,47.601,0.0,343.263,1063.256,12.499,63.741,148.709,0.0,0.0,0.0,0.0,0.0,0.0,24.649,17.851
278.633,146.301,14.74,72.354,729.809,862.076,14.077,49.115,142.331,31.6,0.064,0.355,1.621,42.086,26.099,29.676,30.596
444.033,195.803,57.44,0.0,520.523,672.967,10.484,88.904,198.648,0.0,0.52,0.507,4.127,63.29,6.793,27.011,35.501
518.219,227.562,89.721,0.0,292.345,805.887,12.066,87.946,174.64,0.0,0.863,0.079,8.833,122.845,3.232,28.369,42.183
477.477,236.057,53.933,0.0,1379.081,0.0,11.661,95.052,272.785,0.0,1.077,0.26,3.868,48.768,11.055,27.051,39.006
442.611,138.345,49.269,0.0,434.252,912.661,11.895,65.923,143.683,0.0,0.187,0.318,0.822,38.022,3.99,25.951,26.613
300.981,155.641,26.576,4.28,736.714,877.211,12.759,52.85,142.777,14.451,0.215,0.037,0.33,35.913,20.73,27.721,34.819
279.026,300.814,55.679,16.625,657.212,900.439,12.986,61.514,168.823,22.421,0.465,0.242,2.409,78.486,3.647,35.147,44.433
473.963,146.722,34.023,0.0,743.652,496.141,12.606,86.873,186.003,4.002,0.668,0.357,4.997,69.521,10.734,25.829,34.575
0.0,410.119,106.25,89.898,836.282,962.588,11.341,42.544,239.373,7.822,0.0,0.0,0.0,0.0,17.0,35.479,45.741
0.0,484.43,131.473,43.989,992.941,741.376,13.08,37.327,261.402,10.447,0.0,0.0,0.0,0.0,19.242,51.869,47.253
567.845,95.573,23.985,0.0,804.737,397.215,13.223,78.073,182.364,10.236,0.43,0.28,0.514,32.526,11.182,26.476,20.973
516.22,381.443,100.399,0.0,300.43,593.979,12.842,54.505,188.477,3.204,1.754,1.284,20.6,203.488,0.0,42.722,53.239
274.992,1298.601,274.692,0.0,440.378,217.038,14.771,70.244,340.432,81.726,2.928,0.199,20.852,352.504,0.0,80.038,127.015
290.128,485.183,70.954,0.0,1023.217,363.808,13.533,49.03,224.097,29.041,1.287,0.024,9.119,107.891,4.807,40.419,60.807
671.49,241.487,82.644,0.0,156.261,509.185,12.196,91.854,229.49,0.0,1.488,1.535,16.463,178.931,0.0,36.56,34.636
610.463,174.945,55.851,0.0,1455.249,0.0,13.595,75.326,297.183,0.0,1.12,0.561,0.089,48.287,1.004,30.184,17.499
614.05,172.331,57.325,0.0,1066.444,0.0,11.335,107.979,283.545,0.0,1.291,0.835,4.96,67.418,3.125,24.675,31.995
447.22,135.205,27.052,0.0,775.316,597.363,12.536,70.441,163.105,4.712,0.547,0.286,3.254,41.837,13.585,26.041,32.877
0.0,1735.737,411.385,14.652,638.47,785.282,18.511,113.31,618.986,82.632,1.992,0.82,5.808,349.438,0.0,130.0,118.596
396.75,186.399,26.055,0.0,1221.514,272.948,13.364,64.279,219.684,8.066,0.611,0.061,2.039,38.963,14.481,28.149,37.099
351.02,382.19,75.475,0.0,669.418,571.922,14.797,87.317,252.944,36.305,1.142,1.349,8.104,151.413,1.036,54.58,42.924
350.658,374.805,55.511,0.0,823.519,597.554,13.605,62.858,181.448,33.71,0.86,0.128,7.898,108.643,0.0,43.547,44.635
343.257,161.959,21.994,27.93,765.585,816.547,13.409,71.415,163.16,16.49,0.26,0.238,1.757,31.665,14.078,28.569,33.56
106.084,418.135,95.317,0.0,833.044,755.381,11.515,53.789,211.944,2.59,0.0,0.0,0.0,0.0,7.408,35.818,50.033
366.499,137.819,31.856,0.0,649.83,915.266,12.046,62.918,151.11,10.752,0.203,0.038,1.468,40.541,11.789,25.085,35.202
558.235,97.91,28.079,0.0,810.111,522.733,13.632,76.596,192.026,4.264,0.416,0.376,1.342,36.553,3.86,25.184,20.885
478.663,410.755,92.216,0.0,670.104,321.121,11.72,124.623,256.941,6.654,0.739,0.028,0.612,99.601,0.0,43.866,37.221
535.042,264.08,79.047,0.0,584.398,342.613,9.543,118.813,254.591,0.0,0.704,0.11,6.226,74.93,3.294,23.285,39.621
595.13,183.757,72.569,0.0,389.441,501.194,11.901,98.781,222.322,0.0,1.075,1.018,14.112,144.574,0.0,28.99,37.169
499.198,340.595,81.177,0.0,845.685,271.466,13.994,63.894,236.949,17.841,1.183,0.759,9.041,152.149,0.0,49.43,30.667
584.889,190.284,53.788,0.0,960.357,76.082,13.038,85.199,247.634,0.0,1.211,0.61,8.164,109.854,0.0,32.718,22.964
734.049,129.575,64.656,0.0,1306.754,0.0,12.019,125.237,356.612,0.0,1.138,0.361,0.186,58.341,0.0,25.405,10.315
98.2,467.791,76.71,61.587,867.49,812.359,16.654,59.198,236.451,72.022,0.55,0.439,4.583,125.762,6.695,60.45,39.373
460.683,298.445,142.355,0.0,225.677,786.116,8.776,99.857,258.038,0.0,0.597,0.024,9.328,121.547,11.498,26.591,43.343
374.401,184.738,32.767,0.0,1339.031,132.319,12.173,68.26,220.618,0.0,0.725,0.027,1.663,23.919,15.879,29.859,35.25
722.015,107.249,84.002,0.0,212.522,439.812,12.08,117.267,191.732,0.0,1.175,1.467,11.651,132.471,0.0,26.564,29.84
695.604,259.512,98.95,0.0,116.745,580.909,12.863,100.732,217.978,0.0,1.759,1.717,18.387,212.481,0.0,41.158,34.351
396.334,174.335,28.959,0.0,1344.442,148.415,12.638,64.414,223.888,7.604,0.723,0.023,1.912,34.144,16.588,32.827,33.697
497.577,127.912,32.045,0.0,521.835,873.848,13.122,65.098,142.008,4.963,0.282,0.183,1.796,40.56,13.677,27.688,29.685
416.735,198.0,34.748,0.0,617.995,806.295,13.533,61.457,162.951,16.822,0.484,0.217,4.65,56.635,14.056,28.261,40.277
117.601,253.209,44.998,96.059,741.808,881.55,14.763,50.56,219.219,41.556,0.108,0.28,2.768,37.745,20.016,39.429,34.408
506.936,185.322,43.511,0.0,1545.09,0.0,12.282,93.13,273.807,0.0,1.12,0.164,1.921,32.308,13.087,31.965,31.288
0.0,1661.66,388.971,128.453,1093.143,992.795,23.729,87.732,689.814,143.255,0.768,0.102,1.998,288.375,0.0,155.547,85.544
376.119,198.253,29.329,0.0,1325.777,140.033,12.569,73.396,217.72,0.0,0.877,0.074,1.784,34.433,15.29,28.162,44.784
345.355,339.033,56.191,0.0,716.713,491.656,12.353,82.972,194.439,19.047,0.532,0.137,3.044,55.466,2.208,34.875,43.454
493.915,332.863,120.632,0.0,414.595,603.828,10.567,94.076,225.334,0.0,1.211,0.41,14.773,144.928,9.647,23.945,59.905
394.439,153.323,28.901,0.0,906.178,535.488,14.091,69.325,143.392,26.978,0.282,0.026,1.357,35.917,21.319,28.939,34.045
570.878,137.662,44.358,0.0,986.715,149.345,12.461,89.796,229.582,2.543,0.81,0.252,1.944,47.435,8.228,25.972,26.183
0.0,805.217,162.476,78.131,1201.642,548.063,15.541,29.724,291.154,80.537,0.0,0.0,0.0,0.0,34.188,64.701,83.462
401.328,138.314,32.334,0.0,572.565,913.845,13.064,56.138,149.945,11.038,0.187,0.248,0.423,42.755,9.693,25.044,30.628
410.249,992.861,250.737,0.0,1256.105,0.0,13.96,192.744,544.173,53.945,1.429,0.008,3.362,180.213,0.0,89.786,71.926
477.861,147.039,26.946,0.0,1220.093,141.893,13.333,76.931,216.32,0.0,0.652,0.107,0.513,36.489,12.948,27.997,30.305
468.378,243.509,55.499,0.0,1676.36,0.0,11.939,88.677,285.34,0.0,1.313,0.06,1.696,32.89,7.545,32.597,38.222
112.573,482.412,82.559,37.108,944.859,626.81,15.822,44.991,224.253,67.465,0.589,0.047,5.775,112.414,13.252,55.11,53.666
541.103,299.543,96.342,0.0,576.256,335.89,12.259,91.622,254.107,3.409,1.453,1.281,12.59,162.037,0.0,36.435,45.778
505.292,159.364,42.632,0.0,1396.668,0.0,12.892,85.404,248.351,1.968,1.003,0.078,2.506,35.865,11.536,30.521,30.702
561.192,179.183,103.251,0.0,268.116,683.822,9.474,146.506,235.343,0.0,0.358,0.056,0.186,76.11,0.0,26.686,17.3
579.468,221.648,109.862,0.0,273.503,708.159,12.105,136.528,261.635,0.0,1.009,0.736,4.582,140.303,0.0,40.043,28.916
392.775,113.659,64.65,0.0,438.405,1117.592,11.007,51.877,131.104,0.356,0.0,0.0,0.0,0.0,13.773,25.68,17.82
457.272,147.91,20.683,0.0,928.866,498.798,13.509,77.182,198.808,5.382,0.433,0.306,0.725,24.989,13.085,26.814,33.339
308.19,407.307,62.973,0.0,832.796,446.247,14.821,55.992,223.169,43.9,0.763,0.519,7.029,106.78,0.807,46.291,47.175
537.208,551.69,176.209,0.0,299.517,463.779,11.444,87.12,270.703,0.0,2.086,0.786,20.933,238.071,0.0,41.866,75.008
431.719,261.498,44.464,0.0,1457.745,0.0,13.002,69.277,271.108,0.0,1.147,0.039,3.337,48.353,8.873,29.107,37.23
420.415,149.041,28.374,0.0,900.019,624.301,13.534,64.22,161.908,17.217,0.315,0.059,1.588,30.736,20.439,27.647,36.64
346.229,154.699,28.274,7.041,891.97,666.874,12.625,58.786,160.331,18.59,0.364,0.002,2.956,46.756,14.93,25.948,35.338
194.176,376.067,60.872,46.086,826.022,780.782,15.456,58.186,197.531,43.788,0.373,0.045,1.998,74.195,13.292,41.335,52.581
288.435,214.31,35.191,62.51,987.974,596.637,14.263,58.809,170.574,34.381,0.262,0.577,1.57,55.514,15.299,38.193,35.839
483.465,147.889,33.047,0.0,1303.181,66.688,12.633,77.505,238.293,0.612,0.799,0.025,1.15,28.808,9.213,27.475,27.98
222.21,201.291,26.31,57.29,900.773,764.585,13.739,48.224,174.522,37.624,0.099,0.164,2.64,45.567,25.364,34.22,35.509
395.2,162.976,24.831,0.0,1162.159,257.314,12.33,91.774,241.493,0.226,0.577,0.377,1.446,39.032,14.767,29.842,34.958
536.558,221.724,46.284,0.0,1496.718,0.0,12.792,100.987,312.574,0.0,1.348,0.102,2.742,54.198,0.0,31.795,26.315
388.476,319.62,52.288,0.0,1398.132,0.0,12.265,76.092,255.337,5.535,1.313,0.053,4.78,60.275,3.207,31.579,50.865
525.477,109.403,23.066,0.0,783.154,675.814,13.202,68.843,137.486,11.904,0.324,0.095,0.687,26.041,12.568,26.492,26.39
414.973,218.53,32.925,0.0,1443.351,0.0,12.207,79.971,257.489,0.0,0.974,0.136,1.705,38.011,11.455,34.367,35.014
503.196,181.037,29.143,0.0,1185.276,79.192,12.541,88.838,229.979,8.415,0.801,0.239,3.458,43.242,9.823,30.101,28.741
234.794,435.69,45.258,0.0,1384.761,204.536,13.305,66.218,262.768,38.023,0.385,0.033,1.13,52.236,3.688,46.707,44.583
291.234,186.088,36.24,56.133,728.566,789.044,14.313,42.084,114.244,38.225,0.0,0.0,0.0,0.0,24.157,29.343,32.372
974.186,173.031,154.753,0.0,141.66,0.0,8.598,233.616,404.222,0.0,1.447,0.792,8.982,171.33,0.0,26.153,16.793
589.985,139.655,43.927,0.0,1066.43,164.947,13.544,80.18,230.236,0.0,0.749,0.53,0.617,45.456,1.657,29.097,20.361
207.951,431.921,57.833,14.448,839.515,742.38,15.317,70.421,217.931,53.579,0.768,0.535,3.154,96.147,0.0,47.585,49.714
221.925,161.871,36.033,100.202,761.85,852.563,13.533,37.796,153.43,26.028,0.0,0.0,0.0,0.0,32.326,27.575,32.197
314.966,224.849,11.728,36.156,951.004,542.2,12.722,76.52,194.751,22.608,0.339,0.023,3.402,34.968,17.076,31.352,42.376
419.621,136.613,29.921,7.921,789.16,630.521,13.254,68.352,172.272,18.171,0.288,0.215,2.979,38.617,13.256,27.052,32.982
250.897,330.036,55.324,0.0,884.106,690.654,12.898,64.748,194.34,26.046,0.665,0.048,6.895,70.085,17.877,30.291,58.488
434.714,115.32,27.391,4.768,693.868,706.582,13.79,54.87,138.027,17.294,0.196,0.161,1.747,33.391,16.748,28.348,32.657
452.687,166.409,38.786,0.0,1352.716,0.0,12.834,83.889,250.128,0.0,0.977,0.083,1.82,38.644,5.812,27.676,36.79
386.246,187.626,29.138,0.0,1264.557,215.445,13.222,72.79,225.205,8.53,0.657,0.228,2.642,36.67,14.132,29.86,36.971
562.634,103.475,39.453,0.0,713.515,448.405,11.459,86.468,200.404,0.0,0.644,0.393,2.871,52.688,13.151,23.667,25.718
440.116,230.058,36.311,0.0,1278.46,47.416,13.44,64.456,232.526,13.017,0.792,0.16,1.992,49.294,8.767,33.08,34.565
521.71,275.085,87.585,0.0,1060.466,0.885,11.759,98.055,267.138,0.0,1.343,0.46,8.573,87.745,7.811,27.618,54.652
383.133,164.464,50.024,4.866,538.375,890.875,11.769,76.91,176.979,2.027,0.317,0.424,3.026,56.699,8.921,22.302,34.89
476.038,169.138,38.727,0.0,894.926,374.576,12.659,66.914,205.369,5.5,0.806,0.393,4.961,47.499,16.454,26.769,36.574
506.493,158.249,50.728,0.0,611.793,615.766,13.495,66.689,173.069,11.408,0.768,0.185,9.675,73.138,18.298,27.003,39.159
595.061,354.607,139.119,0.0,110.011,698.627,12.408,111.492,280.536,0.0,1.596,1.55,15.647,210.63,0.0,43.664,46.633
342.973,192.706,29.636,11.122,1143.866,386.611,12.779,73.376,204.521,13.875,0.522,0.201,3.418,47.998,15.172,28.783,37.092
405.979,320.543,53.525,0.0,1642.896,0.0,12.334,90.569,266.613,2.264,1.058,0.024,2.773,44.667,10.439,38.89,39.928
518.032,239.644,63.449,0.0,1420.916,0.0,12.181,99.911,305.627,0.0,1.409,0.086,3.883,56.106,5.781,25.867,37.436
526.928,208.199,63.466,0.0,546.344,524.596,12.476,118.723,226.217,0.0,0.873,0.553,7.013,100.099,0.0,33.144,29.047
509.731,155.993,27.999,0.0,1290.479,58.957,13.149,78.282,232.481,0.0,0.766,0.255,2.022,33.409,10.89,30.298,31.136
346.367,219.292,50.505,0.0,630.522,877.478,12.951,61.415,134.125,11.815,0.363,0.378,3.05,52.063,8.705,31.544,39.169
578.342,403.579,139.348,0.0,38.004,711.355,13.459,97.938,225.33,0.0,1.946,1.317,18.773,249.909,0.0,51.223,54.021
372.288,194.058,24.713,0.0,730.057,737.084,14.031,66.452,146.589,28.415,0.28,0.088,3.234,45.846,19.666,28.81,38.162
230.392,181.084,31.813,62.733,879.643,819.674,12.19,56.049,175.914,12.319,0.138,0.035,2.463,46.653,24.896,30.713,36.251
363.297,180.447,35.797,0.0,734.387,745.342,12.308,81.716,178.601,15.625,0.313,0.152,3.051,43.573,14.179,28.574,40.774
525.149,306.332,102.363,0.0,205.484,685.908,11.036,81.051,178.784,0.0,1.232,0.818,15.653,150.893,0.0,29.44,49.401
395.598,146.648,31.611,0.0,687.291,769.56,12.938,60.247,142.435,13.89,0.258,0.04,1.78,38.981,14.275,27.772,33.913
423.3,188.918,52.887,0.0,710.742,634.18,11.971,73.763,169.117,5.102,0.681,0.036,6.16,63.806,11.001,25.168,38.741
324.054,123.221,38.475,38.505,542.982,1017.276,13.025,40.974,142.318,11.871,0.119,0.122,1.405,42.236,11.209,26.642,29.919
488.589,217.903,101.427,16.04,328.46,785.464,11.831,111.107,236.404,0.0,0.979,1.147,8.121,126.091,1.141,36.759,32.401
420.312,582.079,133.948,0.0,1111.888,0.0,12.229,79.015,287.743,7.538,2.14,0.078,15.878,150.871,0.0,34.119,83.173
371.657,411.939,80.895,0.0,744.105,498.569,11.858,88.39,259.385,21.665,0.783,0.322,6.799,111.702,3.815,36.713,53.328
198.812,233.485,49.944,104.404,770.019,833.528,13.908,29.673,148.539,32.483,0.0,0.0,0.0,0.0,24.772,29.132,39.988
380.636,145.826,28.643,30.294,689.958,812.254,13.519,57.364,151.944,22.433,0.249,0.219,1.045,37.07,18.757,29.216,33.669
448.998,283.515,55.599,0.0,497.964,678.325,14.3,55.689,127.32,31.946,0.712,0.161,8.143,107.469,2.22,39.515,46.101
1085.162,248.138,204.175,0.0,0.0,0.0,10.433,273.915,477.579,0.0,1.73,1.725,7.082,215.981,0.0,47.654,11.151
566.834,552.566,177.205,0.0,173.537,430.09,11.77,87.896,234.013,24.346,1.86,0.927,18.849,249.431,0.0,48.612,68.043
559.303,268.161,61.539,0.0,524.01,381.879,12.611,101.702,218.887,5.007,1.234,0.631,12.088,140.499,0.0,30.107,41.86
472.913,383.035,95.599,0.0,424.544,575.838,13.221,79.144,184.877,23.872,1.076,0.313,12.523,146.297,2.263,38.559,58.227
221.454,225.551,59.007,69.039,669.999,884.472,14.72,25.201,121.186,33.997,0.0,0.0,0.0,0.0,27.901,34.45,38.413
531.182,419.207,156.403,0.0,99.637,881.982,12.724,81.663,219.971,0.0,1.689,0.746,12.686,215.829,0.0,48.763,44.092
441.593,357.709,59.834,0.0,1409.633,0.0,12.877,83.205,260.006,11.873,1.325,0.039,4.568,78.592,0.0,39.51,43.552
387.24,162.704,32.13,0.0,741.748,669.768,12.86,91.097,163.208,13.29,0.335,0.207,1.899,35.262,12.761,26.532,31.37
339.007,258.406,50.659,16.56,585.423,808.749,14.204,73.485,176.668,22.697,0.79,0.476,10.661,92.968,17.962,35.13,47.672
0.0,1408.89,238.471,16.866,1371.805,0.0,18.227,23.431,389.997,152.839,0.0,0.0,0.0,0.0,5.453,96.68,101.388
771.467,218.093,94.619,0.0,618.212,0.0,12.126,140.125,327.015,0.0,1.644,1.107,11.361,163.396,0.0,27.599,20.474
190.063,210.669,34.972,106.513,791.841,854.594,14.504,46.554,161.612,37.272,0.0,0.0,0.0,0.0,24.228,31.071,34.689
493.008,338.869,81.827,0.0,756.56,350.312,13.215,69.228,203.177,13.477,1.236,0.092,9.18,124.836,0.0,39.309,38.98
460.015,124.666,35.11,0.0,663.648,708.869,12.138,79.963,160.781,10.059,0.391,0.076,2.496,33.594,9.898,25.161,30.389
663.926,381.338,162.946,0.0,198.477,407.841,10.45,154.85,283.387,0.0,1.224,0.398,10.807,160.953,0.0,39.844,36.683
0.0,2055.685,533.367,0.0,183.429,144.222,14.581,172.568,689.288,101.908,2.876,0.187,15.493,432.804,0.0,133.632,144.188
401.108,164.081,30.608,0.0,1045.701,364.106,12.738,66.62,183.345,11.839,0.564,0.087,2.294,34.615,18.879,27.841,39.218
242.007,233.802,37.538,67.854,872.525,670.893,13.853,84.12,202.754,25.672,0.264,0.068,2.756,39.993,22.651,39.969,37.804
282.902,219.846,42.075,22.162,965.694,713.253,13.376,70.107,191.06,20.51,0.441,0.647,5.6,61.409,19.944,37.099,42.547
502.093,181.696,51.23,0.0,756.072,462.302,11.668,86.527,228.57,0.0,0.865,0.399,6.596,90.935,5.034,26.397,37.119
466.669,201.678,42.374,0.0,1746.742,0.0,13.048,79.577,293.713,0.0,1.161,0.04,1.299,34.109,12.827,33.591,33.29
676.185,83.438,51.575,0.0,670.12,206.286,12.186,106.539,233.714,0.0,1.119,0.584,5.384,94.11,0.0,26.981,21.185
34.137,448.47,69.34,76.546,964.541,722.726,14.052,37.211,196.149,58.424,0.0,0.0,0.0,0.0,14.797,40.854,48.719
313.795,190.104,28.04,25.526,1134.983,442.876,12.518,65.88,188.79,5.008,0.453,0.254,3.699,42.898,17.46,29.803,39.85
473.139,132.494,22.268,9.015,788.072,663.921,13.25,56.478,153.125,19.245,0.274,0.259,0.095,27.202,11.761,27.537,30.811
752.744,216.759,108.045,0.0,960.393,0.0,11.535,158.566,402.807,0.0,1.492,0.116,4.832,113.869,0.0,35.37,11.352
66.92,405.236,70.386,117.894,683.929,970.428,15.768,66.828,226.031,59.461,0.425,0.878,0.316,77.525,0.553,52.105,35.435
437.878,220.617,33.648,0.0,1512.301,0.0,12.387,97.367,283.142,0.0,1.022,0.251,2.52,22.705,2.353,30.493,31.774
474.481,154.117,38.661,0.0,794.83,574.412,12.464,76.349,187.865,0.0,0.496,0.253,2.968,50.688,10.945,24.985,29.875
677.542,128.568,52.011,0.0,1024.419,0.0,12.043,124.275,309.489,0.0,1.053,0.336,2.822,77.638,0.0,25.598,11.898
118.833,395.017,68.607,93.909,1082.332,407.189,14.519,30.034,178.674,53.967,0.0,0.0,0.0,0.0,29.289,38.895,51.926
291.819,158.841,41.987,34.096,736.059,889.734,12.022,69.015,184.413,3.371,0.197,0.318,0.467,36.192,8.947,27.78,33.918
534.68,241.503,81.571,0.0,231.32,814.291,13.347,102.915,221.09,0.0,1.302,1.353,11.51,164.818,0.0,41.498,37.441
550.348,136.652,37.039,0.0,569.334,665.595,12.831,90.558,163.654,5.247,0.472,0.176,2.282,55.126,2.063,26.124,23.23
447.258,308.439,53.871,0.0,1563.282,0.0,13.396,87.866,288.111,12.73,1.12,0.105,1.77,53.078,0.383,38.801,31.28
314.381,281.193,59.994,36.157,577.112,803.791,13.842,75.478,203.883,31.212,0.71,0.219,3.185,91.256,0.0,41.339,43.422
75.295,749.641,232.471,0.0,754.582,549.82,8.556,105.112,367.684,0.0,0.0,0.0,0.0,0.0,8.402,44.154,63.769
351.944,269.549,56.992,26.224,589.745,847.503,13.899,61.2,154.328,25.357,0.585,0.26,4.383,83.882,7.008,35.149,48.936
652.536,103.124,44.325,0.0,1060.966,32.577,13.081,83.616,250.54,0.0,0.957,0.55,2.108,56.508,0.0,28.609,15.451
401.755,840.969,183.424,0.0,1510.743,0.0,14.122,56.042,427.232,17.688,2.697,0.044,17.832,213.626,0.0,53.073,81.958
466.31,146.174,28.692,0.0,1112.622,278.795,12.632,74.367,198.507,0.489,0.683,0.038,1.093,27.85,11.233,26.757,30.901
411.918,206.667,38.543,0.0,1710.192,0.0,13.312,67.978,265.072,0.0,0.986,0.017,1.716,41.81,11.118,35.582,32.191
686.579,247.625,156.635,0.0,424.751,102.112,6.216,200.265,382.037,0.0,0.459,0.107,1.673,90.808,0.0,31.42,14.996
344.641,235.298,104.009,0.0,527.989,871.151,8.928,84.408,212.608,0.0,0.0,0.0,0.0,0.0,20.655,26.371,35.455
425.607,130.379,40.76,0.0,842.311,617.294,12.96,78.108,183.186,4.402,0.463,0.093,3.448,43.579,11.439,25.882,36.854
334.911,381.398,47.596,0.0,873.799,548.299,13.556,87.666,238.35,42.925,0.682,0.208,2.886,105.956,0.0,50.248,37.334
424.24,192.794,48.043,0.0,1290.312,63.932,12.17,75.491,233.132,0.0,1.027,0.077,4.873,39.57,17.157,26.094,43.87
800.063,156.345,114.578,0.0,685.345,0.0,11.127,183.929,393.586,0.0,0.904,0.319,0.688,100.147,0.0,31.48,8.077
414.721,222.336,33.072,0.0,1508.018,0.0,13.203,66.672,247.782,0.0,0.819,0.074,2.3,37.515,13.425,34.023,33.5
352.129,171.774,34.54,11.688,628.457,944.176,12.272,64.176,143.195,9.864,0.152,0.199,0.886,37.674,11.255,26.246,33.895
37.618,441.605,63.855,80.913,1055.12,713.571,15.656,49.7,225.43,56.666,0.0,0.0,0.0,0.0,28.085,42.959,49.63
54.819,454.032,118.759,113.892,599.968,1054.914,12.799,42.682,223.587,13.102,0.541,0.249,2.654,91.939,11.267,40.528,46.787
337.865,167.959,14.953,31.265,721.772,831.751,13.678,50.997,153.81,31.318,0.125,0.164,1.79,37.399,19.195,29.299,36.102
377.66,223.164,40.75,0.0,1012.118,409.945,11.459,81.055,224.183,1.243,0.559,0.009,1.502,24.753,9.719,26.431,34.685
519.588,147.229,33.319,0.0,970.713,263.131,12.888,76.958,208.109,3.033,0.675,0.186,2.208,32.872,9.384,27.707,28.271
277.7,149.687,27.297,48.952,696.537,904.638,13.357,40.973,144.538,24.23,0.133,0.053,3.706,42.295,24.037,28.379,35.334
130.58,425.466,33.255,76.911,986.195,642.572,14.931,62.659,213.924,60.914,0.044,0.149,1.035,72.097,9.139,44.074,45.021
735.878,163.736,82.379,0.0,763.918,0.0,13.575,102.924,285.675,0.0,1.659,1.069,12.008,152.218,0.0,34.436,19.178
553.491,81.475,30.763,0.0,655.163,679.776,13.765,70.688,151.733,9.91,0.291,0.115,0.015,28.432,10.727,25.481,20.761
464.569,228.033,54.438,0.0,928.109,249.379,12.326,93.297,236.054,1.655,1.087,0.086,7.174,73.944,6.024,27.29,39.902
429.401,231.309,42.981,0.0,1365.583,0.0,12.593,85.593,244.42,9.691,1.132,0.054,3.098,56.822,10.324,31.761,40.264
541.378,395.031,102.363,0.0,419.22,478.798,11.687,97.441,262.375,0.0,1.531,1.341,14.311,195.723,0.0,38.756,45.773
588.485,228.537,57.618,0.0,453.784,501.568,11.881,89.487,201.558,0.0,1.216,1.15,10.276,133.85,0.0,30.078,35.175
316.449,466.764,124.817,0.0,435.384,809.047,13.06,53.459,180.074,5.345,1.356,0.019,13.821,159.466,14.899,42.186,69.31
463.656,113.507,23.992,0.0,849.296,492.964,13.559,67.981,171.93,15.826,0.42,0.262,0.703,34.646,12.794,26.372,30.437
311.288,203.097,29.875,18.256,636.721,977.439,13.058,56.104,149.358,21.279,0.19,0.019,1.711,42.88,12.311,25.353,37.574
416.734,214.813,48.32,0.0,417.821,907.592,11.409,63.916,155.105,0.795,0.25,0.097,2.084,64.138,2.657,24.328,27.387
601.235,123.239,47.886,0.0,940.38,138.802,12.631,109.281,266.953,0.0,0.779,0.11,2.185,49.618,1.77,24.767,18.128
411.559,200.171,28.568,0.0,859.185,518.896,12.807,69.014,163.158,26.572,0.406,0.056,3.263,44.06,12.661,29.812,33.25
0.0,456.981,134.393,74.241,914.472,793.171,12.908,65.526,313.786,5.307,0.0,0.0,0.0,0.0,18.629,48.99,54.075
139.613,217.238,34.002,120.32,963.132,760.816,14.227,50.788,199.403,50.749,0.0,0.0,0.0,0.0,32.837,29.763,39.728
0.0,449.562,76.241,90.266,986.071,865.971,14.702,31.108,217.368,51.713,0.0,0.0,0.0,0.0,12.438,45.75,43.069
443.872,301.914,67.036,0.0,454.683,742.132,13.322,59.92,179.423,11.058,1.128,0.636,12.728,123.845,3.068,33.602,53.361
458.464,1546.786,352.892,0.0,442.4,0.0,17.897,83.2,516.416,86.253,4.601,1.644,27.698,537.108,0.0,120.912,115.035
596.672,162.923,78.446,0.0,462.26,425.14,12.384,118.266,258.284,0.0,1.073,0.663,8.159,115.168,0.0,35.087,29.94
264.527,310.781,45.674,7.318,876.635,718.114,13.718,59.278,178.753,38.263,0.304,0.387,3.142,64.702,9.488,41.273,45.779
314.924,187.712,33.038,61.728,597.747,860.062,15.268,54.998,144.063,40.779,0.241,0.346,5.453,59.714,25.241,37.742,31.862
378.535,128.385,11.3,17.086,736.705,818.114,14.001,39.401,125.009,21.166,0.108,0.177,1.256,42.886,21.633,28.689,29.002
300.97,233.235,35.111,0.811,816.956,682.731,13.5,61.729,183.143,25.294,0.299,0.25,3.385,36.437,17.45,35.603,38.202
333.968,154.087,5.525,53.471,726.563,805.415,14.035,60.234,146.828,38.652,0.144,0.262,2.241,36.096,23.98,26.118,31.973
495.297,225.761,63.627,0.0,1132.991,0.0,12.026,113.821,315.953,0.0,1.078,0.298,4.789,67.922,10.2,29.577,35.134
400.984,139.627,54.184,0.0,445.135,1069.116,11.834,60.537,140.612,0.691,0.0,0.0,0.0,0.0,10.506,23.292,22.75
729.731,289.938,121.607,0.0,263.162,191.765,11.416,151.521,275.595,0.0,1.835,1.103,12.068,190.868,0.0,34.576,41.056
521.78,255.739,74.938,0.0,268.749,808.835,13.238,65.331,165.986,0.0,1.217,1.13,14.371,159.157,0.0,43.443,40.366
384.042,158.475,31.368,0.644,805.88,660.792,11.748,80.282,188.431,11.124,0.515,0.283,4.457,49.953,23.46,24.488,45.177
317.496,224.656,32.996,15.718,1029.503,505.764,13.018,78.148,216.659,30.094,0.455,0.289,6.261,50.884,24.53,36.196,37.7
657.269,94.504,61.296,0.0,712.882,185.53,11.708,114.244,272.24,0.0,1.186,0.846,6.139,102.442,0.0,26.25,21.52
209.39,259.461,36.057,56.915,960.953,638.839,14.833,30.284,135.061,47.647,0.0,0.0,0.0,0.0,24.335,33.195,36.22
451.532,234.751,61.258,0.0,728.007,451.212,13.154,77.588,180.424,13.406,0.954,0.142,10.478,84.75,16.276,30.914,46.165
645.701,247.564,74.456,0.0,289.035,444.476,13.201,76.158,225.714,0.0,1.614,1.376,18.095,187.223,0.0,38.665,34.345
547.721,231.788,49.826,0.0,1795.316,0.0,12.978,76.119,331.062,0.0,1.455,0.357,2.401,40.378,2.623,30.193,29.621
0.0,2368.287,630.21,0.0,415.59,0.0,18.965,254.011,946.759,127.847,2.326,0.233,9.447,474.532,0.0,198.765,125.985
483.861,175.659,46.543,0.0,1085.163,100.83,12.217,88.926,218.355,6.374,0.84,0.188,2.074,51.758,4.132,27.375,32.87
0.0,423.28,73.888,201.272,845.843,932.659,17.487,59.771,269.421,79.641,0.136,0.45,2.043,80.464,21.744,51.852,44.765
398.791,296.442,50.091,0.0,973.333,453.69,13.069,72.197,216.339,18.681,0.859,0.288,4.968,92.545,0.0,33.527,37.853
664.904,330.689,111.687,0.0,225.285,420.73,11.87,80.013,246.664,0.0,1.849,1.396,23.139,221.709,0.0,36.966,44.736
287.986,309.08,52.034,6.689,727.686,776.095,13.406,84.444,185.91,24.889,0.677,0.286,8.913,85.698,17.126,32.312,59.016
473.325,282.764,76.67,0.0,979.987,82.593,13.015,79.063,254.539,2.991,1.318,0.333,12.006,109.132,3.427,31.784,40.486
791.225,224.407,111.026,0.0,184.511,218.19,11.853,96.847,280.54,0.0,1.9,1.493,20.037,216.574,0.0,30.802,26.611
330.89,203.482,29.904,1.958,1000.051,495.004,13.255,79.494,200.058,13.297,0.533,0.164,2.252,53.109,15.337,30.12,42.806
681.344,173.803,77.157,0.0,448.075,349.206,12.877,88.943,213.373,0.0,1.544,0.862,14.705,144.478,0.0,30.404,35.362
591.598,148.209,53.639,0.0,901.665,40.994,11.018,113.091,275.346,0.0,1.025,0.303,5.491,71.83,7.749,25.172,32.809
450.645,164.518,44.604,0.0,475.877,854.063,12.689,74.507,156.394,4.582,0.526,0.631,4.212,69.303,10.974,26.974,34.19
473.18,109.699,33.707,0.0,514.867,883.791,13.625,65.158,146.403,17.27,0.157,0.118,0.658,30.136,9.89,25.908,30.455
272.861,426.118,97.699,11.913,602.969,780.399,13.382,59.299,179.279,19.998,1.152,0.74,14.054,133.45,15.9,38.785,70.873
468.964,147.427,35.638,0.0,842.777,551.737,12.439,80.504,177.898,9.978,0.544,0.36,2.648,46.337,10.713,27.316,31.645
391.819,348.024,55.457,0.0,1324.907,0.0,13.842,82.371,272.315,31.411,1.005,0.227,4.976,84.648,1.742,42.402,38.65
443.936,254.294,46.236,0.0,1075.733,231.284,12.623,84.877,226.325,7.142,0.865,0.072,4.462,59.319,10.495,32.345,41.19
161.216,1228.003,261.144,0.0,245.306,786.069,15.513,32.502,285.848,64.091,2.935,0.579,28.98,352.489,0.0,75.619,133.773
443.078,167.485,39.346,0.0,1210.168,140.63,12.738,83.812,240.533,0.0,0.739,0.126,1.853,38.568,8.366,29.409,34.795
356.829,204.122,22.157,30.284,1096.405,404.328,13.573,62.634,194.645,26.869,0.388,0.084,3.619,27.515,24.303,31.741,39.97
421.743,1483.109,392.891,0.0,153.647,0.0,14.159,196.343,553.34,76.712,2.815,0.492,18.076,387.804,0.0,112.861,114.823
451.687,225.474,47.311,0.0,904.345,293.991,13.809,71.612,193.827,18.114,0.785,0.107,5.408,64.661,7.529,30.356,39.091
673.818,206.05,94.559,0.0,231.652,615.548,10.929,118.104,246.859,0.0,1.098,0.944,12.439,147.624,3.0,32.105,33.547
31.073,443.544,72.928,151.647,907.403,641.936,15.761,28.975,194.782,68.821,0.0,0.0,0.0,0.0,25.733,42.115,47.523
460.425,202.096,46.709,0.0,861.801,472.457,12.185,91.511,238.122,0.09,0.871,0.267,7.627,88.059,13.333,32.247,34.338
624.033,175.565,74.824,0.0,364.282,493.136,12.148,110.972,227.128,0.0,1.031,0.92,10.077,126.608,0.0,33.418,28.9
110.858,352.329,57.046,99.845,831.885,772.526,16.586,57.538,201.21,76.237,0.287,0.392,3.943,88.105,13.006,55.138,36.169
466.832,152.645,24.399,0.0,1117.136,288.981,12.696,84.254,237.975,0.0,0.644,0.325,0.973,40.643,9.667,25.035,28.071
99.062,432.18,95.21,0.0,949.797,681.193,12.467,32.673,163.775,24.747,0.0,0.0,0.0,0.0,21.03,41.691,55.047
419.115,161.641,31.982,0.0,643.38,825.305,12.948,67.877,134.479,22.686,0.294,0.093,2.854,43.482,17.416,27.433,40.175
212.567,375.68,56.623,43.031,1005.46,675.866,14.428,80.856,271.694,43.114,0.613,0.9,3.067,104.704,3.431,49.917,40.132
573.571,150.342,42.806,0.0,1060.153,86.701,13.391,103.552,265.88,0.0,0.819,0.341,1.169,49.379,0.0,28.755,15.763
334.649,251.429,38.476,11.99,759.259,600.464,13.206,74.297,195.882,20.13,0.799,0.625,7.402,69.283,10.212,34.145,44.646
365.901,159.963,32.557,10.834,751.442,807.589,12.572,69.023,159.001,14.231,0.227,0.135,1.079,43.427,15.846,27.968,36.055
632.568,234.498,88.885,0.0,946.083,0.0,12.508,155.58,374.494,10.132,0.948,0.538,3.125,91.938,0.0,42.786,18.948
0.0,469.275,136.723,7.801,920.146,805.719,13.145,64.03,268.741,24.059,0.0,0.0,0.0,0.0,26.584,56.231,51.732
303.281,483.424,86.814,0.0,1051.316,355.433,13.397,62.791,263.1,24.435,1.232,0.418,11.462,121.579,7.092,39.39,55.122
310.604,119.887,21.297,72.488,716.332,912.577,13.579,44.838,159.513,19.583,0.177,0.239,1.222,36.63,27.134,28.429,32.92
455.548,364.598,105.675,0.0,523.089,411.705,12.262,102.715,204.448,21.723,1.031,0.296,7.582,129.999,0.0,45.504,47.168
499.525,163.098,37.661,0.0,766.563,507.528,12.393,82.633,182.082,0.0,0.494,0.082,2.28,42.379,12.54,26.662,27.448
605.49,154.313,38.793,0.0,1276.112,0.0,13.143,91.62,285.754,0.0,1.014,0.28,2.412,53.1,0.264,27.377,15.632
420.522,271.279,57.699,0.0,544.116,692.719,12.957,63.344,156.256,7.147,0.897,0.393,8.052,104.745,0.0,37.045,48.271
485.874,185.586,43.36,0.0,1351.328,36.988,12.572,82.045,237.505,1.311,0.951,0.117,4.111,32.871,15.373,27.078,36.58
539.955,123.044,55.246,0.0,508.595,666.943,11.845,107.832,214.346,0.0,0.684,0.702,3.533,72.14,5.484,24.705,34.459
396.509,155.524,29.01,0.0,999.32,435.991,12.747,69.581,174.493,13.136,0.526,0.085,2.228,37.678,18.941,28.678,39.832
377.822,201.47,40.065,0.0,804.716,661.361,12.649,72.743,148.929,9.853,0.395,0.012,3.545,43.076,15.97,27.998,44.881
438.334,158.341,24.788,0.0,812.24,633.437,13.422,72.94,191.029,16.449,0.463,0.235,2.136,46.714,7.523,30.27,37.089
491.665,156.835,49.737,0.0,523.981,728.98,11.462,98.569,209.149,0.637,0.294,0.17,1.756,49.83,10.717,26.932,27.157
468.244,219.664,50.902,0.0,1097.926,133.043,12.898,80.863,256.437,8.95,0.924,0.63,7.263,90.15,0.749,38.236,26.662
547.172,168.178,54.609,0.0,569.186,610.438,12.927,79.836,208.978,2.961,0.936,0.404,8.838,112.376,0.0,31.353,33.636
497.163,201.826,51.166,0.0,620.777,585.06,13.283,71.364,175.482,3.789,0.906,0.259,9.677,87.237,9.691,31.504,41.445
376.373,178.934,41.183,12.564,654.101,827.677,13.705,70.133,149.688,15.286,0.377,0.19,4.598,56.491,12.484,30.991,39.71
398.402,240.987,48.244,0.0,699.567,653.457,11.312,84.535,170.763,13.329,0.6,0.246,3.611,53.093,4.304,25.417,42.243
81.289,591.982,121.348,22.339,751.994,971.961,14.599,32.899,205.221,45.744,0.876,0.217,7.053,132.571,13.723,46.903,78.221
528.736,135.581,39.036,0.0,1192.864,132.02,13.272,80.812,255.2,0.0,0.829,0.204,1.887,43.897,2.763,29.128,25.142
107.75,412.419,95.907,27.727,822.124,861.696,15.727,68.707,245.016,48.403,0.558,0.7,4.401,99.915,8.938,57.307,43.129
430.629,361.343,77.936,0.0,1082.395,158.842,13.975,68.732,245.75,17.634,1.349,0.013,9.385,100.303,0.624,38.979,40.971
402.512,441.25,72.15,0.0,1305.371,0.0,13.674,79.464,285.47,26.373,1.266,0.216,5.093,92.49,0.0,41.409,42.2
522.51,97.518,34.871,0.0,656.828,694.79,13.338,68.114,163.31,12.352,0.46,0.038,1.033,34.818,10.154,26.635,24.056
398.1,111.012,31.982,0.0,742.664,813.986,12.191,72.263,167.136,19.285,0.199,0.027,3.704,30.159,19.469,26.309,37.724
438.004,229.805,44.702,0.0,726.994,591.514,13.977,62.204,161.093,23.66,0.658,0.052,6.47,82.286,2.236,35.481,36.198
374.6,1544.108,417.508,0.0,0.0,186.759,15.149,154.447,499.235,75.422,3.173,0.333,19.189,430.168,0.0,111.748,129.929
392.675,132.713,30.634,3.854,693.614,816.686,12.587,62.976,157.517,10.714,0.148,0.051,0.743,36.328,20.413,27.691,36.202
601.361,287.161,95.355,0.0,260.892,575.324,11.789,118.14,246.299,0.0,1.225,0.864,14.502,159.407,0.0,33.227,41.34
350.739,222.876,72.703,0.0,572.583,818.317,11.345,60.566,153.031,9.855,0.539,0.1,5.769,62.907,14.698,27.387,44.636
308.437,116.872,35.212,52.158,722.647,933.784,12.288,51.674,152.424,19.125,0.15,0.124,1.238,35.971,19.014,28.079,33.533
125.434,416.166,187.607,0.0,568.844,945.307,8.158,80.29,261.821,0.0,0.0,0.0,0.0,0.0,1.069,28.409,33.01
489.742,461.334,114.968,0.0,1020.867,0.0,12.147,101.18,300.563,1.938,1.776,0.254,12.41,132.841,0.0,35.179,66.667
591.337,502.337,135.809,0.0,1315.625,0.0,11.507,118.747,378.791,0.0,1.589,0.377,6.087,112.472,0.0,38.78,60.12
376.336,111.472,55.756,0.0,456.602,1103.26,11.733,47.848,142.14,1.726,0.0,0.0,0.0,0.0,10.824,27.168,22.236
322.296,264.141,38.938,25.834,893.929,577.438,12.821,56.044,176.756,31.899,0.509,0.207,5.457,52.242,19.667,28.253,48.848
521.296,189.115,43.502,0.0,1096.98,47.33,13.648,92.136,251.631,9.207,0.931,0.183,3.976,61.438,2.13,30.58,23.896
403.81,145.429,24.878,8.004,738.785,782.347,13.444,61.828,149.665,16.722,0.258,0.012,2.622,41.564,18.582,26.253,34.908
509.492,199.591,41.512,0.0,1128.81,191.96,12.405,97.973,254.14,0.0,0.634,0.297,0.047,43.704,3.232,36.167,22.479
295.689,256.574,41.106,37.548,980.12,473.853,12.616,82.974,203.576,26.62,0.561,0.14,4.467,51.917,20.306,34.742,47.787
244.556,178.035,29.974,64.438,857.601,831.914,14.101,64.89,164.517,31.32,0.116,0.235,4.284,28.502,30.833,30.212,35.038
560.985,120.545,45.702,0.0,328.191,794.545,12.212,89.699,166.363,0.0,0.511,0.498,5.214,68.247,5.257,25.907,28.801
206.558,403.357,91.953,54.203,867.216,631.643,13.063,96.113,277.674,18.606,0.308,0.314,0.599,64.104,10.008,50.965,45.145
451.286,161.921,31.331,0.0,594.681,672.607,13.337,86.125,166.371,19.392,0.334,0.26,1.531,46.373,13.403,27.025,33.861
411.269,138.728,60.236,0.0,440.887,972.575,10.849,73.104,166.791,0.0,0.0,0.0,0.0,0.0,8.687,25.136,21.767
505.457,227.288,52.634,0.0,1453.935,0.0,12.667,83.624,275.524,0.0,1.23,0.096,3.878,29.415,8.26,29.156,35.67
515.506,289.363,66.658,0.0,1444.112,0.0,13.382,74.054,289.745,0.0,1.202,0.007,4.02,79.616,0.0,39.491,27.234
676.507,213.865,84.864,0.0,255.329,421.49,12.458,101.154,212.509,0.0,1.46,0.758,18.272,170.848,0.0,32.756,35.45
385.86,391.079,51.708,0.0,1242.58,183.433,13.272,85.696,244.502,26.369,0.771,0.398,1.878,59.866,0.0,44.629,42.918
146.256,232.084,49.811,40.563,988.353,810.031,12.495,35.166,166.195,12.896,0.0,0.0,0.0,0.0,26.912,29.454,38.916
471.323,214.29,57.572,0.0,1137.421,2.143,12.142,91.886,251.987,0.0,1.086,0.237,5.79,68.678,6.271,29.495,38.734
306.168,306.466,46.546,0.0,722.163,758.211,13.792,62.853,147.084,32.958,0.456,0.155,2.668,76.869,4.638,36.819,52.063
351.537,128.131,77.468,0.0,367.15,1135.464,11.661,48.471,186.365,0.0,0.0,0.0,0.0,0.0,0.332,26.661,16.461
607.14,157.307,47.49,0.0,1358.009,0.0,12.442,101.942,311.175,0.0,1.281,0.366,3.164,61.523,0.0,26.624,20.487
245.553,148.241,25.455,44.836,705.707,941.158,12.905,38.524,142.469,15.908,0.121,0.477,3.183,47.58,17.933,30.611,33.552
0.0,621.058,113.24,89.271,1185.524,648.922,13.735,31.826,239.715,41.091,0.0,0.0,0.0,0.0,29.252,45.657,62.881
491.197,116.393,20.106,0.0,844.73,497.043,13.097,69.043,160.651,5.416,0.442,0.165,1.79,32.269,11.293,27.918,27.885
384.825,216.163,60.662,0.0,546.611,868.197,12.526,59.219,140.58,11.374,0.48,0.166,4.574,60.45,10.133,31.857,44.512
561.673,521.124,157.16,0.0,333.549,344.131,9.983,75.853,235.404,0.0,1.854,1.158,19.028,195.57,0.0,26.863,75.504
562.108,121.633,31.418,0.0,725.902,563.349,13.085,70.929,168.435,5.384,0.491,0.445,1.42,41.853,8.307,27.307,26.08
386.945,207.284,42.105,0.0,919.591,524.256,12.134,79.854,179.952,9.448,0.634,0.069,4.795,50.468,19.968,25.305,43.524
374.523,123.452,33.533,17.889,465.054,1136.344,12.675,32.793,123.608,13.094,0.0,0.0,0.0,0.0,11.539,26.746,25.972
471.476,330.41,87.193,0.0,1213.23,0.0,13.872,80.829,288.986,19.043,1.385,0.227,10.059,118.551,1.984,39.247,35.344
266.895,220.333,34.052,44.303,751.02,827.021,14.617,49.533,155.821,40.927,0.117,0.031,2.903,55.814,18.333,33.717,35.088
383.489,228.782,68.288,0.0,542.191,911.542,12.671,47.95,124.329,12.441,0.519,0.278,6.199,75.66,20.032,35.715,45.478
495.487,145.873,64.291,0.0,469.165,716.661,12.371,72.046,153.286,0.0,0.6,0.878,6.334,65.684,9.777,31.903,37.769
380.706,281.846,52.548,0.0,566.203,721.112,13.106,67.809,149.726,27.683,0.71,0.206,8.942,84.354,11.488,32.226,51.816
331.11,114.215,10.0,60.628,772.372,859.726,13.864,56.387,137.718,28.258,0.131,0.205,4.08,46.499,26.505,27.963,32.116
26.917,468.349,151.341,0.0,988.065,610.423,10.776,94.496,315.015,0.0,0.0,0.0,0.0,0.0,26.591,47.844,49.623
268.705,187.014,27.643,57.604,837.339,797.32,13.418,57.79,146.89,24.613,0.295,0.078,3.924,54.757,20.028,29.485,43.768
483.328,136.305,27.09,0.0,1105.036,258.646,13.014,69.134,202.042,8.448,0.625,0.157,0.225,30.574,12.275,27.466,29.564
397.96,165.341,28.997,0.0,768.416,654.378,12.599,76.857,169.191,8.764,0.33,0.105,1.481,34.742,10.775,27.625,33.486
453.552,241.519,53.799,0.0,696.988,393.214,13.984,67.896,200.92,12.675,0.998,0.385,10.68,105.072,7.205,34.212,37.758
706.32,117.433,51.546,0.0,754.68,147.707,12.688,107.507,230.93,0.0,0.809,0.672,1.618,67.282,0.0,27.33,10.868
333.917,148.223,28.236,25.945,779.549,747.515,12.448,61.293,147.071,19.214,0.323,0.232,2.871,45.383,16.867,26.877,36.84
379.281,138.063,22.699,2.876,921.464,626.108,12.383,68.098,178.328,7.945,0.421,0.071,0.563,36.3,13.455,24.743,35.187
418.168,166.652,89.191,0.0,397.307,977.095,10.953,75.348,177.253,0.0,0.232,0.11,1.873,60.304,1.768,26.609,26.23
168.702,236.481,52.999,56.409,891.189,852.897,12.365,42.151,146.546,21.207,0.0,0.0,0.0,0.0,26.278,28.329,40.299
411.676,134.143,19.884,0.0,692.937,828.518,13.475,48.901,137.61,13.592,0.174,0.305,0.531,34.36,17.597,27.79,30.296
363.527,322.131,63.995,0.0,923.564,424.405,14.115,110.631,258.779,16.833,0.718,0.313,2.826,83.905,0.641,42.333,39.122
480.278,190.559,52.67,0.0,690.496,572.032,12.089,94.733,177.485,0.0,0.639,0.066,7.678,65.94,13.53,25.662,35.72
443.728,91.578,30.024,0.0,686.98,780.611,12.553,64.981,144.48,16.164,0.227,0.036,0.493,31.793,13.07,27.26,30.099
403.716,117.322,24.176,0.0,561.666,894.1,13.367,49.853,124.552,20.839,0.078,0.239,0.817,33.972,12.333,26.45,28.816
626.568,187.409,53.629,0.0,1174.984,0.0,11.62,114.251,291.483,0.0,1.328,0.681,2.445,64.781,0.0,29.549,18.748
442.521,169.759,35.946,0.0,862.248,507.083,12.351,73.241,182.482,7.258,0.677,0.082,2.941,47.584,13.502,27.944,34.875
581.151,204.717,50.084,0.0,1529.332,0.0,13.02,90.336,320.245,0.0,1.368,0.36,3.41,58.351,1.786,28.244,24.026
579.566,257.385,97.843,0.0,102.736,874.258,13.709,62.702,140.302,0.0,1.157,0.689,12.626,157.488,0.0,41.544,34.846
447.544,461.181,83.938,0.0,1184.308,0.0,13.635,66.95,282.19,10.061,1.594,0.14,11.451,144.348,0.0,49.819,39.95
0.0,1897.957,411.289,0.0,371.399,462.531,20.767,73.598,538.213,141.908,3.643,1.45,23.838,508.059,0.0,145.527,132.408
504.533,167.982,47.536,0.0,713.048,500.97,11.97,90.279,195.477,0.0,0.656,0.433,5.257,67.875,9.682,25.387,31.761
469.743,226.92,47.267,0.0,1139.646,144.581,12.069,97.346,254.204,0.0,0.95,0.247,7.021,63.157,12.702,32.359,36.003
497.638,183.979,55.422,0.0,1465.548,0.0,12.19,85.268,284.118,0.0,1.181,0.404,2.351,55.619,8.435,26.835,33.979
221.937,194.126,34.107,84.385,790.477,850.883,14.647,36.897,153.877,37.076,0.0,0.0,0.0,0.0,24.531,31.596,32.837
238.662,186.852,45.449,64.201,748.651,838.5,13.562,44.297,134.694,26.249,0.0,0.0,0.0,0.0,30.956,30.694,36.206
639.629,116.449,50.877,0.0,1021.458,0.0,12.933,86.585,265.454,0.0,1.016,0.565,2.563,58.023,0.0,24.349,17.949
0.0,489.139,86.902,145.722,999.928,748.631,15.257,34.432,198.982,73.272,0.0,0.0,0.0,0.0,33.717,38.363,54.3
509.656,105.242,33.447,0.0,796.273,596.026,13.544,63.739,153.738,12.902,0.371,0.097,0.416,27.864,9.639,27.736,22.695
706.439,196.45,131.292,0.0,141.077,480.18,9.095,162.69,272.145,0.0,0.901,0.08,2.462,112.685,0.0,27.291,20.894
196.583,344.44,53.276,78.738,873.698,789.876,14.736,72.629,243.208,41.066,0.548,0.867,2.456,93.541,6.891,47.457,43.322
740.458,148.433,75.896,0.0,530.078,155.973,11.487,108.205,281.369,0.0,1.383,1.164,9.543,124.22,0.0,28.923,24.528
416.223,134.407,18.809,0.0,731.14,844.028,13.326,60.586,144.725,11.862,0.125,0.241,0.21,33.731,13.34,25.834,29.062
308.416,165.187,13.632,28.271,852.963,671.022,13.246,74.525,171.753,22.915,0.259,0.17,3.497,38.064,26.126,30.826,32.955
482.317,141.204,27.253,0.0,1008.957,451.655,12.483,84.448,209.73,1.452,0.505,0.007,0.49,29.901,9.447,24.52,27.068
557.482,131.249,66.458,0.0,595.466,544.691,12.198,112.7,242.713,1.953,0.507,0.106,0.058,50.525,2.543,28.962,21.212
569.129,858.662,212.676,0.0,1180.07,0.0,13.91,64.474,406.584,21.231,3.281,0.737,19.191,274.179,0.0,66.038,71.16
710.955,331.155,137.742,0.0,131.893,368.766,12.39,142.52,235.422,15.566,1.349,0.749,12.335,185.633,0.0,41.077,39.282
98.435,513.766,83.156,0.0,831.41,853.479,15.118,38.781,223.285,61.521,0.475,0.304,4.094,106.459,0.0,61.585,51.557
196.974,193.214,45.505,109.726,763.739,844.852,12.956,68.743,200.021,20.275,0.16,0.201,2.951,50.867,22.986,30.499,36.358
52.284,430.788,65.444,59.308,1201.407,456.257,13.315,54.15,234.349,38.917,0.0,0.0,0.0,0.0,20.697,43.168,47.117
429.543,285.498,55.268,0.0,1541.078,0.0,11.989,87.611,271.679,0.0,1.244,0.272,2.734,47.707,8.553,33.127,43.519
211.105,245.497,41.542,69.826,796.644,859.337,13.823,71.934,170.622,23.635,0.408,0.358,2.416,54.509,16.436,33.211,40.014
452.683,432.48,95.218,0.0,525.172,413.584,13.734,64.719,186.501,21.124,1.603,0.508,18.394,181.556,0.0,40.327,59.866
461.939,107.271,39.941,0.0,686.512,792.214,11.703,79.636,151.52,5.958,0.239,0.088,1.353,29.432,13.755,25.925,27.851
476.728,230.116,40.378,0.0,1261.043,0.0,11.878,97.41,249.369,0.0,1.042,0.003,2.441,40.8,2.301,31.252,31.22
367.134,118.892,31.957,7.25,614.964,920.005,12.917,51.965,138.195,15.415,0.125,0.2,1.09,39.544,13.574,27.117,34.308
267.358,379.408,100.142,0.0,799.243,613.334,12.349,113.558,262.824,21.846,0.496,0.452,0.933,71.782,0.0,47.413,45.889
462.122,164.397,41.761,0.0,1192.452,187.806,12.768,81.432,242.807,3.749,0.813,0.198,3.525,47.378,7.42,28.75,33.52
397.246,350.903,64.479,0.0,650.426,560.823,12.644,59.197,180.046,28.928,0.875,0.038,8.858,99.563,0.0,40.335,46.15
558.799,338.659,98.688,0.0,253.761,695.706,12.22,51.112,159.94,3.954,1.365,0.981,15.897,177.49,0.0,37.81,50.197
433.846,215.05,43.037,0.0,1365.095,0.0,11.439,98.663,252.426,0.0,0.97,0.004,1.318,31.738,8.744,27.137,35.214
406.165,144.907,24.157,5.957,689.225,765.966,13.122,65.358,146.346,14.057,0.138,0.229,1.27,48.66,8.875,28.846,27.895
651.336,218.347,149.079,0.0,255.732,318.111,9.907,209.575,379.567,0.0,0.314,0.142,0.783,69.141,0.0,41.105,12.8
553.874,207.61,58.989,0.0,1411.301,0.0,10.965,98.311,297.96,0.0,1.194,0.148,1.841,31.105,7.668,25.507,30.185
334.436,427.482,77.797,0.0,638.197,546.163,14.377,62.828,206.744,29.617,1.395,0.549,17.783,165.058,7.371,46.671,55.257
493.213,165.315,60.824,0.0,973.702,232.967,11.659,101.459,257.872,0.0,0.87,0.27,2.608,58.463,9.372,23.683,35.394
478.79,198.518,58.839,0.0,377.66,785.008,11.264,74.072,155.849,0.0,0.483,0.507,5.033,65.114,2.099,26.581,27.467
355.367,153.782,31.868,3.744,762.304,804.083,11.997,51.274,147.963,8.724,0.282,0.138,0.833,37.312,15.685,25.929,37.535
506.122,202.009,48.749,0.0,556.196,648.101,12.115,65.257,209.861,2.471,1.0,0.569,9.069,106.366,6.973,27.945,36.344
421.683,262.307,45.547,0.0,518.647,773.621,12.335,64.938,154.069,9.419,0.521,0.48,3.414,73.536,0.0,28.854,39.036
403.556,438.065,107.419,0.0,649.045,641.261,12.537,105.724,269.407,20.322,0.71,0.121,5.919,122.317,0.0,44.417,47.137
624.936,779.811,190.304,0.0,1594.711,0.0,12.894,110.184,449.774,19.327,2.465,0.14,8.148,172.635,0.0,62.479,73.896
429.504,159.338,43.603,0.0,471.282,904.148,13.22,67.344,148.141,0.971,0.358,0.28,1.308,49.192,5.06,27.893,30.342
333.693,238.914,42.053,0.0,822.878,565.349,13.066,79.685,189.336,15.065,0.64,0.37,6.508,70.46,9.032,31.223,43.227
429.141,179.969,44.119,0.0,431.276,936.625,12.72,68.44,161.275,1.176,0.482,0.043,6.044,66.791,10.297,27.953,33.664
539.715,609.112,159.262,0.0,1086.165,0.0,12.797,127.291,379.841,15.358,1.613,0.004,7.624,160.595,0.0,53.656,59.835
507.949,227.43,38.952,0.0,773.223,439.694,14.233,73.615,183.276,20.509,0.611,0.539,4.881,79.07,0.0,41.857,24.869
289.404,184.401,10.85,21.42,1066.133,579.938,13.011,60.402,160.286,12.708,0.352,0.12,3.592,40.096,21.849,31.427,40.426
749.31,235.035,96.868,0.0,1533.049,0.0,11.767,134.068,419.102,0.0,1.875,0.55,5.002,98.63,0.0,33.595,11.194
482.95,162.926,46.823,0.0,575.926,687.818,12.403,87.595,182.336,2.874,0.53,0.423,3.109,63.361,4.492,24.459,34.773
420.87,244.699,43.995,0.0,989.109,344.55,11.918,75.339,212.647,14.296,0.815,0.055,6.138,64.632,10.565,28.472,40.272
335.126,380.266,134.323,0.0,466.406,848.709,10.663,97.332,241.203,0.0,0.649,0.068,2.53,90.964,0.0,34.722,38.502
390.567,491.394,161.762,0.0,375.266,714.086,13.401,101.278,244.432,27.175,1.366,0.089,11.926,174.64,0.0,57.157,52.983
298.022,281.629,46.707,19.571,682.332,815.279,13.0,45.602,148.051,29.642,0.383,0.132,4.259,62.477,16.128,30.304,51.425
501.389,116.572,40.588,0.0,417.493,889.189,13.678,61.982,146.615,5.96,0.135,0.109,0.267,31.366,3.538,26.118,24.666
506.981,156.722,43.034,0.0,975.175,189.825,11.415,98.255,258.577,0.0,0.858,0.322,3.044,54.376,9.845,23.525,33.703
705.836,162.252,71.649,0.0,1106.341,0.0,12.069,119.292,364.783,0.0,1.695,0.885,9.272,116.882,0.0,32.709,10.578
533.74,961.05,209.094,0.0,1222.966,0.0,15.45,99.077,458.298,45.205,2.406,0.456,9.354,256.193,0.0,84.859,68.661
641.336,154.068,62.714,0.0,910.051,53.369,12.149,125.394,294.117,0.0,1.004,0.147,3.481,68.273,0.0,28.466,15.282
423.999,200.328,44.289,0.0,636.291,685.138,14.132,69.302,136.499,25.233,0.519,0.077,5.327,64.244,10.221,31.801,41.764
660.085,192.099,98.582,0.0,598.675,147.656,10.131,144.781,324.155,0.0,1.041,0.308,8.374,94.049,10.454,21.082,34.781
404.653,166.464,32.288,0.0,715.837,752.164,12.644,72.403,169.546,19.576,0.327,0.221,0.158,29.609,9.893,26.944,28.061
361.358,223.99,74.346,0.0,696.929,756.66,9.242,94.65,217.84,0.0,0.248,0.077,0.564,46.842,9.62,23.792,34.045
474.249,295.84,72.357,0.0,524.709,658.84,13.077,65.801,181.785,10.781,1.11,0.402,12.95,127.524,1.749,35.584,47.245
458.025,157.314,32.632,0.0,1159.529,151.272,13.162,80.592,231.007,2.422,0.809,0.129,4.139,40.649,10.855,26.589,36.083
0.0,484.68,139.751,133.273,948.833,895.204,12.072,24.168,242.116,0.0,0.0,0.0,0.0,0.0,24.855,38.928,52.025
426.057,120.334,36.856,0.0,523.688,887.619,13.1,59.066,138.774,12.351,0.15,0.21,1.361,29.93,14.054,28.094,30.767
506.887,393.692,101.095,0.0,993.91,56.122,14.384,53.956,289.906,12.708,1.765,0.609,14.23,160.722,0.0,48.656,37.383
335.937,291.852,54.211,0.0,1004.127,385.039,11.788,80.113,197.708,17.994,0.702,0.073,5.558,61.674,16.681,29.944,57.117
361.895,319.196,71.903,0.0,1109.038,243.636,11.975,60.97,215.42,11.597,1.22,0.168,9.227,76.066,17.668,28.316,63.833
350.73,142.708,37.353,0.0,572.644,1066.026,11.372,46.702,128.598,0.0,0.0,0.0,0.0,0.0,11.536,22.852,25.836
413.06,147.143,29.375,0.0,675.804,683.055,13.899,76.714,152.453,17.962,0.174,0.081,1.755,37.347,10.391,29.808,30.285
467.643,405.94,97.883,0.0,373.767,653.954,13.15,63.12,153.316,27.887,1.35,0.709,14.718,164.443,0.0,36.086,58.717
608.708,220.707,65.569,0.0,941.048,0.0,12.533,114.69,308.737,2.945,1.208,0.584,5.596,93.418,0.0,34.628,22.662
558.289,130.859,37.548,0.0,718.347,422.572,13.232,72.2,184.514,4.386,0.714,0.278,5.288,62.546,3.879,28.007,25.218
303.107,168.908,30.157,36.564,789.205,744.655,14.184,56.525,159.402,30.183,0.132,0.082,2.629,48.641,26.906,30.971,34.934
738.461,116.376,74.574,0.0,376.591,305.054,11.064,161.034,288.518,0.0,0.599,0.785,0.639,80.229,2.097,25.722,8.383
441.653,365.859,89.429,0.0,639.106,475.377,11.738,98.452,233.329,12.615,0.738,0.272,8.27,89.373,8.083,29.799,52.943
474.106,171.788,34.387,0.0,719.198,575.153,13.56,69.49,152.533,5.016,0.597,0.033,5.982,56.354,13.335,29.684,36.686
315.034,162.881,24.253,10.826,727.528,789.285,13.122,52.167,156.982,15.507,0.222,0.046,2.85,46.219,23.267,30.963,36.259
440.396,211.042,89.332,0.0,592.819,570.299,10.086,142.301,291.062,0.0,0.435,0.12,2.42,67.435,15.281,30.654,35.777
457.989,141.851,20.559,0.0,749.595,705.829,12.317,75.082,171.846,1.666,0.409,0.066,2.047,39.981,9.531,25.544,32.172
626.108,397.526,122.634,0.0,208.077,510.143,12.061,116.992,242.102,15.829,1.43,0.473,12.772,180.723,0.0,44.814,40.416
519.7,248.703,59.461,0.0,360.016,932.99,14.177,55.589,153.838,10.074,0.886,0.52,7.662,128.593,0.0,42.241,33.99
371.377,177.522,28.311,9.658,653.523,794.667,13.963,58.881,137.747,22.866,0.307,0.108,3.509,52.976,15.12,28.982,38.544
486.133,212.366,59.196,0.0,288.155,919.53,12.317,61.42,144.769,0.0,0.791,0.302,10.939,118.045,9.589,30.212,40.283
549.671,184.709,66.65,0.0,679.643,338.925,13.54,83.097,223.3,11.366,0.904,0.578,6.779,88.58,2.983,34.606,28.189
273.679,171.153,19.243,40.136,740.919,891.803,12.263,60.533,159.23,12.63,0.182,0.161,2.249,38.403,13.466,26.166,34.743
348.774,177.898,42.772,3.186,656.301,839.044,13.309,57.396,145.766,18.433,0.37,0.07,5.389,48.003,13.999,32.403,39.052
257.37,188.017,30.664,64.311,722.172,850.947,13.674,39.353,139.105,29.814,0.0,0.0,0.0,0.0,24.296,30.595,34.118
542.417,271.532,87.496,0.0,448.86,502.35,11.007,99.167,226.356,0.427,1.146,0.421,11.562,117.937,2.724,26.504,53.577
424.644,173.613,28.884,0.0,796.874,624.352,12.848,76.967,161.734,13.392,0.452,0.325,2.284,38.323,13.664,26.386,33.122
506.434,178.949,44.036,0.0,1645.089,0.0,13.001,90.822,294.78,0.0,1.181,0.253,1.896,29.112,8.12,28.888,31.765
607.961,142.648,57.403,0.0,1167.552,0.0,12.134,104.588,296.509,0.0,1.009,0.367,0.523,55.459,0.0,29.07,17.59
395.468,558.914,192.47,0.0,151.225,821.746,10.332,77.512,223.418,0.0,1.182,0.18,7.748,168.106,0.0,36.971,46.263
472.771,258.038,60.345,0.0,508.111,577.856,12.801,105.561,232.72,8.783,0.88,0.709,7.032,105.109,0.0,38.528,40.137
326.945,172.082,42.256,0.0,867.974,700.572,11.511,62.165,180.873,11.119,0.445,0.016,2.882,40.962,17.671,25.982,45.31
457.787,276.783,83.046,0.0,1062.85,3.713,10.456,134.884,278.481,0.0,0.707,0.103,1.835,41.782,0.239,38.463,30.364
564.244,169.405,68.741,0.0,444.191,575.743,11.424,102.073,205.056,0.0,0.877,0.31,9.841,118.02,6.425,25.2,34.352
266.791,160.877,36.167,0.0,742.049,942.655,12.307,46.629,151.746,5.303,0.226,0.04,1.24,37.948,13.793,26.1,32.918
410.055,456.497,85.658,0.0,641.259,617.261,15.485,54.889,219.716,38.64,1.201,0.873,7.147,157.559,0.0,48.473,45.751
495.564,145.639,49.621,0.0,691.82,581.24,11.972,93.814,203.923,0.0,0.318,0.011,0.327,34.299,3.029,23.511,21.168
591.806,133.278,40.231,0.0,669.806,454.472,12.693,108.102,209.785,7.55,0.661,0.196,1.779,62.242,0.0,27.58,18.304
530.729,338.482,76.163,0.0,513.642,438.087,12.185,81.951,219.06,7.711,1.58,0.877,15.807,153.336,0.0,30.283,50.706
544.6,259.966,62.174,0.0,1014.575,106.841,13.811,110.969,287.59,25.904,0.755,0.376,3.871,96.329,0.0,44.439,19.405
354.182,431.857,95.877,0.0,754.306,675.894,14.352,65.878,243.543,29.272,1.229,0.262,9.262,156.292,1.862,52.121,44.993
408.64,540.426,132.724,0.0,574.359,508.849,11.814,80.249,256.641,17.04,1.274,0.071,9.483,145.085,1.117,35.786,76.985
878.52,206.187,124.46,0.0,1334.585,0.0,9.117,199.829,459.957,0.0,1.727,0.625,0.385,71.615,0.0,30.886,14.93
73.518,1475.07,418.328,0.0,164.577,480.859,13.551,109.889,485.906,40.937,2.845,0.119,23.209,372.64,0.0,88.171,139.964
434.295,125.863,42.236,0.0,406.634,1143.133,12.832,43.625,127.746,1.2,0.0,0.0,0.0,0.0,5.625,25.28,21.439
478.735,186.225,69.032,0.0,429.773,800.107,11.677,63.234,170.936,0.0,0.625,0.048,7.051,72.917,14.93,28.63,43.773
455.64,164.534,51.422,0.0,668.541,625.084,11.462,77.313,175.972,1.39,0.603,0.166,5.154,70.656,14.369,24.929,41.76
360.736,243.481,29.379,0.0,714.888,656.786,13.727,81.199,192.534,26.194,0.637,0.046,5.936,66.718,16.664,32.157,43.077
680.395,131.945,60.626,0.0,932.428,0.0,12.888,84.787,280.72,0.0,1.37,1.007,8.171,104.152,0.0,26.719,16.518
687.018,430.541,158.497,0.0,128.877,472.429,11.055,109.364,268.792,0.0,1.937,0.75,22.368,248.008,0.0,42.431,43.503
485.364,160.062,40.466,0.0,995.7,367.866,12.126,82.804,203.428,1.431,0.669,0.093,1.913,41.307,13.066,26.942,31.988
416.011,300.142,75.608,0.0,1152.773,66.616,10.821,103.86,225.917,5.732,0.682,0.021,3.969,38.936,11.142,34.393,47.043
448.048,226.213,69.01,0.0,561.343,607.383,12.931,84.694,206.593,2.761,0.976,0.419,11.511,112.007,2.623,33.169,48.476
645.801,172.681,48.858,0.0,1336.433,0.0,13.397,88.185,292.915,0.0,1.035,0.418,2.396,57.824,1.644,32.71,12.92
464.103,324.033,74.416,0.0,515.401,662.636,12.523,61.493,203.882,0.0,1.454,0.538,17.93,150.152,2.383,34.179,57.938
362.368,178.913,24.911,30.293,831.218,678.345,12.827,71.778,158.495,18.152,0.338,0.508,2.334,38.896,17.658,29.074,38.935
461.187,469.939,96.972,0.0,477.489,475.575,13.665,55.033,204.005,24.036,1.659,0.506,20.841,192.881,0.0,43.334,60.013
735.085,124.691,72.92,0.0,790.573,50.899,11.252,125.532,285.718,0.0,0.864,0.462,1.314,64.832,0.0,23.176,11.547
546.687,863.306,198.616,0.0,1823.814,0.0,14.184,82.333,486.028,0.0,3.536,0.298,19.062,224.601,0.0,52.936,71.292
878.474,253.876,154.985,0.0,152.415,30.287,10.64,224.485,400.216,0.0,1.446,1.556,3.941,176.136,0.0,35.914,21.209
344.794,206.099,30.604,0.0,1408.002,140.968,12.637,75.219,224.549,0.071,0.543,0.125,2.574,48.66,17.462,36.661,35.586
604.376,213.354,69.139,0.0,953.187,42.591,10.987,139.188,287.077,0.0,0.733,0.047,0.077,48.326,0.0,31.142,16.631
498.578,195.237,43.502,0.0,1180.703,0.0,11.805,108.457,276.805,0.0,1.108,0.301,4.623,47.83,8.019,28.243,38.034
679.903,84.643,60.635,0.0,401.233,446.32,11.836,118.224,201.416,0.0,0.735,1.024,3.747,80.15,0.0,26.31,19.576
385.657,355.945,73.134,0.0,566.121,664.71,14.099,61.975,161.953,32.765,0.98,0.262,10.591,122.882,0.0,42.445,54.359
498.058,464.389,127.877,0.0,601.04,151.101,10.728,133.85,301.868,14.294,1.159,0.072,7.414,120.894,0.0,39.137,64.032
506.873,115.654,78.144,0.0,433.29,778.264,11.055,101.568,186.782,0.0,0.277,0.001,0.596,57.896,12.499,22.024,25.155
556.075,217.803,69.639,0.0,460.463,555.764,11.746,95.857,196.086,0.0,0.982,0.371,8.078,134.679,0.0,34.882,28.247
179.618,918.63,213.335,0.0,409.572,935.455,14.668,67.356,343.698,30.282,1.917,0.573,14.072,232.798,0.0,55.247,108.445
221.712,237.344,27.946,71.486,967.268,610.897,14.345,49.995,174.136,43.14,0.0,0.0,0.0,0.0,26.174,33.18,38.998
575.596,489.029,157.291,0.0,1135.473,0.0,11.144,98.52,334.952,0.0,2.098,0.522,15.443,143.878,1.715,29.796,65.702
379.067,147.269,34.489,17.927,787.686,746.991,13.233,54.733,151.536,23.316,0.257,0.118,0.493,37.126,17.043,27.29,34.56
493.01,162.512,33.08,0.0,967.145,404.564,12.377,78.109,201.015,3.87,0.516,0.289,0.078,35.794,13.113,25.853,28.745
0.0,1426.323,374.427,0.0,1249.906,120.056,12.767,100.258,527.565,32.284,0.0,0.0,0.0,0.0,0.0,103.721,93.15
727.797,213.413,92.645,0.0,313.177,187.873,11.123,136.272,262.212,0.0,1.283,1.169,10.316,151.253,0.0,31.931,23.451
465.275,204.139,44.727,0.0,1528.226,0.0,12.405,84.449,280.638,0.0,1.154,0.125,1.803,36.294,10.513,27.534,35.265
723.01,209.508,108.451,0.0,228.733,329.204,12.676,123.204,240.334,0.0,1.808,1.203,18.679,210.723,0.0,35.546,32.471
277.509,1784.702,429.024,0.0,11.407,88.619,15.865,144.08,472.846,114.145,3.582,0.057,21.509,489.192,0.0,118.241,142.855
513.698,363.6,147.702,0.0,440.252,560.676,11.261,110.639,226.626,12.517,0.953,0.102,7.721,113.048,2.166,39.815,49.567
319.104,387.048,68.003,0.0,1357.944,104.891,12.707,76.046,279.168,15.38,1.085,0.146,6.121,76.159,9.624,37.937,56.04
351.867,1256.14,292.956,0.0,344.457,237.771,12.472,69.586,308.066,46.732,3.072,0.196,25.471,356.451,0.0,62.676,129.281
151.632,297.088,46.182,88.58,861.388,840.572,14.811,54.217,182.049,53.101,0.201,0.399,3.012,69.048,13.846,44.443,39.227
212.056,236.131,38.986,74.197,829.374,863.238,15.13,48.715,169.558,49.878,0.003,0.161,3.013,54.162,21.769,37.66,33.302
514.748,183.774,37.383,0.0,1430.799,0.0,12.673,86.844,274.616,0.0,1.119,0.239,3.285,37.276,7.043,26.229,31.283
453.173,135.085,34.55,0.0,853.996,556.405,12.805,76.498,183.983,10.58,0.491,0.176,0.611,33.9,13.716,27.301,30.147
410.261,140.844,33.138,1.942,610.924,915.151,12.925,64.128,124.084,17.297,0.183,0.032,1.467,26.892,19.919,25.531,34.092
264.103,470.595,74.563,0.0,711.847,663.518,15.359,54.064,225.989,64.433,1.057,0.763,10.091,141.925,0.0,57.522,43.289
306.97,284.335,42.831,0.0,1050.413,363.98,12.149,88.847,215.758,16.275,0.25,0.522,3.221,52.928,3.988,42.972,37.658
438.956,240.077,39.87,0.0,1473.929,0.0,11.891,81.388,266.152,0.0,1.061,0.022,4.093,34.604,9.078,28.139,39.376
586.15,199.225,59.408,0.0,358.475,613.071,12.878,77.906,187.624,3.632,1.073,0.949,9.891,127.824,0.467,30.679,42.366
151.862,434.427,71.407,47.421,883.384,694.076,14.901,55.138,198.977,46.514,0.675,0.073,6.854,102.734,18.635,43.331,58.603
563.271,106.343,39.65,0.0,962.934,301.124,12.462,90.187,224.716,0.0,0.692,0.059,0.392,37.97,8.593,25.42,22.362
520.386,116.219,34.912,0.0,679.762,599.065,11.852,79.175,172.417,1.353,0.495,0.278,1.229,40.792,12.227,24.043,26.517
354.19,1400.886,329.127,0.0,387.783,0.0,15.303,93.049,399.866,83.363,3.443,0.039,28.16,417.662,0.0,92.823,125.199
258.683,222.519,41.01,57.857,820.024,847.873,12.98,74.252,182.188,15.804,0.448,0.612,2.805,42.378,17.974,29.59,41.525
599.927,459.528,151.244,0.0,754.434,0.0,11.934,109.467,329.193,0.0,2.583,0.844,18.409,215.369,0.0,31.448,64.713
345.062,143.541,52.623,0.0,490.654,1145.374,11.398,40.997,138.005,0.0,0.0,0.0,0.0,0.0,8.869,25.742,18.671
407.885,114.384,23.698,18.619,674.49,868.416,13.539,44.436,133.049,15.805,0.143,0.191,1.079,35.518,14.647,28.607,33.193
371.978,176.992,31.55,0.0,1254.728,298.394,13.306,60.062,210.003,9.374,0.638,0.041,2.87,35.026,15.436,31.181,37.243
795.885,109.624,105.551,0.0,89.844,383.246,10.095,154.128,279.857,0.0,0.906,0.745,9.085,140.013,0.0,27.42,16.401
447.069,198.376,37.395,0.0,1597.715,0.0,13.311,78.21,286.284,0.0,1.172,0.138,2.443,38.401,7.045,27.526,36.204
604.374,158.169,55.39,0.0,1432.693,0.0,12.055,109.543,317.635,0.0,1.252,0.37,0.789,42.689,0.0,27.382,21.269
467.181,214.361,35.638,0.0,1505.349,0.0,12.532,88.96,282.839,0.0,1.206,0.127,2.4,42.818,7.554,27.883,37.505
96.873,393.73,71.623,31.16,995.203,688.755,14.339,61.639,242.585,36.477,0.0,0.0,0.0,0.0,25.691,45.305,53.771
681.31,187.217,71.397,0.0,1062.448,0.0,11.56,162.067,345.459,0.0,0.909,0.115,0.23,48.479,0.0,27.472,12.078
611.253,208.77,45.246,0.0,1869.777,0.0,12.927,98.25,346.168,0.0,1.492,0.53,0.445,43.028,0.0,33.216,20.184
308.71,237.369,35.893,0.0,1247.097,271.578,13.143,78.574,222.169,23.987,0.275,0.016,5.68,37.465,27.295,43.42,36.625
308.057,1268.482,300.984,0.0,422.359,188.404,15.672,80.952,398.355,68.351,3.462,0.819,26.419,409.175,0.0,83.318,128.749
424.565,178.956,48.411,3.383,596.37,689.785,12.543,81.127,169.003,10.185,0.582,0.079,7.137,76.264,23.353,29.623,40.785
492.671,189.634,42.604,0.0,1623.918,0.0,12.413,84.436,289.97,0.0,1.161,0.026,1.551,29.419,9.598,29.761,33.111
306.161,132.824,22.702,66.507,760.831,876.325,13.948,46.023,163.512,36.264,0.147,0.178,3.908,48.952,20.019,29.608,33.476
378.515,160.184,28.702,3.437,900.24,541.328,12.538,71.326,187.105,14.576,0.424,0.026,1.866,34.458,13.588,25.208,32.139
575.172,321.031,124.099,0.0,273.158,589.396,11.696,116.332,238.532,2.439,1.298,0.325,8.639,169.115,0.0,35.965,42.793
89.188,454.004,57.695,55.513,879.835,824.497,14.743,47.571,212.053,60.123,0.171,0.197,1.964,79.37,2.497,48.444,40.195
518.167,132.636,39.508,0.0,649.121,650.768,13.446,75.163,166.858,0.0,0.565,0.271,3.902,58.31,6.325,26.81,34.826
450.992,243.585,37.84,0.0,1579.493,0.0,13.781,77.093,300.817,0.0,1.054,0.506,1.32,59.309,0.0,35.656,25.714
632.216,252.598,76.086,0.0,515.065,237.535,12.922,116.992,268.972,0.423,1.255,0.852,8.191,147.069,0.0,38.826,29.591
453.759,331.255,85.561,0.0,696.48,529.11,11.499,118.363,257.749,2.078,0.651,0.026,5.957,93.49,10.754,33.098,49.802
388.358,152.907,54.788,0.0,444.566,1112.291,12.081,47.269,150.192,0.0,0.0,0.0,0.0,0.0,8.285,26.695,21.982
490.06,255.545,55.504,0.0,1780.791,0.0,12.519,92.556,303.934,0.0,1.3,0.318,1.581,37.263,5.663,34.586,36.255
0.0,661.33,128.516,105.549,1050.458,558.288,15.42,18.61,218.962,75.937,0.0,0.0,0.0,0.0,27.104,54.518,72.294
726.348,251.486,117.991,0.0,473.517,80.995,11.977,174.776,355.14,0.0,1.26,0.653,7.088,154.898,0.0,41.497,22.308
381.318,324.303,57.506,0.0,966.433,371.096,12.997,105.626,243.552,18.572,0.806,0.208,3.396,72.914,0.0,38.699,44.593
687.386,245.843,76.999,0.0,243.847,391.834,13.017,95.686,211.675,0.0,1.575,1.165,16.531,187.947,0.0,34.071,34.856
669.638,135.18,54.808,0.0,681.014,303.394,12.976,104.683,240.779,0.0,0.858,0.494,3.762,86.464,0.0,28.851,12.326
370.672,118.959,25.828,0.0,642.332,838.188,13.0,64.928,158.842,15.377,0.168,0.265,1.106,34.497,13.336,25.47,30.199
103.741,374.779,73.802,124.539,803.116,938.275,16.012,56.248,215.374,66.291,0.469,0.481,3.918,98.856,11.97,45.924,45.17
0.0,611.312,97.901,74.874,897.593,779.727,15.871,43.758,224.893,81.087,0.709,0.068,5.706,125.351,10.487,55.239,67.822
501.737,123.397,33.735,0.0,460.385,860.319,12.519,78.688,149.707,0.0,0.355,0.668,2.201,46.783,6.24,27.636,25.221
391.775,178.753,35.068,0.0,1119.369,389.617,12.141,73.298,211.79,7.174,0.487,0.009,2.467,23.38,12.098,27.573,33.876
925.54,151.269,137.526,0.0,0.0,502.968,10.885,126.686,263.244,0.0,1.656,1.654,16.968,215.058,0.0,32.989,25.644
405.671,115.485,35.757,0.0,458.109,1065.404,12.816,46.306,125.395,8.315,0.0,0.0,0.0,0.0,13.826,25.365,27.189
139.398,1802.552,371.625,0.0,355.58,272.291,18.762,82.504,475.67,133.329,4.106,0.391,31.932,518.138,0.0,117.327,150.166
416.45,221.505,54.129,0.0,1455.153,0.0,12.225,85.452,270.398,0.474,0.956,0.026,3.715,42.185,12.113,29.942,39.764
391.862,160.656,32.33,0.0,835.354,684.595,12.451,71.707,166.198,13.142,0.409,0.119,2.693,36.621,19.523,26.649,38.494
367.096,627.24,124.939,0.0,1118.73,0.0,13.347,64.289,244.069,40.686,1.632,0.029,9.852,140.678,0.0,44.154,81.541
463.706,157.512,34.679,0.0,928.193,403.555,13.133,70.312,170.403,8.87,0.647,0.061,4.536,40.285,13.975,27.82,35.401
373.188,475.126,134.723,0.0,439.688,699.991,13.725,85.038,272.187,29.478,1.415,1.014,12.257,174.635,0.0,52.158,51.721
628.717,225.631,65.229,0.0,712.74,142.933,13.008,143.222,271.617,7.793,0.939,0.488,4.542,124.552,0.0,38.728,12.24
173.373,447.83,109.631,42.596,657.954,932.423,14.691,31.423,166.802,37.157,0.592,0.145,5.206,97.182,13.501,49.307,53.836
574.426,129.823,39.93,0.0,967.236,168.88,12.874,85.821,222.063,0.36,0.895,0.487,4.395,42.386,6.506,25.582,29.375
208.039,242.621,36.702,73.139,932.91,580.524,14.594,48.715,144.396,44.374,0.0,0.0,0.0,0.0,23.163,33.802,36.756
537.611,299.958,83.225,0.0,763.3,252.841,13.702,68.928,256.65,8.062,1.544,0.459,13.777,154.117,0.0,37.972,39.423
50.839,202.381,67.016,55.341,858.478,919.42,13.2,44.415,226.791,2.18,0.169,0.25,2.087,51.594,19.151,37.063,36.921
238.102,1054.759,213.675,0.0,1005.616,0.0,13.961,23.845,222.04,70.576,2.495,0.06,15.499,228.228,0.0,52.078,122.074
517.095,202.383,64.066,0.0,1009.274,155.247,12.57,107.594,292.044,4.273,1.04,0.018,4.241,80.726,0.009,33.306,29.746
591.435,123.123,60.8,0.0,811.057,365.515,11.679,97.368,246.92,0.0,0.628,0.187,1.073,48.098,9.538,25.081,25.151
660.544,435.468,126.673,0.0,0.0,638.609,12.927,63.635,208.953,0.0,2.186,1.856,22.081,275.635,0.0,49.991,58.074
400.327,204.478,37.355,0.0,974.636,382.866,12.733,72.605,170.669,19.259,0.538,0.157,3.85,38.53,16.93,30.617,41.482
308.204,219.575,30.832,15.969,1234.04,211.997,12.129,77.889,215.294,0.0,0.494,0.207,3.539,36.88,14.637,35.031,39.81
511.793,1623.987,417.564,0.0,330.738,0.0,14.574,156.934,556.971,69.946,3.59,0.534,26.144,466.467,0.0,112.843,122.671
464.834,170.171,39.528,0.0,1202.391,239.382,11.987,80.479,238.601,0.0,0.786,0.001,3.312,46.318,13.597,24.306,33.939
527.104,223.212,146.36,0.0,326.419,661.242,10.36,142.747,329.443,0.0,0.825,0.619,9.811,123.791,25.821,32.951,34.578
885.504,224.502,104.194,0.0,1483.938,0.0,11.296,175.721,452.822,0.0,1.935,0.678,0.048,88.897,0.0,36.516,10.349
77.639,494.856,101.967,34.795,919.322,904.922,15.034,74.133,278.462,59.51,0.501,0.011,4.355,102.189,7.343,59.655,45.982
202.062,365.939,68.019,13.361,739.657,794.254,15.018,70.769,216.953,43.366,0.328,0.285,0.631,74.689,2.241,49.11,43.323
27.416,414.748,58.983,133.655,1011.274,712.238,15.14,47.816,211.326,53.001,0.0,0.0,0.0,0.0,34.172,38.139,50.169
518.641,331.253,95.422,0.0,524.566,575.882,12.819,71.453,217.843,14.155,1.513,0.639,15.821,166.097,3.049,34.368,51.807
183.313,159.287,34.777,111.045,720.238,882.359,15.543,54.486,171.101,35.257,0.135,0.715,2.155,45.713,22.152,36.955,33.139
837.136,238.832,128.068,0.0,541.098,0.0,10.244,194.157,396.788,0.0,1.46,0.5,5.143,114.67,0.0,30.825,23.448
308.397,233.408,60.978,29.374,770.081,651.101,12.972,97.933,227.446,14.445,0.404,0.503,4.642,61.712,20.383,32.757,43.473
444.348,267.323,57.495,0.0,953.248,281.804,13.478,62.346,201.745,17.354,0.92,0.027,7.098,75.971,8.031,35.373,41.578
496.647,208.532,63.331,0.0,457.212,704.703,12.538,66.669,146.882,2.57,0.921,0.646,12.937,95.723,15.583,31.321,41.693
490.501,219.092,48.771,0.0,1601.498,0.0,13.268,72.16,287.606,0.0,1.215,0.162,1.943,40.795,8.086,28.626,33.211
493.842,152.254,38.707,0.0,1318.064,87.502,12.883,82.429,257.6,0.0,0.762,0.098,1.411,31.872,2.896,30.368,25.81
326.431,435.255,82.38,0.0,595.078,656.754,13.61,54.568,183.714,22.359,1.151,0.242,14.219,150.236,8.295,44.741,59.98
437.33,220.303,48.7,0.0,832.674,447.269,10.91,104.405,222.45,0.0,0.595,0.209,2.68,38.656,8.505,24.743,33.783
628.324,176.631,70.338,0.0,338.927,582.897,12.229,106.029,204.706,0.0,1.016,0.701,7.793,129.096,0.0,28.541,33.405
397.944,162.122,35.882,0.0,585.326,932.001,13.118,65.137,160.619,10.041,0.231,0.02,0.149,35.956,8.508,27.298,31.325
315.047,163.223,21.556,62.097,682.118,899.117,13.06,60.591,152.967,20.618,0.207,0.369,1.632,48.112,20.17,29.7,35.623
591.6,361.203,99.17,0.0,482.903,291.42,11.99,103.35,257.067,0.977,1.716,0.356,14.37,193.718,0.0,35.721,42.747
452.63,173.922,35.374,0.0,1089.252,241.64,13.442,80.681,229.167,15.954,0.751,0.081,3.488,39.442,9.212,27.375,32.171
433.387,246.353,48.118,0.0,1609.111,0.0,12.974,78.272,253.201,0.0,1.146,0.077,0.591,40.784,11.572,34.585,42.016
477.435,446.972,137.686,0.0,293.39,736.161,11.101,68.894,248.247,0.0,1.684,1.255,23.264,213.851,7.538,37.326,65.318
237.511,190.22,35.985,80.545,824.11,817.44,13.699,68.7,177.281,31.029,0.249,0.358,3.102,38.777,17.6,31.195,37.927
415.024,243.818,48.986,0.0,1616.883,0.0,13.505,72.825,288.881,0.0,1.178,0.113,2.632,51.799,9.52,34.039,38.989
316.63,479.869,136.463,0.0,516.779,761.729,12.166,84.054,228.63,10.074,1.117,0.045,8.757,130.085,1.903,42.468,59.581
603.73,227.896,88.707,0.0,80.152,701.514,12.688,84.635,185.93,0.0,1.429,1.464,17.484,160.864,0.0,40.373,39.7
811.321,184.016,117.277,0.0,0.0,601.234,12.64,142.213,258.45,0.0,1.554,1.641,11.995,209.237,0.0,45.356,22.946
463.873,274.092,74.746,0.0,376.53,834.857,12.653,54.928,163.2,5.122,1.005,0.341,12.02,134.014,0.946,36.626,44.288
438.318,203.209,51.986,0.0,854.325,479.288,13.563,69.596,202.466,15.762,0.63,0.217,5.48,63.412,22.922,31.02,33.834
472.725,338.208,79.587,0.0,554.021,536.417,13.431,57.738,183.117,8.762,1.44,0.511,16.92,154.009,0.0,39.558,52.787
481.696,211.837,58.146,0.0,1551.065,0.0,12.239,95.517,292.734,0.0,1.256,0.061,2.318,39.16,5.539,33.412,36.717
355.186,129.377,59.508,3.799,433.036,1176.49,11.694,33.763,141.525,0.0,0.0,0.0,0.0,0.0,12.951,26.811,21.208
211.659,1693.859,436.683,0.0,37.542,432.401,18.275,130.184,570.793,97.508,3.539,1.04,22.516,503.431,0.0,136.024,134.754
585.183,111.821,39.056,0.0,571.878,575.98,12.607,86.51,184.029,7.635,0.52,0.302,1.644,43.508,8.613,25.402,23.314
350.112,129.449,20.715,38.616,724.812,863.46,13.591,55.166,135.632,22.778,0.167,0.316,0.883,38.295,22.279,27.462,32.876
373.753,182.534,28.529,0.0,1202.986,316.053,12.621,75.078,229.274,7.76,0.643,0.057,2.553,35.067,14.879,28.34,38.391
508.553,374.433,105.7,0.0,635.488,381.668,14.495,96.808,263.87,25.976,1.209,0.779,11.521,157.013,0.0,50.985,31.438
383.132,424.279,82.266,0.0,462.097,603.827,13.502,62.28,172.786,24.582,1.44,0.609,17.349,157.817,0.308,40.817,65.544
505.361,124.578,27.709,0.0,1071.908,295.268,12.834,77.964,214.955,0.0,0.65,0.171,0.016,30.379,10.289,23.084,25.922
256.384,468.753,76.414,0.0,984.82,463.781,14.733,62.795,252.53,46.734,0.803,0.033,5.459,112.07,3.386,54.354,50.338
529.628,163.241,59.839,0.0,280.141,906.975,11.365,79.529,155.558,0.0,0.349,0.412,2.215,71.303,0.0,27.496,20.636
622.101,125.588,31.399,0.0,716.456,324.681,13.057,95.665,197.922,4.004,0.826,0.862,5.09,79.58,0.0,32.33,20.633
401.81,218.195,40.723,0.0,899.14,485.723,13.136,67.52,206.862,13.114,0.849,0.366,4.318,80.587,2.842,31.841,39.673
352.362,310.086,67.352,0.0,753.442,509.092,12.796,89.12,193.703,13.09,0.878,0.312,10.457,97.385,14.618,29.172,54.447
178.266,319.929,50.684,45.07,962.718,647.956,14.687,90.014,254.184,25.35,0.532,0.802,0.382,68.317,3.816,42.812,39.808
281.531,271.947,47.248,21.613,674.858,864.866,13.848,49.291,118.305,21.882,0.203,0.185,2.091,59.107,12.845,30.785,43.766
578.232,429.136,112.398,0.0,663.283,171.448,14.08,80.157,281.985,5.653,1.876,0.841,20.264,217.734,0.0,50.354,35.943
541.487,215.969,130.08,0.0,118.878,898.88,10.744,89.828,219.962,0.0,0.857,0.494,8.502,128.696,10.451,27.261,35.978
301.842,340.214,89.568,19.794,655.618,693.845,12.403,61.828,184.499,0.708,0.778,0.024,10.689,108.314,22.019,30.847,63.668
373.495,391.986,72.074,0.0,1091.808,187.653,13.167,64.329,237.536,10.603,1.381,0.087,10.892,107.948,7.787,34.315,54.776
480.461,1737.603,457.357,0.0,243.982,0.0,15.936,218.323,634.372,99.238,3.298,0.409,16.572,449.707,0.0,132.348,137.928
497.423,220.125,67.819,0.0,343.63,712.218,14.867,69.559,139.094,22.376,0.707,0.469,9.795,97.352,2.235,40.082,39.061
453.328,140.752,36.471,0.0,849.796,405.07,13.747,69.642,177.44,4.376,0.588,0.423,2.062,49.349,9.174,27.788,31.852
509.853,82.193,37.261,0.0,397.698,1010.686,13.361,54.794,120.439,11.757,0.0,0.0,0.0,0.0,8.684,26.251,22.258
551.44,138.999,41.287,0.0,629.149,516.559,12.953,85.305,185.02,16.21,0.847,0.452,6.085,87.947,2.693,29.238,26.838
576.783,96.6,36.443,0.0,560.433,636.964,13.441,77.304,177.492,0.0,0.534,0.501,2.702,69.85,2.977,27.482,19.424
508.119,101.172,25.244,0.0,617.384,740.834,13.851,70.452,152.18,9.906,0.311,0.088,0.473,32.643,9.488,24.655,28.311
500.615,451.312,114.543,0.0,1324.629,0.0,12.637,78.471,329.579,7.828,2.146,0.593,11.664,123.823,0.0,31.286,59.636
206.181,532.884,96.888,0.0,719.729,833.54,15.059,37.653,190.771,55.407,0.993,0.217,8.938,136.45,4.517,49.412,64.372
92.796,513.591,115.678,33.942,540.425,955.885,13.064,32.451,197.227,17.983,0.581,0.005,0.22,82.243,0.0,41.227,49.221
15.869,516.702,74.631,63.852,1044.579,643.586,14.276,21.243,196.922,52.598,0.0,0.0,0.0,0.0,14.48,47.195,57.986
302.854,149.935,27.37,21.43,794.211,821.155,12.952,64.431,155.896,26.383,0.284,0.075,2.392,48.244,25.184,28.565,36.373
694.867,133.768,49.48,0.0,782.193,35.71,12.776,110.802,248.358,0.0,1.051,0.726,3.864,76.988,0.0,26.664,15.277
558.186,99.03,27.378,0.0,751.462,609.157,13.277,82.506,165.807,9.829,0.375,0.336,0.29,35.615,5.475,26.096,21.929
449.214,179.099,31.771,0.0,1530.379,0.0,13.048,79.75,258.109,0.0,0.985,0.028,1.833,30.007,13.843,30.696,34.373
295.715,179.19,39.439,46.448,691.377,862.991,14.657,37.669,140.351,33.221,0.0,0.0,0.0,0.0,24.721,31.271,29.074
562.327,298.725,102.16,0.0,560.129,357.081,11.968,123.007,241.348,3.199,1.278,0.24,10.075,139.488,0.0,34.933,43.185
545.378,376.643,127.98,0.0,437.784,480.104,13.146,145.787,289.132,26.068,0.9,0.525,5.628,148.597,0.0,52.903,40.165
425.096,162.47,34.745,0.0,748.007,645.855,13.898,64.093,150.609,21.62,0.386,0.203,3.119,52.698,16.53,28.424,33.092
476.19,256.711,71.746,0.0,424.361,734.876,12.091,81.647,156.278,12.074,0.743,0.361,5.61,93.664,0.0,31.633,44.231
390.124,280.035,63.697,0.0,614.802,601.152,12.155,70.549,174.297,16.468,0.834,0.343,11.133,98.964,15.459,29.734,54.234
630.145,142.267,62.235,0.0,409.691,404.188,11.964,107.814,194.979,0.0,0.904,0.715,8.317,101.962,0.0,28.723,28.582
502.044,97.761,20.779,0.0,533.588,834.357,14.101,58.32,123.041,12.848,0.139,0.013,0.122,26.696,11.769,26.534,24.98
531.57,348.286,116.092,0.0,253.736,759.467,12.965,62.666,183.207,0.747,1.685,0.87,18.041,197.415,0.0,41.371,54.48
365.274,175.104,32.189,0.0,1035.074,440.174,12.917,70.204,168.828,14.454,0.547,0.006,3.15,42.394,18.508,27.879,40.279
398.061,294.027,71.445,0.0,807.694,356.466,11.344,65.751,204.529,8.341,1.0,0.335,7.985,87.399,5.679,22.383,52.072
259.553,238.855,39.23,2.815,891.154,760.589,12.055,51.973,176.444,10.559,0.227,0.085,2.679,39.794,16.722,32.176,41.302
603.601,199.13,72.965,0.0,1003.369,1.255,11.071,119.742,311.885,0.0,1.223,0.37,7.105,68.547,13.724,25.361,40.05
362.107,139.591,19.331,15.561,785.417,854.438,13.051,46.062,146.352,12.936,0.209,0.11,0.827,38.435,12.456,25.472,31.51
506.231,256.892,44.841,0.0,1670.445,0.0,13.346,94.225,322.591,0.0,1.305,0.073,2.42,46.085,3.987,32.86,24.215
486.812,177.158,27.605,0.0,1266.232,0.0,13.152,84.838,247.724,1.226,0.746,0.023,2.547,32.49,8.998,29.005,28.613
0.0,476.272,76.198,139.83,1071.307,649.552,13.906,41.753,240.91,37.669,0.0,0.0,0.0,0.0,14.022,45.596,48.841
537.637,221.153,57.672,0.0,959.56,125.803,13.955,80.954,264.859,15.858,1.0,0.206,6.087,94.745,1.357,33.609,21.247
377.163,407.943,86.8,0.0,513.969,690.43,12.094,82.785,215.481,14.213,1.068,0.384,7.344,139.181,0.94,34.503,59.441
662.152,95.192,29.706,0.0,911.378,296.488,13.248,89.808,216.06,0.0,0.724,0.814,0.126,55.32,0.22,29.76,14.751
118.197,225.596,71.59,116.573,872.599,813.894,12.563,27.504,183.187,9.374,0.0,0.0,0.0,0.0,31.91,27.53,36.267
635.15,179.671,80.369,0.0,651.246,173.146,10.366,125.632,249.339,0.0,0.952,0.279,5.073,77.217,0.0,23.08,27.058
580.14,136.079,39.137,0.0,1258.411,0.0,13.054,87.875,270.619,0.0,1.003,0.453,2.361,51.485,0.0,28.781,18.894
282.034,182.133,36.048,49.782,733.145,781.076,12.741,73.813,168.151,12.532,0.338,0.367,0.999,35.867,13.481,31.264,40.755
210.329,408.723,146.271,0.0,620.21,815.958,11.817,87.676,284.002,0.0,0.658,0.121,5.999,87.55,21.392,42.512,51.719
469.673,101.792,60.996,0.0,402.294,989.359,10.664,69.996,159.661,0.0,0.055,0.081,0.062,33.021,12.973,24.136,21.874
317.953,281.035,58.703,8.531,728.498,748.056,12.763,58.197,183.398,16.627,0.673,0.099,6.57,80.685,9.647,36.696,49.313
222.436,441.609,63.182,0.0,838.117,690.163,14.565,61.453,199.77,40.456,0.733,0.268,7.837,103.206,7.936,47.303,47.596
353.198,161.275,30.329,30.289,641.572,787.686,13.846,56.225,153.541,26.974,0.279,0.23,3.785,56.618,21.264,28.672,36.613
459.806,325.447,75.736,0.0,532.95,542.278,12.269,70.277,177.97,0.0,1.309,0.534,15.697,137.791,3.751,33.536,60.282
480.596,179.745,42.873,0.0,1035.212,139.026,12.156,101.129,244.232,14.219,0.93,0.378,3.396,64.8,5.445,27.63,36.593
348.881,160.302,35.176,10.479,834.655,592.792,12.421,82.425,180.338,10.912,0.27,0.297,2.966,36.077,20.139,32.062,32.889
336.644,378.029,85.393,1.312,823.808,501.717,14.07,112.776,261.048,29.854,0.724,0.716,2.88,123.092,0.0,51.491,47.663
339.372,156.294,38.376,13.49,872.966,696.584,11.835,63.822,170.951,10.769,0.31,0.081,2.944,42.889,21.256,28.671,38.842
462.648,190.823,42.402,0.0,861.463,396.548,12.775,94.308,213.334,20.98,0.62,0.5,4.395,56.022,7.252,31.874,34.892
394.357,180.41,15.627,0.0,1060.519,433.222,12.812,62.281,185.608,13.468,0.48,0.163,1.56,35.313,11.91,27.928,31.626
415.175,285.598,45.802,0.0,1784.001,0.0,12.984,75.512,289.911,0.0,1.12,0.048,3.009,45.217,9.17,37.024,39.184
504.798,223.441,43.908,0.0,868.985,377.441,12.54,94.356,203.973,6.391,0.451,0.205,0.369,56.812,0.0,35.977,22.868
439.459,1069.56,298.281,0.0,261.952,160.86,12.341,128.023,343.184,45.353,2.393,0.031,18.103,293.865,0.0,69.386,111.797
354.86,182.184,21.74,21.081,896.315,607.846,14.297,59.341,167.16,30.916,0.28,0.164,3.304,46.324,17.425,29.728,38.163
660.186,97.163,50.266,0.0,787.634,206.899,13.468,71.097,227.649,0.0,0.858,0.818,2.183,64.685,0.0,25.914,21.051
500.836,349.72,88.383,0.0,276.553,677.978,12.397,65.484,198.686,0.776,1.534,1.397,18.05,188.891,0.0,37.895,54.95
0.0,496.558,103.503,172.66,899.541,959.193,16.498,46.395,270.772,53.508,0.312,0.021,6.635,90.094,30.616,56.421,58.561
273.281,208.561,48.852,44.549,730.111,863.166,12.216,75.433,167.769,10.137,0.189,0.197,0.765,50.321,20.084,31.627,38.735
510.888,118.47,25.401,0.0,763.343,628.747,13.554,57.804,151.672,13.23,0.209,0.15,0.045,24.358,11.346,26.198,23.619
414.228,133.308,20.172,21.754,678.706,860.768,12.778,63.838,130.354,15.287,0.114,0.256,0.255,29.246,14.227,25.628,32.225
458.395,157.958,42.892,0.0,1227.461,189.196,12.85,68.366,224.767,0.0,0.79,0.103,1.361,38.019,15.146,26.2,33.673
33.837,505.028,83.12,119.105,629.606,1077.788,16.535,48.152,224.052,61.417,0.777,0.396,3.373,113.969,0.0,57.094,46.974
538.46,148.192,52.299,0.0,577.74,467.382,13.133,74.14,206.656,0.0,0.925,0.701,6.737,95.445,1.6,28.11,33.593
478.182,108.533,35.888,0.0,682.826,726.973,12.756,73.411,154.542,6.832,0.366,0.241,1.82,30.87,13.429,24.636,28.622
332.906,186.453,26.174,30.291,697.486,752.176,14.427,46.819,120.131,35.811,0.0,0.0,0.0,0.0,24.06,31.503,34.396
380.637,430.372,81.512,0.0,908.022,388.591,14.588,66.122,230.088,35.947,1.202,0.297,9.707,139.698,1.804,47.64,43.766
341.178,177.954,29.262,1.733,1040.713,512.858,12.785,68.127,170.66,14.704,0.483,0.053,2.992,36.866,21.482,29.156,40.151
297.535,559.95,115.352,0.0,548.656,678.641,14.02,52.064,182.669,33.082,1.597,0.937,18.4,177.071,0.0,47.442,78.185
713.326,229.234,92.368,0.0,301.943,388.574,12.526,113.68,261.265,0.0,1.839,1.308,18.96,205.159,0.0,30.786,32.223
569.318,155.433,81.861,0.0,363.119,673.354,9.926,111.774,223.962,0.0,0.444,0.185,2.798,80.66,2.86,21.456,22.545
765.173,189.303,124.637,0.0,198.508,378.764,11.459,165.173,315.182,0.0,1.185,0.923,6.66,154.586,0.0,44.279,25.15
497.83,161.892,35.374,0.0,1355.544,4.375,12.356,93.637,269.711,0.0,0.913,0.117,0.708,38.544,10.998,26.175,29.012
381.545,140.322,26.991,11.659,884.801,659.398,12.93,63.188,156.937,13.722,0.366,0.188,0.848,38.791,18.626,28.4,37.677
270.906,440.877,82.381,0.0,734.716,696.424,14.806,53.159,176.899,46.533,1.032,0.159,10.199,129.06,11.841,44.416,54.858
549.796,248.238,82.936,0.0,1130.803,0.0,12.13,138.181,312.087,0.0,0.9,0.304,0.142,73.301,0.0,41.878,26.814
561.941,233.619,79.245,0.0,601.182,398.33,14.015,76.127,235.788,5.032,1.342,1.561,14.503,153.83,0.0,41.842,30.245
696.43,133.934,67.555,0.0,625.07,33.986,11.989,157.03,282.286,1.68,0.764,0.238,1.599,67.509,0.0,31.881,12.441
362.518,155.027,27.374,26.636,795.955,757.355,13.442,71.147,151.333,24.973,0.296,0.044,2.375,32.988,20.451,26.852,40.769
375.889,171.247,23.24,15.193,709.094,797.567,12.813,70.027,136.506,11.813,0.345,0.268,3.859,47.063,16.611,27.361,39.313
345.791,326.868,59.536,0.0,906.673,377.95,14.588,53.413,218.275,39.719,0.913,0.477,8.837,104.222,7.95,41.963,43.749
642.714,143.583,44.373,0.0,616.274,330.49,12.815,95.487,193.899,0.0,0.795,0.65,5.659,81.332,0.39,29.507,18.924
791.272,141.264,78.025,0.0,1183.029,0.0,10.142,159.901,381.436,0.0,1.331,0.281,2.085,62.169,0.286,25.88,8.516
556.037,158.381,64.068,0.0,808.702,306.726,12.12,132.104,306.517,1.072,0.956,0.291,5.619,93.963,0.0,34.509,12.94
504.107,446.002,125.489,0.0,146.535,729.611,13.585,92.803,244.386,0.0,1.821,1.393,13.477,206.032,0.0,46.72,50.558
339.526,161.22,12.222,16.781,921.707,591.337,14.066,72.124,173.087,33.553,0.267,0.294,3.412,35.163,22.529,32.573,35.014
377.871,123.715,47.28,0.0,416.61,1098.101,12.614,46.047,121.465,1.907,0.0,0.0,0.0,0.0,9.469,26.489,22.382
413.27,126.019,44.784,0.0,414.222,1121.831,11.486,44.319,125.126,0.0,0.0,0.0,0.0,0.0,11.771,26.897,19.745
370.428,850.808,212.06,0.0,687.061,211.248,11.964,50.284,273.805,11.278,2.461,0.613,21.502,267.17,0.0,43.991,113.658
326.62,131.298,31.038,68.683,710.75,801.509,13.822,43.628,144.386,24.809,0.154,0.273,1.063,43.93,20.004,31.897,29.965
480.463,439.499,62.722,0.0,1064.136,13.371,12.962,77.035,267.109,26.743,1.16,0.066,3.218,97.424,0.0,53.349,37.06
358.714,394.194,77.176,0.0,579.174,746.467,14.289,59.396,187.351,28.1,1.24,0.895,11.425,148.712,0.0,44.086,55.123
338.638,311.54,73.522,0.0,543.706,954.854,11.575,51.434,144.811,0.0,0.531,0.192,6.972,87.109,10.339,26.834,47.342
324.218,360.46,61.548,0.0,1086.121,325.009,13.692,66.054,238.046,20.428,1.033,0.049,8.686,89.483,3.774,42.788,45.778
513.511,149.737,27.885,0.0,1181.197,75.247,12.302,97.181,233.186,3.666,0.736,0.48,1.037,37.266,3.076,29.45,26.625
343.993,151.528,20.437,15.776,838.064,780.088,12.898,50.622,137.351,22.815,0.246,0.085,1.199,33.589,25.651,29.531,39.664
491.723,202.07,61.492,0.0,1004.719,140.249,10.623,100.993,265.13,0.0,0.905,0.15,3.794,61.394,8.284,26.998,35.225
349.827,176.942,9.414,0.0,1120.709,461.18,12.945,53.02,189.708,13.695,0.387,0.266,2.734,29.463,19.351,28.917,33.955
335.664,467.784,112.226,0.0,380.98,981.573,12.955,43.266,180.602,7.225,1.458,0.656,13.356,169.842,1.906,44.353,63.8
293.868,475.003,84.759,0.0,684.01,663.614,14.326,48.311,180.144,45.172,1.146,0.135,12.496,148.165,3.647,51.11,57.568
381.993,148.804,28.723,0.0,998.733,571.6,12.703,59.16,162.662,15.543,0.411,0.018,1.858,30.685,22.412,28.395,36.007
410.068,199.173,55.987,0.0,506.37,845.998,12.31,79.809,150.993,0.0,0.592,0.538,5.734,74.837,6.452,33.876,40.742
461.96,250.302,66.637,0.0,409.207,802.262,12.474,71.125,157.022,0.0,0.777,0.188,10.489,102.719,11.539,30.89,47.911
626.159,239.094,117.089,0.0,77.963,813.835,11.223,106.765,236.67,0.0,1.084,0.278,13.083,173.862,0.0,31.437,28.904
478.725,387.054,101.898,0.0,474.093,649.458,13.481,87.063,234.23,24.65,1.229,0.383,10.251,163.367,0.0,49.64,46.639
470.85,116.338,58.541,0.0,435.717,897.645,12.127,77.325,165.15,0.0,0.274,0.287,2.297,42.476,7.172,27.377,26.881
292.635,157.266,35.105,25.625,764.616,868.28,14.0,37.956,148.636,24.493,0.105,0.183,2.406,44.415,24.403,32.883,28.316
411.79,150.137,26.724,0.0,791.592,664.311,12.962,54.367,152.253,8.619,0.336,0.041,1.494,34.83,17.63,26.285,34.464
377.692,145.14,25.115,24.549,940.512,570.516,13.64,56.818,150.34,28.771,0.297,0.221,3.661,39.682,24.583,31.479,34.726
14.184,456.76,127.939,0.0,1115.415,645.579,10.73,67.771,271.503,0.0,0.0,0.0,0.0,0.0,33.602,43.832,55.798
325.949,1094.281,233.706,0.0,671.137,106.513,13.558,66.47,336.97,40.684,2.546,0.583,21.617,302.643,0.0,61.705,123.842
288.393,242.077,44.297,32.024,673.49,901.695,13.572,58.657,142.116,18.676,0.372,0.144,2.129,49.322,12.841,30.022,38.589
639.431,158.133,65.619,0.0,964.352,0.0,12.708,106.768,304.972,0.0,1.222,0.497,4.67,87.655,0.0,25.37,20.772
531.58,116.476,60.938,0.0,368.097,801.57,12.174,101.839,172.963,0.0,0.321,0.036,1.991,42.408,2.848,24.792,22.725
313.078,280.99,30.497,0.0,1088.715,346.869,11.974,69.886,187.287,13.05,0.612,0.049,2.748,39.679,9.894,29.876,47.116
531.98,1053.526,307.751,0.0,95.91,51.663,11.346,138.434,351.571,34.784,2.421,0.519,18.512,301.009,0.0,69.511,115.363
546.581,232.346,69.653,0.0,471.175,537.757,13.956,68.246,176.41,7.762,1.114,0.794,13.914,131.681,0.0,37.898,42.236
119.822,244.776,39.766,99.867,866.305,876.394,14.788,33.718,172.64,45.109,0.0,0.0,0.0,0.0,25.76,37.918,32.077
284.485,206.944,20.037,70.731,746.024,770.101,14.718,59.678,163.144,45.924,0.117,0.052,4.069,36.84,23.639,27.486,37.712
418.489,490.225,101.393,0.0,522.848,567.288,13.441,111.48,266.244,36.761,1.289,0.453,10.933,174.276,0.0,49.831,52.767
519.351,133.218,33.648,0.0,587.893,649.186,13.613,75.383,143.674,15.157,0.363,0.335,0.113,26.312,10.949,27.582,24.896
305.934,147.143,13.197,56.11,715.265,925.951,13.344,43.596,126.693,29.411,0.071,0.148,2.51,37.924,22.853,27.259,34.345
306.793,220.839,23.676,5.088,963.077,626.901,12.861,66.144,171.632,21.807,0.336,0.026,3.218,43.585,17.701,30.805,42.705
811.176,234.535,116.415,0.0,51.106,329.855,12.871,84.662,245.213,0.0,1.905,1.658,22.106,229.086,0.0,35.064,30.838
532.661,235.817,52.748,0.0,1452.33,0.0,13.265,88.037,293.871,0.0,0.998,0.47,2.308,69.42,0.0,42.21,20.188
568.576,199.621,54.071,0.0,1279.658,0.0,11.918,125.317,312.096,0.0,0.911,0.098,0.645,36.477,1.952,30.334,24.103
383.427,234.729,51.414,0.0,667.265,796.301,12.644,76.635,158.67,18.298,0.57,0.429,4.12,73.368,10.547,32.791,41.4
288.385,156.394,27.881,49.056,788.334,849.719,12.941,58.261,162.641,19.995,0.241,0.034,2.557,37.893,20.481,28.376,34.928
459.049,287.316,56.89,0.0,1171.687,0.0,12.49,84.646,249.959,14.508,1.407,0.465,6.138,80.868,3.851,32.157,41.792
800.152,234.559,133.076,0.0,0.0,545.957,12.124,92.834,223.896,0.0,1.776,1.579,20.902,248.257,0.0,40.334,31.439
415.157,194.039,34.943,0.0,1164.721,192.505,12.054,89.797,220.942,6.834,0.676,0.213,1.719,29.176,8.445,28.597,36.797
38.931,381.032,71.148,43.222,1102.243,656.241,14.226,68.768,242.824,23.581,0.0,0.0,0.0,0.0,21.952,51.828,48.8
502.665,122.128,38.671,0.0,409.024,941.295,13.257,69.531,142.538,1.989,0.193,0.419,0.591,43.594,10.347,27.376,20.646
436.459,211.449,42.553,0.0,1811.833,0.0,12.298,81.756,294.096,0.0,1.268,0.036,3.096,31.084,15.655,31.334,40.045
335.948,182.852,30.791,38.486,776.703,645.584,12.845,82.473,190.408,25.423,0.264,0.256,2.243,38.068,15.388,32.441,37.471
379.674,167.028,27.156,0.0,1041.211,389.916,13.006,74.503,198.986,8.221,0.61,0.112,3.562,45.381,16.697,29.708,40.467
400.96,134.952,21.406,8.711,571.391,924.84,13.335,62.583,128.28,17.359,0.188,0.148,1.584,37.144,13.7,26.803,32.605
24.627,498.366,103.405,134.489,731.483,1027.433,16.378,44.47,233.458,47.272,0.481,0.683,3.472,115.15,15.215,52.926,53.466
361.354,201.089,50.988,0.0,552.721,995.888,12.265,45.711,143.061,8.689,0.251,0.154,1.241,46.025,10.892,25.923,38.207
395.285,386.524,72.494,0.0,539.347,696.347,13.048,64.129,195.72,16.373,1.141,0.53,11.385,137.833,3.284,39.36,54.855
317.838,360.008,65.723,0.0,712.112,679.32,13.394,64.57,166.445,31.9,0.788,0.011,7.489,96.088,9.831,35.107,55.321
105.298,405.299,72.595,38.516,893.243,866.259,15.223,47.308,182.332,52.197,0.363,0.245,4.19,77.102,15.859,49.637,50.257
368.752,171.498,30.19,0.0,854.892,620.983,11.622,81.729,180.329,2.382,0.394,0.114,1.451,37.863,11.485,25.462,37.073
493.558,160.781,36.392,0.0,418.634,935.398,12.951,66.636,142.523,0.0,0.374,0.5,2.185,59.626,1.26,28.575,28.254
455.316,121.827,37.621,0.0,405.475,1039.645,12.357,48.168,128.011,0.0,0.0,0.0,0.0,0.0,7.811,26.243,22.254
475.793,149.103,37.288,0.0,663.408,644.232,12.819,72.572,161.788,13.066,0.535,0.001,4.038,65.314,9.546,27.745,34.141
417.85,171.634,20.324,0.0,1109.303,328.997,12.843,75.719,206.084,8.736,0.471,0.289,1.73,34.393,12.973,27.442,30.651
556.865,132.312,28.393,0.0,1111.358,195.501,13.446,73.286,221.487,0.0,0.601,0.29,0.091,32.469,7.18,27.957,19.495
303.366,375.706,104.124,0.0,721.906,695.035,12.227,86.769,247.327,0.0,1.088,0.259,12.661,129.418,18.652,37.373,62.247
561.879,250.005,59.883,0.0,1341.496,0.0,13.432,97.565,305.899,0.0,1.276,0.808,5.203,94.251,0.0,39.242,18.534
0.0,1088.026,187.761,129.007,1147.142,645.871,16.889,8.113,331.5,124.442,0.0,0.0,0.0,0.0,5.857,78.434,90.821
520.161,390.683,103.203,0.0,462.601,526.056,12.352,53.822,215.212,12.802,1.659,0.693,18.314,183.127,0.0,36.908,51.078
519.588,501.528,157.517,0.0,109.69,675.81,12.884,117.375,269.384,6.846,1.559,1.448,8.147,205.341,0.0,54.314,44.405
0.0,429.772,76.063,60.589,1125.317,620.411,13.34,55.476,245.762,29.911,0.0,0.0,0.0,0.0,26.17,41.605,48.227
408.009,362.132,69.633,0.0,513.965,706.746,13.825,58.385,143.178,23.477,1.009,0.117,12.395,128.657,3.923,39.351,55.986
410.413,166.534,20.245,0.0,1000.466,460.764,12.681,85.74,208.813,5.661,0.545,0.125,1.279,32.843,11.918,27.864,35.848
498.135,105.317,31.474,0.0,769.497,606.001,14.14,63.815,160.242,16.516,0.262,0.202,1.303,36.77,13.253,28.432,30.771
258.537,182.608,21.954,57.274,778.84,866.54,14.245,61.441,176.618,21.751,0.14,0.356,1.878,50.745,22.23,33.273,35.481
403.573,441.648,90.922,0.0,1088.959,217.979,14.449,56.992,254.373,33.206,1.065,0.102,4.528,110.75,0.0,51.031,47.114
319.002,155.849,37.317,37.047,681.525,989.381,12.403,41.516,144.681,12.171,0.086,0.039,1.164,39.973,16.891,28.862,33.919
374.087,140.479,24.207,0.0,740.962,761.591,12.872,66.602,141.872,15.521,0.201,0.009,1.681,35.265,18.856,28.318,37.535
488.986,1641.038,390.61,0.0,656.778,0.0,17.392,127.511,568.855,92.324,4.256,0.871,23.836,478.145,0.0,123.326,114.889
273.724,166.367,25.722,36.119,866.721,835.997,13.368,44.907,154.926,16.021,0.141,0.255,0.788,46.479,18.797,32.716,34.261
529.026,669.143,148.472,0.0,1210.417,0.0,12.899,94.939,328.979,25.47,2.28,0.344,11.898,178.846,0.0,47.412,77.104
0.0,1581.836,326.804,0.0,725.218,653.996,18.603,51.75,404.394,118.409,2.458,0.597,15.07,339.565,0.0,107.441,139.049
417.614,155.873,27.816,0.0,1013.87,415.994,12.575,76.598,207.021,15.777,0.582,0.168,2.554,38.121,12.796,26.055,33.365
300.582,146.937,33.869,29.344,711.606,936.705,13.581,39.645,114.257,29.477,0.0,0.0,0.0,0.0,22.472,27.089,29.347
736.282,113.556,73.943,0.0,418.868,165.854,12.255,103.935,228.92,0.0,1.368,1.238,11.16,136.4,0.0,27.738,21.928
653.976,256.819,88.748,0.0,632.141,163.92,14.259,85.713,288.792,0.0,1.632,1.285,12.428,190.935,0.0,40.427,20.202
0.0,1135.463,239.397,0.0,518.054,912.906,16.257,38.061,292.807,78.148,2.183,0.006,15.805,259.426,0.0,74.816,112.887
366.478,121.074,46.891,0.0,468.039,1090.029,12.102,41.308,138.493,0.0,0.0,0.0,0.0,0.0,12.302,26.815,26.08
896.099,219.53,171.255,0.0,0.0,456.361,12.512,154.37,284.1,0.0,1.621,1.56,16.282,241.506,0.0,51.389,19.909
378.692,164.108,31.778,12.016,788.62,733.633,14.168,66.712,149.994,25.333,0.392,0.407,3.123,53.452,15.819,31.002,34.683
411.969,168.173,28.151,0.0,1428.48,28.556,12.906,73.67,247.689,0.0,0.808,0.001,1.976,33.693,11.455,30.478,32.65
252.391,288.405,36.097,0.0,918.124,628.858,12.802,96.135,223.739,22.931,0.343,0.142,1.475,63.092,1.431,42.716,43.625
412.032,139.915,36.591,0.0,898.906,516.422,12.578,73.594,197.225,8.754,0.408,0.053,1.832,32.953,10.961,27.184,31.33
447.546,193.4,34.892,0.0,1521.268,0.0,13.013,79.077,278.709,0.0,0.983,0.011,2.719,30.278,11.466,29.156,35.616
623.231,162.462,66.468,0.0,380.287,467.981,11.939,98.547,209.878,2.244,1.096,0.544,8.244,119.242,0.0,28.193,29.189
458.333,197.182,43.787,0.0,1343.413,48.393,11.873,87.259,255.205,0.0,0.943,0.066,2.347,35.215,12.916,27.965,34.608
230.326,220.317,27.465,55.567,854.969,806.301,14.432,41.131,134.378,38.157,0.0,0.0,0.0,0.0,27.36,29.426,36.834
403.761,180.099,29.091,0.0,1313.518,181.614,12.421,73.461,230.637,0.0,0.705,0.125,1.934,30.773,13.529,26.489,32.964
150.722,377.359,66.534,59.104,799.987,890.853,13.378,54.697,208.942,35.2,0.311,0.166,0.271,76.432,7.446,34.244,48.602
405.825,237.687,45.06,0.0,773.562,580.254,12.966,75.597,171.703,15.361,0.722,0.024,7.107,75.118,6.549,30.457,39.186
809.572,178.998,131.03,0.0,0.0,661.336,11.382,128.442,256.709,0.0,1.298,1.307,10.691,178.439,0.0,34.019,27.411
561.338,209.418,42.203,0.0,1505.13,0.0,12.998,112.335,294.787,0.0,1.113,0.306,0.848,47.863,0.0,33.998,19.646
448.768,127.903,26.699,0.0,855.119,605.09,12.821,64.736,150.843,10.942,0.389,0.124,1.338,30.849,13.937,27.18,34.017
339.946,492.181,144.397,0.0,531.048,685.294,13.879,88.397,288.854,27.88,1.379,0.597,18.044,175.659,18.448,53.981,60.365
402.216,378.187,66.75,0.0,766.714,516.887,13.889,72.604,194.391,32.152,0.796,0.614,5.962,105.175,0.0,43.865,43.94
513.958,241.634,49.522,0.0,1878.412,0.0,13.209,77.865,326.789,0.0,1.351,0.075,0.651,37.613,3.858,33.532,24.955
493.4,355.82,74.907,0.0,1182.389,0.0,14.477,75.276,276.335,12.41,1.342,0.534,9.027,128.448,0.0,45.722,33.998
661.739,209.446,139.049,0.0,92.723,488.687,9.7,139.865,280.155,0.0,0.769,0.6,5.807,129.058,0.0,31.151,16.166
0.0,406.053,87.86,186.954,832.243,1058.172,14.951,49.013,274.748,26.739,0.357,0.176,4.615,72.94,24.838,39.338,50.662
262.921,332.908,47.354,6.676,711.534,885.867,13.699,43.57,167.004,31.725,0.584,0.173,5.143,83.561,8.134,41.589,49.323
373.408,318.623,82.792,0.0,415.802,937.561,11.325,56.141,162.936,0.0,0.685,0.442,6.766,98.492,1.216,28.602,44.71
565.24,110.126,44.613,0.0,563.583,502.222,11.443,91.565,212.057,0.0,0.522,0.127,2.037,47.529,11.865,24.428,22.633
582.091,196.051,104.604,0.0,239.036,785.036,9.684,115.791,225.095,0.0,0.554,0.381,2.844,94.703,3.619,24.794,23.871
410.447,149.403,30.266,2.72,631.877,877.442,12.732,55.171,136.862,19.129,0.284,0.092,2.028,34.377,18.876,27.68,36.373
489.333,151.791,35.048,0.0,1117.769,185.835,12.332,81.037,230.41,0.0,0.748,0.39,2.277,47.407,13.846,27.43,25.612
784.95,152.765,133.135,0.0,232.657,94.553,9.247,188.815,335.919,0.0,1.046,0.832,4.757,132.881,0.0,29.115,18.384
321.442,384.218,55.169,0.0,719.682,721.506,13.394,52.086,158.342,40.643,0.632,0.025,5.999,96.874,2.712,39.666,50.433
325.57,173.558,25.027,50.055,902.64,630.667,13.84,72.642,186.687,17.373,0.369,0.395,2.188,35.8,16.95,30.089,38.96
477.097,378.604,90.675,0.0,490.719,434.406,12.85,84.962,223.363,11.469,1.576,0.547,18.816,176.581,0.0,40.097,55.318
345.103,193.107,20.105,6.636,892.681,618.95,13.317,73.373,183.419,19.291,0.356,0.028,3.207,37.487,21.282,29.896,37.985
293.908,762.575,161.215,0.0,1086.085,90.166,14.052,91.966,354.759,35.143,1.664,0.261,7.179,182.094,0.0,67.394,70.941
372.129,114.163,49.201,0.0,377.617,1187.188,11.906,31.337,127.09,0.0,0.0,0.0,0.0,0.0,11.462,23.33,20.076
271.932,148.383,26.15,60.519,765.028,829.036,13.234,58.165,146.106,28.915,0.077,0.131,2.296,35.627,21.596,30.734,34.591
467.26,168.649,39.859,0.0,879.18,454.067,12.402,92.986,213.153,9.286,0.418,0.026,1.264,35.512,13.821,27.007,33.373
282.387,1268.816,282.914,0.0,516.151,285.341,15.222,68.642,333.512,71.403,2.939,0.117,21.709,357.959,0.0,86.161,123.352
815.784,199.411,107.36,0.0,240.937,81.848,11.898,103.526,258.412,0.0,1.869,1.517,21.344,207.532,0.0,33.505,29.666
433.121,151.655,25.767,0.0,734.043,670.101,12.156,73.834,162.087,9.064,0.274,0.278,1.057,37.661,12.642,26.063,28.845
784.71,166.247,114.745,0.0,476.758,0.0,8.907,190.651,336.077,0.0,0.852,0.503,6.245,97.42,0.0,27.14,11.024
35.764,473.651,127.352,61.538,704.544,964.145,13.193,38.248,251.414,14.668,0.518,0.197,1.224,80.599,6.781,43.725,48.769
158.031,481.324,61.565,14.241,1050.994,537.342,16.084,63.914,249.4,65.84,0.54,0.21,3.152,116.06,2.242,59.833,42.882
676.48,126.408,51.92,0.0,1558.486,0.0,12.031,112.171,352.572,0.0,1.367,0.5,0.875,50.759,0.0,28.669,14.89
515.147,114.041,31.36,0.0,761.424,544.354,14.028,75.949,187.092,15.094,0.537,0.206,1.401,38.62,8.113,25.479,26.609
618.113,317.924,90.405,0.0,463.331,171.436,12.33,88.818,235.35,0.0,1.929,1.213,18.192,190.32,0.0,33.704,52.846
358.661,163.459,27.046,37.414,894.974,651.281,12.278,65.667,178.152,10.234,0.319,0.385,1.375,34.049,17.38,29.348,35.71
501.551,150.985,36.892,0.0,1326.704,51.115,12.888,83.324,252.734,0.0,0.907,0.058,0.078,34.754,7.808,26.646,29.761
368.568,171.129,24.269,21.335,750.735,696.202,14.234,57.849,148.179,21.389,0.287,0.283,2.52,40.493,19.369,31.68,31.57
546.038,471.509,131.021,0.0,914.689,0.0,11.657,125.626,294.643,20.12,1.514,0.193,9.175,125.249,0.0,38.875,61.396
677.923,1083.626,333.424,0.0,94.276,0.0,10.02,158.04,423.12,0.0,3.03,0.317,23.672,350.975,0.0,51.724,111.065
441.659,173.903,23.638,0.0,1351.388,0.0,12.632,90.398,254.145,0.0,1.029,0.311,1.785,39.752,8.862,26.666,36.377
560.256,720.987,235.551,0.0,216.015,304.685,9.721,97.741,293.638,0.0,2.206,1.006,24.166,254.47,0.0,30.256,101.61
462.819,218.095,62.178,0.0,957.32,269.393,9.7,126.02,262.043,0.0,0.591,0.03,0.324,26.093,10.143,23.853,35.517
581.357,257.285,92.954,0.0,329.156,523.902,13.053,132.46,241.399,9.709,0.655,0.634,2.845,92.301,0.0,34.952,30.039
468.046,278.008,73.015,0.0,1263.717,0.0,12.086,83.887,266.742,0.0,1.271,0.299,7.745,73.234,11.517,24.621,52.026
476.511,161.612,28.042,0.0,1050.784,273.722,13.096,71.808,203.186,1.515,0.728,0.021,3.022,40.569,12.707,26.91,33.172
623.187,93.596,58.726,0.0,541.63,321.772,11.855,125.203,260.265,0.0,0.984,0.524,5.502,98.921,0.0,25.159,23.51
470.02,112.47,52.03,0.0,370.413,1106.22,12.934,56.17,142.541,0.0,0.0,0.0,0.0,0.0,3.047,25.457,19.157
507.184,140.951,32.676,0.0,593.049,576.826,13.029,91.45,171.505,11.76,0.501,0.404,2.881,58.566,5.793,26.41,25.676
446.305,317.232,89.551,0.0,597.634,527.282,12.468,70.055,230.786,11.33,1.146,0.796,13.125,131.901,3.343,37.236,47.982
319.531,155.541,32.138,36.384,715.851,905.431,12.371,62.485,161.78,11.006,0.246,0.147,1.835,39.304,16.913,25.111,37.711
507.175,253.65,57.82,0.0,1551.174,0.0,13.573,71.768,300.416,0.0,1.241,0.031,4.247,68.617,3.423,33.761,27.982
237.031,486.776,105.939,0.0,693.497,771.719,15.028,99.377,282.484,34.515,1.21,0.813,6.58,159.879,0.0,59.801,48.095
133.812,245.135,62.538,57.598,862.396,800.523,12.483,41.913,171.225,14.399,0.0,0.0,0.0,0.0,26.346,34.231,40.813
454.047,810.376,167.19,0.0,1513.572,0.0,12.99,58.827,350.415,16.311,2.133,0.024,9.366,163.736,0.0,55.204,79.493
493.509,126.797,36.567,0.0,843.505,393.918,12.629,83.542,167.895,10.802,0.614,0.135,4.055,38.853,8.699,26.393,30.286
654.431,117.01,43.963,0.0,876.321,230.497,14.36,76.245,208.414,1.772,0.62,0.365,0.845,48.715,1.215,28.123,12.664
277.594,187.962,36.029,76.396,670.58,902.686,13.907,63.218,166.519,24.1,0.39,0.57,1.757,45.006,15.921,33.71,37.051
369.284,277.002,60.47,0.0,757.765,588.676,12.399,68.468,172.545,13.162,0.879,0.011,9.598,81.134,16.284,30.339,57.375
440.723,344.755,91.616,0.0,656.57,557.61,12.222,104.086,261.41,0.622,1.292,0.234,14.109,146.96,13.099,36.052,50.552
244.724,465.217,78.75,40.222,475.916,884.877,15.459,63.634,197.727,43.703,1.251,1.091,10.287,150.051,0.0,54.151,48.377
410.282,233.442,42.387,0.0,1518.271,0.0,12.944,74.767,264.049,0.0,0.973,0.017,1.463,38.858,9.11,30.584,35.188
364.484,399.088,105.426,0.0,377.972,1029.284,13.098,65.335,209.411,0.0,1.454,1.116,10.842,161.97,0.369,46.328,54.89
478.363,174.862,60.232,0.0,764.697,516.207,11.251,115.26,224.454,0.0,0.396,0.007,0.608,33.943,10.361,25.321,31.948
306.725,261.317,55.996,6.564,721.699,807.43,11.042,70.453,186.499,7.167,0.443,0.061,4.348,66.317,8.562,22.069,45.87
453.843,1378.109,295.597,0.0,158.727,183.999,13.533,50.342,324.104,61.705,3.315,1.436,23.393,397.592,0.0,82.368,119.65
433.937,265.567,61.447,0.0,808.384,351.551,13.155,72.828,223.341,0.0,1.008,0.529,8.036,101.966,5.015,33.813,41.4
441.125,128.876,15.596,0.0,598.1,817.389,13.598,61.294,142.919,17.341,0.237,0.228,0.849,34.578,13.14,26.373,29.388
0.0,407.233,79.924,84.297,1108.562,767.477,14.899,68.026,283.819,33.093,0.0,0.0,0.0,0.0,29.422,55.13,41.758
548.502,243.297,54.226,0.0,1576.649,0.0,13.397,86.04,302.848,0.0,1.149,0.147,2.567,50.404,0.825,39.867,22.9
354.877,132.647,37.868,14.033,580.655,977.56,12.45,53.441,128.322,8.671,0.068,0.027,0.887,34.223,13.748,26.621,31.191
0.0,906.901,164.617,53.223,1145.632,488.119,13.823,47.591,329.814,68.806,0.0,0.0,0.0,0.0,11.701,60.596,82.918
636.771,138.746,47.746,0.0,633.001,366.08,14.027,92.103,200.26,10.219,0.787,0.531,4.343,93.295,0.0,34.86,17.887
218.835,208.367,32.1,76.696,1027.992,747.466,14.103,74.924,220.418,26.279,0.232,0.555,1.024,42.915,22.974,39.23,35.114
570.238,239.794,64.777,0.0,943.544,109.109,12.538,106.851,279.256,1.375,1.043,0.329,7.789,96.4,6.989,39.76,34.21
487.564,253.673,35.143,0.0,1751.454,0.0,13.2,85.159,303.452,0.0,1.213,0.137,2.169,53.542,2.684,39.286,28.557
353.421,168.926,25.437,0.0,1274.453,300.886,12.39,68.55,197.376,8.826,0.586,0.007,3.108,31.731,17.023,29.869,38.378
401.404,286.389,62.72,0.0,701.405,512.611,13.045,68.382,175.544,13.169,1.08,0.065,12.228,99.099,17.176,28.755,58.382
493.998,259.315,38.393,0.0,1630.095,0.0,12.96,95.9,296.26,0.0,1.127,0.302,1.618,42.661,2.932,33.899,28.475
307.473,171.777,44.392,30.134,674.532,919.37,13.295,28.963,113.182,20.752,0.0,0.0,0.0,0.0,28.384,27.067,35.879
357.101,371.447,53.057,0.0,801.97,465.521,14.012,76.636,209.561,34.04,1.114,0.809,7.882,125.37,4.94,44.882,52.785
301.924,214.721,14.411,0.0,998.402,706.953,12.468,59.168,172.052,14.833,0.257,0.311,2.857,40.371,19.439,33.798,38.44
313.737,152.607,27.832,52.903,708.751,884.044,12.87,50.008,141.336,19.744,0.196,0.167,1.929,44.92,20.047,28.72,34.194
495.729,206.378,28.14,0.0,1453.48,0.0,13.127,90.377,283.022,0.0,1.022,0.29,0.037,39.678,1.507,34.731,23.253
382.582,318.581,98.361,0.0,450.411,770.979,9.166,87.585,226.506,0.0,0.305,0.136,1.618,66.469,0.0,24.602,37.396
481.355,204.246,46.875,0.0,1274.342,27.626,12.384,92.091,261.212,2.757,0.872,0.428,3.044,45.184,7.052,31.006,31.652
433.078,646.184,157.503,0.0,1143.732,0.0,11.996,83.923,303.706,9.194,1.908,0.002,12.459,151.638,0.0,41.213,80.078
707.09,124.855,63.534,0.0,636.03,161.829,12.431,145.276,266.457,0.0,0.874,0.739,3.065,88.489,0.0,30.595,12.24
537.718,245.013,106.179,0.0,315.468,722.257,11.685,106.097,202.456,0.0,0.697,0.211,3.975,90.157,0.0,31.576,28.354
272.674,186.522,18.344,71.451,889.93,659.837,14.528,63.488,150.728,40.052,0.111,0.299,3.406,41.775,21.183,36.165,33.808
519.03,202.111,51.177,0.0,943.529,244.225,14.43,66.34,238.711,11.156,0.835,0.491,4.399,91.583,0.0,37.521,21.83
471.068,130.557,34.441,0.0,1076.133,289.757,12.351,80.794,190.891,2.206,0.602,0.047,0.97,22.986,12.364,25.978,35.889
587.88,231.347,129.019,0.0,287.276,564.849,11.077,182.718,352.852,0.0,0.909,1.049,3.375,102.51,0.0,44.001,24.079
134.242,356.318,65.86,58.35,805.18,959.876,14.534,73.03,247.053,47.308,0.494,0.564,2.277,70.603,8.057,44.7,43.161
354.58,481.614,149.108,0.0,377.692,844.811,11.417,41.495,187.82,6.968,1.169,0.293,13.491,150.467,11.852,34.892,69.935
412.982,148.952,32.789,0.0,1031.317,435.169,12.679,62.278,183.523,10.772,0.527,0.037,1.357,35.582,19.392,29.513,35.673
479.929,174.177,42.855,0.0,1201.1,61.069,12.41,82.25,224.907,7.143,0.905,0.112,3.407,41.885,8.744,27.343,31.741
516.152,327.312,66.908,0.0,483.988,478.742,13.097,91.216,192.176,11.571,1.159,1.124,10.118,143.453,0.0,34.082,39.313
299.979,163.133,25.241,31.13,841.66,826.141,12.697,47.22,160.444,16.506,0.136,0.127,1.791,40.988,21.09,28.244,34.008
512.912,219.136,84.811,2.412,306.202,838.926,13.891,91.202,204.913,0.0,1.197,2.014,8.688,133.245,0.0,42.732,36.159
494.523,213.421,48.585,0.0,1451.222,0.0,12.148,84.972,268.428,0.0,1.208,0.199,3.242,45.418,5.46,28.229,36.778
384.262,151.066,19.395,43.282,743.548,789.082,13.393,50.1,143.579,19.263,0.288,0.261,0.956,37.316,18.041,29.769,36.024
574.872,125.805,31.84,0.0,938.944,290.488,14.083,65.446,188.565,7.654,0.493,0.208,1.721,34.892,12.152,27.398,22.933
467.482,189.748,32.562,0.0,1583.122,0.0,12.517,75.656,271.35,0.0,1.064,0.113,0.178,27.8,11.278,27.805,33.975
369.631,173.039,28.378,14.217,998.024,428.551,13.234,59.164,180.962,23.248,0.521,0.136,3.23,43.71,20.387,30.678,39.903
282.466,235.785,52.021,24.516,686.424,957.405,12.701,53.794,135.236,4.048,0.429,0.232,4.042,61.722,16.133,31.989,46.282
401.163,229.526,60.87,0.0,680.987,567.002,11.192,112.881,226.532,11.175,0.4,0.118,0.014,41.71,0.667,32.303,31.889
20.308,371.865,66.867,155.416,895.709,753.095,14.591,44.247,228.874,37.857,0.0,0.0,0.0,0.0,28.706,38.85,49.131
424.757,990.374,243.886,0.0,571.761,23.95,12.669,77.242,363.695,26.593,2.964,0.619,25.625,306.627,0.0,52.274,117.938
342.949,194.817,15.285,8.115,782.086,757.51,13.155,71.705,158.333,19.803,0.205,0.276,1.33,34.871,15.257,28.494,35.364
485.009,153.142,41.237,0.0,645.223,549.674,12.228,88.288,162.127,7.847,0.746,0.475,6.585,75.344,5.013,26.781,34.987
0.0,480.394,76.553,127.099,857.632,880.842,17.285,39.192,216.09,78.273,0.138,0.344,2.04,81.347,12.726,57.193,37.823
230.522,957.334,193.189,0.0,626.743,268.506,13.182,15.381,187.029,56.492,2.342,0.077,22.364,247.007,0.0,45.907,126.192
486.107,188.922,45.07,0.0,1179.264,117.689,11.109,93.842,243.924,0.0,0.815,0.165,3.963,39.224,13.45,25.329,34.056
311.511,175.727,35.132,23.894,815.843,728.84,12.512,59.1,166.975,14.073,0.302,0.067,2.59,40.586,20.07,30.601,40.838
216.701,801.719,169.274,0.0,599.845,570.611,13.865,48.818,234.054,49.742,2.199,0.205,23.543,242.649,0.447,52.152,108.074
428.328,229.068,33.552,0.0,678.515,651.421,12.991,71.711,164.948,24.49,0.577,0.124,4.725,62.85,6.4,30.53,39.662
356.898,201.533,30.482,0.0,914.022,552.648,12.574,67.14,170.507,20.934,0.379,0.059,1.941,27.075,16.84,27.943,40.93
415.972,388.494,84.607,0.0,926.188,327.779,14.043,120.722,275.952,22.444,1.032,0.478,7.335,124.468,1.507,53.439,38.507
297.277,333.003,50.277,0.0,1200.48,343.113,12.403,58.657,204.327,21.444,0.693,0.037,2.59,55.396,10.202,32.371,49.389
0.0,473.903,112.657,68.624,945.535,847.411,13.027,60.559,279.898,15.874,0.104,0.168,0.741,73.254,5.803,49.785,45.288
647.14,204.483,71.5,0.0,282.258,543.797,11.494,89.415,224.115,0.0,1.221,1.118,15.023,157.006,0.0,31.293,33.276
256.521,204.145,42.379,54.135,815.589,756.922,14.588,40.564,126.837,40.24,0.0,0.0,0.0,0.0,30.268,29.776,39.715
379.583,204.619,49.739,0.0,831.486,666.594,12.102,71.729,178.531,7.535,0.421,0.083,4.682,51.116,18.229,27.005,39.773
375.761,199.738,42.84,0.0,732.038,601.919,14.197,61.362,144.406,30.743,0.446,0.108,5.803,58.467,24.726,32.56,37.395
733.871,154.909,103.785,0.0,196.243,441.638,11.357,148.724,280.903,0.0,0.806,0.566,6.628,114.328,0.0,37.764,25.336
614.423,196.106,67.295,0.0,403.817,519.829,12.137,86.918,197.546,0.0,1.176,1.188,13.141,131.082,0.0,29.207,38.834
434.076,119.888,23.94,22.114,745.584,685.866,13.406,53.935,138.05,17.922,0.241,0.222,1.797,44.31,17.444,27.944,33.468
523.511,176.979,41.843,0.0,617.278,619.597,14.233,65.75,159.184,23.347,0.538,0.279,5.593,68.668,3.39,36.016,28.219
458.499,163.251,30.442,0.0,1192.412,269.162,12.662,70.052,197.301,0.0,0.603,0.096,0.179,24.806,13.31,27.911,30.5
536.531,321.6,121.363,0.0,293.034,575.319,11.808,98.771,191.216,2.698,0.89,0.523,9.176,123.96,0.0,39.39,45.052
345.73,151.627,9.408,1.622,858.6,708.606,13.936,46.34,144.543,28.306,0.202,0.198,2.247,35.367,21.66,29.588,28.537
462.259,149.698,44.155,0.0,806.436,408.141,12.837,85.921,198.125,3.906,0.908,0.451,7.64,69.465,11.9,28.025,37.996
583.567,145.996,34.777,0.0,1402.398,0.0,13.488,77.673,272.145,0.0,1.006,0.237,0.134,34.272,2.51,25.491,18.935
925.121,245.402,240.137,0.0,0.0,544.61,8.692,177.567,329.414,0.0,1.591,0.861,14.687,225.72,0.0,37.204,16.395
388.412,238.338,50.018,0.0,843.516,400.667,12.545,90.469,197.541,14.806,0.712,0.282,2.874,76.976,4.28,35.056,46.655
324.309,179.392,21.887,21.411,852.98,776.929,13.194,46.675,149.603,31.818,0.142,0.179,1.939,36.524,21.535,27.125,39.051
506.982,137.579,37.083,0.0,1012.9,249.148,13.024,69.348,194.194,3.979,0.717,0.137,2.961,35.077,12.147,26.777,31.148
482.037,155.421,39.427,0.0,1407.896,0.0,13.013,70.123,258.392,0.0,0.958,0.193,0.831,37.389,9.607,27.476,28.692
491.008,236.331,58.474,0.0,1083.938,109.973,12.059,94.791,263.57,2.708,0.772,0.038,3.045,58.92,10.498,33.208,35.175
93.135,242.1,54.056,109.943,822.183,888.613,12.752,40.978,189.157,15.252,0.0,0.0,0.0,0.0,34.713,28.787,44.476
299.496,162.524,26.282,63.9,745.696,891.624,13.937,67.832,179.388,20.975,0.251,0.629,1.869,49.363,17.723,34.253,34.166
431.323,166.186,28.025,0.0,739.149,654.741,12.64,79.209,164.339,9.69,0.456,0.27,2.414,44.314,9.311,27.047,31.577
524.749,259.123,87.682,0.0,504.689,577.502,12.028,100.55,260.0,0.0,1.05,1.101,8.552,155.494,0.0,37.315,37.462
438.166,143.893,25.846,0.0,908.448,527.651,12.333,65.464,183.477,7.627,0.395,0.053,0.974,24.113,11.274,26.727,30.381
503.858,81.258,30.494,0.0,421.058,960.958,12.564,57.395,118.815,1.764,0.207,0.294,0.69,33.612,13.233,27.371,21.908
482.546,150.082,30.392,0.0,999.071,484.422,12.426,65.491,195.205,2.333,0.451,0.227,0.512,26.889,10.128,25.778,30.117
540.281,264.742,86.886,0.0,966.119,0.0,10.916,135.736,273.305,0.0,1.118,0.172,3.383,49.286,0.0,26.882,32.666
381.306,1559.832,420.281,0.0,215.156,0.0,15.839,153.06,549.167,85.776,3.232,0.261,22.394,446.918,0.0,114.754,130.03
273.44,128.174,28.484,84.218,775.823,868.668,13.817,58.477,152.87,25.881,0.142,0.32,2.049,28.772,25.491,28.476,31.065
148.387,455.381,73.795,39.936,872.949,704.316,16.284,40.776,196.926,77.404,0.562,0.199,5.059,126.437,8.601,55.042,44.967
409.807,226.456,33.377,0.0,1203.574,227.995,13.349,84.81,214.916,15.632,0.739,0.124,1.871,56.212,3.707,34.502,30.792
449.848,141.614,34.336,0.0,1423.705,0.0,12.975,75.195,238.233,0.0,0.866,0.035,1.582,27.367,12.333,31.112,34.393
296.545,277.805,38.139,10.297,664.572,831.858,13.872,61.266,154.393,27.875,0.333,0.112,1.317,56.291,8.6,34.686,39.536
426.636,210.777,36.098,0.0,873.622,500.248,13.059,72.38,161.064,16.073,0.628,0.223,3.145,57.502,10.426,29.616,37.245
543.827,241.578,50.959,0.0,1919.001,0.0,13.039,78.922,354.176,0.0,1.629,0.064,3.539,51.283,0.0,33.206,23.514
820.437,126.487,101.049,0.0,138.702,394.19,11.304,128.769,290.695,0.0,1.2,0.754,7.186,150.152,0.0,27.174,18.869
279.454,503.014,106.053,0.0,476.089,811.151,13.825,61.684,181.37,23.394,1.44,0.022,15.588,162.435,6.79,40.353,68.972
406.381,249.308,70.058,24.568,506.006,746.287,12.136,97.226,235.175,0.0,0.716,0.592,6.648,95.615,8.191,34.254,40.678
389.942,133.616,15.193,10.911,737.502,861.478,13.069,60.018,122.974,15.763,0.18,0.399,1.082,33.953,16.914,26.203,33.851
547.828,223.0,61.545,0.0,321.141,586.901,12.857,82.534,179.726,0.0,1.254,1.248,15.402,159.766,0.0,35.621,39.059
491.193,193.737,52.714,0.0,1410.315,0.0,12.995,75.313,270.552,0.0,1.122,0.148,1.93,46.718,9.795,28.117,34.739
458.509,233.687,57.808,0.0,746.003,452.868,13.932,68.649,221.918,7.843,1.052,0.594,8.896,102.884,3.244,38.973,33.131
377.328,175.138,28.516,14.007,659.841,778.6,13.022,66.259,148.255,17.821,0.465,0.356,4.466,62.546,12.204,31.037,39.567
56.894,420.012,44.962,84.451,1102.187,620.357,16.234,66.602,277.271,68.245,0.12,0.309,1.47,85.83,8.811,54.92,36.398
261.601,358.12,74.466,4.613,750.163,776.682,13.96,90.974,264.144,31.313,0.729,0.519,4.018,88.679,0.0,45.457,39.451
479.449,339.316,110.676,0.0,417.995,479.284,12.151,94.025,204.919,4.419,1.275,0.441,15.479,165.376,0.0,36.082,52.573
508.022,119.406,36.431,0.0,583.418,756.034,12.619,75.49,153.789,8.255,0.264,0.04,0.592,33.947,8.99,27.048,24.599
364.445,173.637,32.217,25.47,700.591,806.739,13.261,42.776,123.612,24.869,0.152,0.055,0.817,44.149,12.631,27.59,30.864
339.725,159.091,24.378,31.685,732.057,819.84,12.949,47.934,122.886,20.613,0.207,0.099,2.436,36.911,20.073,27.434,32.906
453.845,209.024,43.748,0.0,1771.835,0.0,12.837,79.584,287.593,0.0,1.222,0.068,1.112,35.07,10.906,33.751,34.321
714.905,241.122,110.681,0.0,41.369,665.246,12.688,68.586,212.746,0.0,1.833,1.968,20.211,238.561,0.0,44.294,35.75
504.254,255.865,175.82,0.0,206.53,805.769,8.827,149.796,348.729,0.0,0.619,0.266,2.986,106.797,11.187,27.558,25.415
123.542,396.839,57.599,88.317,791.26,748.905,16.06,75.738,225.428,47.474,0.695,0.799,4.402,106.065,5.848,48.068,45.352
322.055,182.598,33.741,47.438,628.83,996.698,13.025,48.482,173.997,9.562,0.26,0.386,0.045,41.902,11.855,26.539,34.666
468.598,159.12,34.671,0.0,1125.117,179.253,12.348,92.976,234.842,4.421,0.662,0.016,2.356,33.982,8.926,26.709,32.084
509.755,429.186,126.096,0.0,302.967,888.039,11.343,94.906,216.418,12.944,1.323,0.455,8.017,178.208,0.0,43.329,43.909
339.27,168.521,28.034,0.0,1133.634,472.294,12.107,71.039,185.547,4.835,0.511,0.097,2.251,36.103,21.844,30.062,40.031
482.455,244.296,79.721,0.0,764.623,281.655,11.101,120.094,246.625,11.847,0.669,0.018,4.497,62.033,11.373,28.92,43.321
364.381,143.043,24.223,0.0,696.546,929.578,12.71,59.936,137.266,13.51,0.111,0.162,0.211,35.384,14.245,25.613,33.938
591.217,254.155,63.448,0.0,2013.511,0.0,12.612,105.778,393.396,0.0,1.795,0.198,1.597,51.833,0.0,34.616,23.845
263.882,169.478,33.321,56.795,783.02,862.33,14.353,63.522,160.069,21.909,0.236,0.075,3.268,48.391,25.011,34.07,32.875
543.084,155.597,55.566,0.0,446.346,604.108,12.058,112.657,189.742,2.424,0.531,0.372,1.389,75.255,0.0,27.994,24.994
372.736,253.255,37.933,14.701,688.317,717.486,13.135,75.871,179.666,21.853,0.707,0.926,5.053,78.249,2.214,36.216,43.311
553.079,241.971,40.544,0.0,1979.503,0.0,13.631,81.373,350.499,0.0,1.225,0.369,0.732,45.613,0.0,37.31,17.198
662.292,135.193,49.842,0.0,1302.533,0.0,12.708,98.389,299.68,0.0,1.176,0.385,1.351,45.309,0.0,28.555,13.177
552.306,139.944,36.273,0.0,1203.185,114.025,13.247,65.264,222.932,0.0,0.756,0.034,0.221,34.044,7.304,27.412,19.933
257.334,1202.435,319.762,0.0,190.773,593.665,16.027,105.248,432.568,54.508,3.122,1.431,20.932,385.596,0.0,89.565,122.167
394.736,451.04,80.934,0.0,654.852,683.123,14.744,85.784,209.346,40.662,1.173,0.449,8.949,163.963,0.0,56.83,41.938
527.41,135.906,36.221,0.0,1054.512,329.718,12.965,73.82,213.66,0.0,0.654,0.145,1.355,31.235,9.497,24.806,27.849
328.816,326.361,103.73,1.569,622.192,780.407,10.778,60.874,177.945,0.222,0.528,0.154,5.677,78.007,12.433,26.947,53.532
541.376,163.611,61.648,0.0,477.206,630.072,12.85,86.456,198.768,0.0,0.906,0.707,9.829,106.735,2.642,29.17,38.895
430.38,264.534,61.446,0.0,1206.125,0.0,11.931,95.407,268.669,0.0,1.007,0.048,4.465,53.617,7.334,29.774,43.514
152.759,432.749,77.507,50.094,804.865,869.852,15.159,79.825,259.388,49.178,0.723,0.788,1.535,109.256,0.0,60.659,40.164
368.127,149.045,23.946,22.144,754.889,780.917,13.345,49.893,132.379,24.357,0.121,0.244,1.594,34.367,22.148,27.701,30.892
431.523,185.178,35.458,0.0,845.297,491.69,13.138,67.818,179.224,14.663,0.667,0.372,6.314,62.848,13.558,29.678,36.744
425.503,160.31,49.99,0.0,487.029,837.182,12.283,53.353,149.096,1.783,0.576,0.079,4.894,75.39,18.468,25.662,39.46
359.467,204.905,33.583,0.0,1194.508,261.172,12.754,75.23,223.907,6.048,0.66,0.32,2.151,44.894,14.269,28.654,38.336
764.082,208.055,93.256,0.0,275.844,273.547,12.914,122.173,266.383,0.0,1.702,1.522,12.222,201.765,0.0,38.177,24.7
313.133,138.423,31.581,21.738,742.679,857.493,12.964,49.736,137.473,18.99,0.183,0.046,1.387,43.956,25.266,30.505,33.207
538.581,135.86,39.181,0.0,1350.841,0.0,12.745,85.799,265.772,0.0,0.925,0.162,0.792,29.256,3.963,27.487,24.777
263.693,359.953,84.672,28.132,622.619,821.75,13.24,80.177,209.038,6.232,0.923,0.356,6.933,104.694,10.002,38.211,55.17
374.023,194.871,26.377,0.0,635.611,760.745,12.537,79.039,149.491,14.643,0.473,0.289,4.825,66.961,12.075,27.564,36.976
428.182,135.222,30.241,0.0,1125.528,327.961,12.51,76.738,207.555,2.285,0.692,0.031,3.168,39.262,13.182,26.893,36.157
662.95,244.107,108.707,0.0,0.0,745.529,10.865,105.428,227.693,0.0,1.026,0.944,8.642,171.377,0.0,34.033,22.41
412.958,154.302,23.863,0.0,811.598,708.878,12.672,58.612,177.068,10.554,0.283,0.185,0.824,37.546,12.091,25.289,30.372
0.0,540.084,87.309,83.419,916.514,825.437,17.072,63.924,239.343,82.383,0.271,0.107,3.051,88.878,13.378,59.526,51.035
527.646,183.195,46.605,0.0,1505.864,0.0,13.248,78.634,285.306,0.0,1.122,0.18,1.828,38.184,2.934,28.277,27.48
448.231,185.718,38.283,0.0,1151.221,206.285,12.8,77.067,216.123,3.4,0.783,0.16,3.193,30.825,15.814,27.289,38.314
336.602,151.348,26.079,42.461,733.05,865.722,12.948,59.09,139.32,15.578,0.14,0.3,2.269,34.797,17.78,25.996,33.18
282.887,183.012,30.581,21.322,714.091,870.419,14.423,65.435,172.362,25.428,0.262,0.461,3.629,42.812,21.635,37.237,33.923
436.935,258.447,54.094,0.0,1494.054,0.0,13.287,64.305,270.533,1.299,1.169,0.144,4.454,59.889,9.624,34.093,38.279
738.393,124.184,69.353,0.0,439.34,251.589,12.254,130.651,255.113,0.0,0.978,0.926,3.156,94.817,0.0,27.946,11.883
295.196,219.406,63.413,18.835,549.336,990.786,12.203,47.194,151.269,1.065,0.36,0.061,1.948,64.521,9.989,26.472,37.51
507.388,121.894,33.388,0.0,722.936,560.155,12.961,72.741,158.744,19.526,0.325,0.088,0.834,30.167,7.041,28.405,24.358
145.433,453.928,73.433,11.909,915.652,790.237,15.476,66.665,218.971,60.493,0.613,0.242,4.757,106.225,8.189,50.629,48.123
381.52,134.161,25.867,32.762,680.06,861.838,13.078,57.302,138.115,16.279,0.193,0.031,2.607,49.786,23.705,28.061,35.665
336.119,149.567,42.517,35.521,700.371,777.777,14.035,73.385,155.91,17.27,0.38,0.348,5.373,57.804,28.587,31.836,38.048
655.809,159.605,52.901,0.0,1443.383,0.0,13.438,104.646,335.793,0.0,1.263,0.522,0.09,54.752,0.0,29.763,13.221
414.228,167.975,43.54,0.0,945.104,404.361,12.333,78.327,191.688,6.252,0.762,0.154,4.574,53.097,15.39,26.373,41.391
245.647,397.321,81.259,32.7,756.282,846.653,13.731,90.704,260.684,13.789,0.978,1.179,9.914,121.784,9.651,41.574,50.8
436.741,227.708,35.496,0.0,1188.458,163.659,12.284,84.002,231.481,11.803,0.832,0.097,3.526,35.541,12.154,29.579,37.628
428.53,148.645,19.567,0.0,906.309,534.455,13.312,62.524,163.352,16.402,0.379,0.222,1.073,38.672,13.456,27.148,30.506
0.0,865.989,200.455,30.821,1135.682,770.041,13.013,11.158,260.524,48.569,0.0,0.0,0.0,0.0,30.113,56.728,84.602
637.25,212.111,82.288,0.0,757.149,19.069,11.614,185.754,361.794,0.0,0.952,0.548,0.455,70.553,0.0,33.29,18.072
409.44,134.063,49.073,0.0,440.321,1127.023,12.059,42.124,128.012,0.073,0.0,0.0,0.0,0.0,10.071,25.967,22.898
852.583,713.072,248.265,0.0,1089.348,0.0,11.476,218.536,535.006,6.308,2.211,0.105,6.89,157.503,0.0,61.815,55.9
763.846,211.135,106.741,0.0,48.399,489.286,11.967,108.486,236.684,0.0,1.546,1.748,14.847,183.54,0.0,37.566,29.888
547.275,257.849,58.208,0.0,2023.374,0.0,13.196,73.06,342.392,0.0,1.409,0.035,2.201,35.141,1.58,35.294,22.994
391.341,161.646,18.477,6.488,755.878,802.208,13.026,61.685,142.937,17.242,0.195,0.18,1.829,46.094,15.794,27.243,36.398
503.379,142.081,35.287,0.0,701.302,548.785,12.859,82.012,190.637,12.128,0.655,0.109,4.115,53.54,3.209,24.843,27.196
268.988,132.858,24.171,28.971,852.134,823.52,12.959,63.081,166.265,12.119,0.275,0.33,2.354,46.533,19.06,30.62,35.143
465.456,1023.397,258.429,0.0,843.23,0.0,12.958,53.595,379.36,7.923,3.206,0.271,28.711,315.594,0.0,49.489,116.583
434.991,157.041,37.336,0.0,582.548,822.949,12.827,81.97,163.131,6.369,0.28,0.046,2.194,41.438,8.879,27.218,34.211
564.041,172.95,51.233,0.0,829.868,176.206,12.649,121.604,258.057,6.346,0.96,0.288,5.019,98.745,0.0,31.796,19.109
541.776,162.751,46.451,0.0,564.738,438.306,12.76,74.864,191.029,0.605,0.968,0.854,7.792,101.992,3.55,29.883,36.585
211.03,142.233,26.238,55.609,838.227,872.61,12.893,41.585,150.99,14.715,0.214,0.438,4.713,43.677,22.784,31.89,32.642
340.667,186.3,23.035,0.0,1215.832,335.74,12.447,77.351,215.721,7.959,0.638,0.158,3.299,38.454,21.306,31.218,38.546
400.756,243.655,43.676,0.0,695.454,577.515,13.566,77.779,181.069,20.747,0.739,0.153,9.859,80.677,16.059,31.118,42.189
417.919,446.531,85.794,0.0,1171.193,0.0,13.458,79.663,249.413,28.613,1.139,0.047,6.77,96.239,2.968,45.95,48.85
360.623,292.426,70.387,0.0,731.366,531.908,13.139,71.115,181.57,11.9,0.914,0.174,11.007,80.699,17.732,30.404,56.618
546.006,153.956,46.411,0.0,653.131,422.201,12.304,84.517,203.922,9.438,0.886,0.728,7.538,74.356,8.985,25.997,31.364
348.332,341.242,99.185,0.0,532.404,761.642,11.147,59.544,185.767,0.0,0.998,0.083,13.209,120.268,10.368,27.538,56.044
472.82,326.974,112.602,0.0,623.838,431.882,9.949,98.486,231.734,0.0,0.879,0.101,8.588,93.357,9.742,27.701,52.684
586.222,257.103,68.113,0.0,944.024,0.0,12.325,106.349,268.83,9.169,1.313,0.476,8.765,116.992,0.0,43.951,24.445
501.326,152.382,45.375,0.0,811.185,394.038,12.373,79.143,213.844,1.644,0.843,0.213,7.932,60.843,20.686,25.34,36.939
349.008,324.136,69.19,0.0,527.082,801.306,12.283,49.079,141.93,19.716,0.751,0.178,7.505,86.97,9.561,29.087,56.191
870.468,257.599,159.796,0.0,102.781,97.349,10.32,240.228,414.736,0.0,1.327,1.152,7.774,153.223,0.0,44.176,20.069
432.495,170.254,56.142,7.752,533.074,841.286,12.795,85.578,180.13,0.0,0.67,0.667,9.108,93.813,21.876,29.756,35.228
507.156,239.311,43.061,0.0,1845.865,0.0,12.977,76.927,323.77,0.0,1.389,0.108,1.319,47.896,1.818,35.045,22.637
463.601,332.876,74.485,0.0,1027.896,84.641,13.399,91.311,277.28,24.501,0.899,0.076,4.882,92.19,1.713,43.196,36.589
517.43,146.841,42.447,0.0,788.287,444.342,11.922,93.009,222.101,3.27,0.73,0.316,3.763,52.914,7.501,24.685,34.995
328.207,161.397,64.755,0.0,487.352,1081.603,11.056,47.747,151.701,0.0,0.0,0.0,0.0,0.0,10.514,24.275,28.768
285.131,219.316,42.734,51.885,735.4,914.673,14.146,56.141,152.576,32.472,0.312,0.147,3.046,51.135,18.056,35.576,41.133
206.987,209.335,39.415,71.927,901.23,746.315,13.724,61.741,171.867,30.863,0.011,0.001,2.89,41.045,23.217,33.767,37.697
423.079,279.554,70.234,0.0,632.122,614.798,12.916,72.098,156.193,22.545,0.836,0.075,9.818,82.168,11.872,28.445,49.626
446.929,274.535,62.873,0.0,541.415,687.601,13.11,73.13,175.121,17.318,0.988,0.126,8.962,95.504,0.0,33.297,45.346
455.153,136.522,24.753,0.0,826.662,617.28,13.122,64.491,167.969,8.124,0.289,0.274,0.43,35.11,10.554,26.441,28.883
434.858,151.486,24.18,0.0,1212.766,268.014,12.648,80.621,229.835,3.352,0.695,0.089,1.738,31.423,12.667,26.955,32.0
35.397,474.986,164.496,0.0,953.534,507.836,9.498,68.226,233.989,0.0,0.0,0.0,0.0,0.0,22.72,43.866,52.408
4.546,573.837,71.546,49.327,1093.599,703.636,16.819,32.489,217.653,96.414,0.154,0.066,2.361,116.254,6.072,67.46,48.233
557.325,137.363,41.392,0.0,677.51,479.957,12.582,99.251,185.863,0.0,0.623,0.318,4.552,62.474,7.447,25.112,22.922
590.964,161.974,52.955,0.0,908.415,190.027,11.612,119.776,273.744,0.0,0.766,0.441,0.636,60.001,3.005,26.008,23.91
413.497,222.634,38.265,0.0,663.652,642.691,13.231,67.993,177.838,16.72,0.681,0.15,9.699,79.27,14.531,31.266,41.479
446.305,335.764,106.693,0.0,494.401,543.784,12.095,117.113,273.777,19.9,0.876,0.352,8.165,116.623,6.25,35.183,57.832
432.016,262.012,40.446,0.0,1492.84,0.0,12.203,87.278,256.111,0.0,1.039,0.048,2.72,48.792,8.974,32.659,43.821
600.157,604.619,163.329,0.0,1289.518,0.0,12.644,106.701,408.992,0.0,2.594,0.55,14.552,205.144,0.0,41.249,70.409
364.677,151.454,21.068,0.0,965.387,547.741,12.423,72.184,184.221,12.076,0.446,0.038,2.145,35.324,13.188,25.807,36.352
410.281,141.202,21.862,23.296,691.992,813.912,13.463,45.842,149.638,19.479,0.145,0.097,1.09,34.629,12.97,27.305,29.747
348.24,151.598,14.601,9.464,973.538,611.127,13.156,58.923,170.262,22.379,0.359,0.212,2.072,38.717,20.717,30.194,35.228
280.717,164.377,34.898,50.101,744.314,879.796,12.38,60.671,169.483,11.872,0.282,0.112,2.591,38.08,18.963,26.112,36.656
378.159,142.808,26.539,0.701,735.712,785.509,12.553,57.104,130.353,17.1,0.214,0.232,0.371,32.649,18.971,26.761,35.168
417.642,129.103,34.169,17.736,708.456,725.147,13.415,80.274,174.752,10.607,0.424,0.424,3.129,53.289,13.478,27.87,34.389
296.564,156.862,30.518,58.539,689.513,837.271,13.651,46.602,135.863,17.016,0.151,0.035,2.075,40.017,23.058,28.175,34.134
491.301,163.516,34.917,0.0,1007.847,347.488,12.907,72.328,197.329,8.71,0.675,0.052,2.216,35.474,9.973,25.825,31.075
389.377,320.088,64.605,0.0,513.352,833.283,13.531,64.844,179.159,19.965,0.988,0.421,7.256,117.949,0.0,40.027,46.174
519.319,149.253,24.609,0.0,1197.583,81.004,13.191,71.912,231.809,0.0,0.708,0.481,0.955,32.639,5.818,26.792,26.052
330.02,411.325,112.402,0.0,626.76,705.772,12.83,92.267,223.104,30.03,0.79,0.089,4.652,94.844,0.964,43.43,46.081
681.472,137.285,89.539,0.0,594.567,94.756,12.812,138.001,311.573,0.0,0.889,0.703,3.158,101.198,0.0,31.59,11.416
477.026,292.199,51.442,0.0,996.276,200.035,14.112,76.736,223.058,24.948,1.018,0.03,6.066,105.618,0.0,40.864,33.012
401.465,151.213,28.583,0.0,613.622,870.02,13.442,63.257,153.701,10.176,0.189,0.136,0.529,38.704,9.794,27.493,31.23
339.045,153.574,30.241,20.865,723.935,861.219,12.122,59.105,153.197,12.543,0.161,0.154,1.867,37.752,13.581,24.43,31.586
355.767,1741.053,383.525,0.0,377.318,0.0,17.982,100.883,467.381,126.461,4.163,0.702,25.562,524.184,0.0,128.29,135.658
502.208,163.516,53.608,0.0,921.422,258.464,12.081,83.108,223.218,0.0,0.755,0.181,4.369,59.329,19.39,24.384,35.413
494.495,146.137,34.338,0.0,1062.957,228.925,12.958,72.897,214.168,1.278,0.768,0.292,2.78,45.406,13.182,29.824,29.508
647.233,128.098,44.44,0.0,376.139,543.002,12.876,80.637,177.912,0.0,0.991,1.053,9.853,104.116,0.0,30.938,26.982
0.0,655.674,106.866,47.219,1278.726,472.386,15.141,19.707,213.556,76.729,0.0,0.0,0.0,0.0,26.784,54.938,70.409
444.067,382.865,64.342,0.0,838.903,318.731,14.459,78.14,245.152,29.784,1.073,0.329,9.726,137.825,0.0,50.68,33.991
366.29,419.774,69.576,0.0,997.731,264.632,13.476,66.282,238.566,25.669,1.132,0.046,10.73,110.313,7.548,43.419,50.844
498.19,238.233,74.837,0.0,283.374,647.713,12.954,79.157,147.143,11.539,0.955,0.82,13.012,113.55,0.0,39.204,37.429
287.306,156.843,19.318,47.84,852.599,804.274,13.569,57.179,138.809,20.617,0.229,0.259,2.061,38.882,24.822,30.002,36.966
425.626,129.864,30.843,0.0,597.032,849.987,12.526,64.975,134.83,10.516,0.096,0.073,0.281,20.989,10.195,27.343,30.666
341.66,179.583,32.711,0.0,715.146,855.156,12.062,49.714,139.591,2.783,0.209,0.114,0.834,45.301,9.496,26.017,32.941
454.652,219.217,40.002,0.0,1210.474,51.929,12.825,66.112,216.08,7.229,0.885,0.218,3.551,41.793,13.552,29.624,38.951
0.0,433.423,131.528,93.625,834.464,977.041,9.774,58.929,256.931,0.0,0.0,0.0,0.0,0.0,22.041,26.796,44.547
573.617,229.511,60.341,0.0,823.223,165.063,13.716,75.571,237.097,0.0,1.058,0.994,7.698,121.024,0.0,37.677,19.6
226.602,321.929,48.657,0.0,1029.417,578.287,13.2,53.237,179.227,40.091,0.553,0.02,2.941,67.986,13.324,35.119,52.312
470.849,209.076,76.897,0.0,525.763,649.71,11.853,98.874,183.111,1.082,0.819,0.463,8.313,96.789,6.508,27.981,38.491
320.813,198.563,33.707,33.622,718.623,851.515,12.946,45.327,140.213,19.922,0.195,0.116,1.717,43.232,20.423,26.687,36.103
405.699,191.815,41.519,0.0,586.504,808.688,13.527,64.409,135.615,19.225,0.443,0.096,5.484,43.643,17.6,29.674,40.508
293.529,1065.611,244.712,0.0,375.588,400.594,14.122,50.957,269.024,60.225,2.888,0.211,25.647,341.541,0.0,69.15,120.417
379.952,398.138,97.512,0.0,682.843,542.843,14.392,77.733,233.276,31.943,1.068,0.221,9.974,137.459,3.352,52.485,49.084
21.099,334.295,81.076,152.863,772.786,1067.519,14.428,72.194,242.015,17.267,0.498,0.442,3.169,61.41,22.41,39.441,49.958
640.091,174.91,62.946,0.0,761.771,121.655,13.336,129.787,261.277,1.175,0.938,0.199,4.544,93.219,0.0,30.222,13.336
478.945,276.317,67.446,0.0,548.255,559.726,12.612,92.495,174.151,11.628,0.787,0.644,8.977,97.386,3.653,37.412,48.816
190.787,204.587,10.076,54.941,960.875,823.548,13.033,53.602,175.273,16.214,0.025,0.369,4.026,44.927,23.474,35.12,36.815
626.461,214.663,70.848,0.0,1027.402,0.0,13.428,111.869,312.261,0.0,1.157,1.191,1.289,106.961,0.0,40.679,19.284
245.963,167.11,29.891,66.702,781.535,805.602,14.277,52.407,128.355,36.327,0.028,0.07,3.072,40.843,23.757,31.699,37.965
599.395,590.703,163.064,0.0,1094.241,0.0,12.587,79.624,385.286,0.0,3.085,1.089,23.172,217.706,0.0,42.09,66.947
318.51,148.75,29.194,48.741,701.74,870.371,13.753,47.672,144.173,27.859,0.144,0.09,1.489,32.674,16.842,30.06,36.853
1020.915,210.046,208.321,0.0,0.0,68.983,9.725,237.688,425.858,0.0,1.611,0.966,10.679,215.373,0.0,32.313,12.199
362.177,200.02,40.99,0.0,876.284,676.44,12.903,68.817,169.621,11.905,0.475,0.096,4.43,48.446,15.717,31.438,41.567
474.082,106.632,34.392,5.773,786.879,569.234,13.53,75.966,192.665,7.868,0.472,0.21,1.348,36.779,11.517,24.468,30.295
411.305,141.169,23.519,4.619,667.479,802.249,13.001,56.264,141.666,15.65,0.196,0.203,0.297,38.018,15.701,26.33,32.993
388.434,195.468,37.403,0.0,748.061,714.813,11.79,66.718,169.697,11.478,0.412,0.122,2.309,46.23,14.476,23.342,41.142
0.0,2671.574,589.658,0.0,706.051,0.0,23.665,190.472,859.081,213.234,3.772,0.935,17.981,615.111,0.0,222.263,140.233
453.403,175.915,32.093,0.0,1006.278,344.977,13.11,75.773,193.206,16.302,0.654,0.201,3.359,30.081,10.993,28.014,37.275
669.798,158.845,78.3,0.0,803.863,0.0,12.082,142.836,317.132,0.0,0.975,0.321,3.187,87.416,0.0,36.823,10.302
0.0,460.629,137.366,81.398,880.488,911.596,11.888,23.759,225.186,12.357,0.0,0.0,0.0,0.0,28.115,37.609,55.343
48.491,446.35,97.468,59.345,931.393,659.766,12.349,26.467,179.139,25.11,0.0,0.0,0.0,0.0,23.491,32.289,53.741
346.066,198.661,53.252,0.0,518.655,911.079,10.868,67.065,162.976,0.0,0.13,0.237,1.102,57.282,7.36,24.584,31.713
303.77,157.175,33.527,39.113,686.135,991.742,13.008,49.21,151.39,11.79,0.127,0.304,2.096,45.691,18.17,29.491,31.502
0.0,492.902,156.927,30.944,748.932,927.209,11.442,37.476,239.818,0.675,0.0,0.0,0.0,0.0,20.156,41.49,46.199
516.408,723.071,161.093,0.0,1503.682,0.0,13.6,90.704,399.474,21.776,2.381,0.167,10.673,157.328,0.0,51.057,70.337
511.313,169.897,41.868,0.0,1701.636,0.0,12.38,94.079,301.456,0.0,1.232,0.233,1.924,29.458,6.344,29.092,34.212
563.918,147.237,34.092,0.0,1143.959,75.206,12.8,81.24,243.342,0.0,0.892,0.396,3.497,52.999,6.044,27.655,26.879
494.848,143.992,46.677,0.0,719.683,485.436,13.684,94.38,225.546,1.814,0.623,0.861,2.626,68.428,3.66,33.838,21.31
421.758,98.933,26.931,3.319,706.184,831.99,12.796,57.295,128.89,16.961,0.133,0.137,0.525,25.118,15.762,25.354,32.184
263.888,154.961,31.812,22.331,797.552,923.689,12.574,43.561,142.131,11.638,0.176,0.06,2.162,43.739,21.635,28.271,39.988
505.064,149.992,41.93,0.0,1382.892,0.0,12.783,76.702,245.322,0.0,1.014,0.076,1.309,37.478,8.047,28.52,30.251
364.176,190.492,38.352,9.982,658.061,758.151,13.301,71.044,149.241,23.536,0.353,0.056,4.333,53.062,15.434,28.287,39.851
439.557,157.733,29.551,0.0,1254.484,144.005,11.945,82.826,220.416,0.0,0.793,0.031,1.21,30.024,8.565,25.545,34.549
329.317,119.777,28.766,52.869,754.394,831.126,13.423,54.224,158.017,22.727,0.145,0.39,3.21,40.993,20.565,29.907,31.809
459.21,212.175,32.28,0.0,662.046,575.536,13.116,80.015,173.54,15.733,0.526,0.381,4.479,69.966,2.787,32.037,33.317
374.253,148.382,26.93,21.31,672.981,819.101,12.935,60.71,138.885,19.247,0.146,0.254,2.181,39.816,14.25,27.03,32.055
54.207,516.509,100.858,20.153,881.619,808.744,15.796,50.831,227.657,44.502,0.345,0.383,3.711,93.434,17.41,57.886,57.694
515.44,254.427,63.745,0.0,1282.347,0.0,13.058,81.114,308.839,0.0,1.344,0.177,6.654,99.937,2.363,37.188,28.302
481.765,173.229,63.742,0.0,695.203,504.308,12.414,96.087,255.577,0.0,0.859,0.147,8.826,92.583,20.045,30.834,39.859
213.122,203.048,55.234,57.534,890.774,802.291,12.52,84.706,216.502,10.69,0.171,0.014,3.655,43.679,27.361,33.615,41.227
418.226,254.077,53.758,0.0,858.997,522.106,11.027,83.593,217.452,0.0,0.784,0.06,5.639,74.46,14.613,23.23,48.027
474.394,122.9,28.816,0.0,842.204,548.808,12.249,80.545,187.561,8.507,0.468,0.061,1.706,30.757,13.61,25.262,30.875
577.052,246.874,60.365,0.0,1794.561,0.0,13.269,97.634,361.732,0.0,1.673,0.018,4.242,67.313,0.0,39.006,20.825
315.967,238.573,46.428,22.155,653.087,820.6,14.312,55.272,146.577,34.589,0.361,0.019,3.516,57.779,14.426,33.197,41.2
332.395,122.589,33.18,34.996,706.088,880.941,13.001,46.352,135.412,21.343,0.161,0.065,1.596,40.892,21.887,27.561,32.655
580.193,168.571,44.875,0.0,1144.592,0.0,12.121,115.616,285.302,0.0,0.858,0.439,1.115,47.692,0.0,35.621,17.282
347.542,135.22,23.761,32.639,680.464,850.206,13.389,70.922,146.816,25.925,0.251,0.51,1.216,35.955,17.652,28.242,32.143
520.842,213.415,70.274,0.0,1207.063,0.0,12.811,104.439,333.441,0.0,1.128,0.234,5.784,90.236,0.835,38.973,18.405
471.117,270.845,52.989,0.0,514.726,605.207,12.318,74.63,155.126,17.975,0.982,0.648,9.319,105.204,0.0,34.9,40.732
416.416,145.874,35.379,0.0,551.137,927.329,12.691,64.621,150.471,7.431,0.183,0.233,0.847,36.037,8.424,27.856,30.022
428.509,245.196,60.192,0.0,618.702,590.404,12.96,70.446,175.766,14.006,0.878,0.03,9.021,93.227,11.161,31.462,47.355
427.486,219.882,32.348,0.0,1269.566,10.571,11.875,90.688,243.45,0.0,0.996,0.288,0.925,25.561,6.072,28.365,39.455
754.916,1090.988,288.531,0.0,1553.164,0.0,13.195,138.308,575.784,0.0,3.882,0.493,14.977,282.207,0.0,71.901,91.03
454.591,134.548,23.474,2.184,767.773,657.173,13.039,64.937,168.013,7.672,0.311,0.262,0.293,37.251,11.833,27.082,30.221
551.678,80.948,28.219,0.0,501.677,757.807,12.825,75.172,146.938,8.339,0.377,0.333,1.256,36.836,10.809,23.611,22.808
597.78,242.502,74.689,0.0,1484.342,0.0,13.167,85.967,362.754,0.0,1.628,0.512,7.309,99.488,0.0,33.422,23.496
495.591,588.217,152.792,0.0,1134.242,0.0,12.145,70.233,326.797,0.0,2.254,0.481,14.194,155.897,0.0,29.182,78.52
636.517,190.063,56.713,0.0,1724.736,0.0,12.742,107.357,356.958,0.0,1.721,0.521,1.927,53.245,0.0,33.1,21.553
369.031,211.109,36.216,0.0,1117.637,267.381,11.972,81.359,213.356,11.459,0.709,0.089,4.169,32.043,17.414,27.715,42.757
503.127,125.137,26.758,0.0,814.356,535.389,13.491,70.796,164.098,15.616,0.46,0.011,0.392,28.295,13.38,26.986,26.27
523.312,123.086,28.277,0.0,1038.897,330.068,12.827,76.545,197.857,4.81,0.634,0.235,1.107,22.299,9.854,27.748,29.32
61.828,452.208,64.863,99.466,1229.087,454.628,14.762,46.291,237.127,46.373,0.011,0.154,1.134,66.983,10.971,55.87,41.568
191.239,489.44,87.583,31.114,670.441,791.156,15.34,49.301,181.274,47.608,0.942,0.027,10.67,138.539,13.594,46.134,62.601
363.352,161.823,32.673,0.0,650.549,879.902,12.758,59.939,141.78,18.95,0.275,0.108,2.3,47.697,19.743,28.351,36.419
543.893,146.284,37.549,0.0,600.384,665.319,13.592,75.192,169.489,1.841,0.646,0.402,5.161,91.044,0.0,29.969,20.435
640.36,390.034,118.205,0.0,258.32,422.526,12.795,68.625,238.218,0.0,2.186,2.292,21.5,237.336,0.0,40.8,56.258
375.939,335.041,67.264,0.0,610.336,673.531,14.044,61.357,175.551,30.451,1.091,0.988,11.8,129.021,1.267,43.383,47.026
474.961,168.871,51.423,0.0,926.348,359.763,11.988,85.463,215.51,0.0,0.762,0.136,4.112,50.039,7.857,24.29,37.573
408.008,204.256,41.369,0.0,1517.613,0.0,12.132,80.991,257.386,0.0,0.988,0.055,1.669,32.242,12.351,31.554,33.304
103.985,446.006,106.856,83.421,693.896,991.042,15.975,38.588,192.485,44.913,0.689,0.356,7.868,122.976,16.56,53.673,54.213
95.222,609.076,95.217,4.903,814.778,760.285,15.341,46.127,214.28,76.257,0.721,0.187,5.736,126.09,0.0,57.829,59.482
543.632,181.249,44.535,0.0,1543.224,0.0,13.12,82.765,279.44,0.0,1.184,0.435,1.963,45.677,3.597,33.039,26.375
246.411,158.888,38.331,69.195,727.285,847.592,13.806,42.867,150.288,25.402,0.0,0.0,0.0,0.0,24.306,28.864,30.872
558.182,85.331,36.294,0.0,282.89,1058.844,13.219,57.976,100.531,0.0,0.0,0.0,0.0,0.0,8.767,27.92,17.262
423.985,269.911,53.031,0.0,1261.548,0.0,12.863,107.576,249.295,7.668,0.678,0.434,1.07,35.557,0.926,42.347,30.583
679.23,1444.404,389.698,0.0,277.522,0.0,13.205,140.741,493.065,48.494,3.944,0.461,26.325,447.672,0.0,90.697,125.218
739.802,237.334,167.005,0.0,0.0,749.881,12.245,120.608,276.119,0.0,1.857,2.154,18.759,241.073,0.0,43.086,31.021
373.551,242.219,48.115,0.0,603.801,766.664,13.287,64.337,129.46,25.834,0.583,0.261,6.548,76.734,10.732,30.639,46.726
345.675,178.42,56.925,7.359,530.682,975.39,11.94,66.478,163.44,0.0,0.406,0.285,1.206,60.245,8.792,27.527,31.735
562.086,207.711,59.738,0.0,1396.375,0.0,12.816,104.331,330.772,0.0,1.358,0.571,3.136,74.397,0.0,30.624,21.411
702.749,301.894,125.32,0.0,282.711,301.554,10.872,137.726,273.641,0.0,1.508,0.664,15.378,180.116,0.0,29.591,41.443
589.762,239.627,69.03,0.0,1650.206,0.0,12.511,104.1,358.945,0.0,1.424,0.033,0.96,57.797,0.0,31.255,26.693
537.82,103.438,36.662,0.0,648.277,594.169,12.472,88.378,181.983,10.362,0.467,0.157,1.852,39.404,0.8,25.35,25.519
502.182,255.148,69.91,0.0,841.543,230.651,14.344,66.114,232.443,3.049,1.255,0.86,10.691,134.236,0.0,47.403,26.593
377.381,414.779,93.387,0.0,571.741,698.434,14.267,58.956,194.351,23.681,1.299,1.262,11.909,166.51,0.0,47.782,54.09
4.063,526.71,93.324,70.94,882.503,823.608,16.962,43.549,220.326,76.659,0.295,0.019,4.728,107.076,16.738,59.898,49.111
409.429,132.668,25.813,19.404,654.806,876.051,13.935,47.921,134.939,21.038,0.101,0.208,0.211,31.19,17.831,28.728,28.576
354.8,150.169,23.282,22.117,1090.705,485.071,13.248,61.681,175.099,17.0,0.405,0.048,3.884,38.067,24.46,31.526,39.148
463.656,184.292,41.312,0.0,850.167,454.941,12.053,83.614,203.19,6.789,0.711,0.129,4.147,43.913,7.919,27.246,37.71
576.945,208.53,55.474,0.0,1659.075,0.0,13.367,90.433,366.68,0.0,1.571,0.42,2.66,60.671,0.0,29.815,22.497
517.045,213.64,70.017,0.0,754.345,320.968,12.795,83.162,242.215,0.0,1.216,0.386,11.506,100.98,5.083,30.143,38.157
350.912,243.763,46.089,0.0,707.651,765.814,12.8,70.864,189.384,13.246,0.242,0.192,1.644,42.431,0.446,32.354,34.312
418.088,128.822,31.877,0.0,685.684,740.169,13.667,62.174,141.583,19.911,0.234,0.028,1.763,43.214,17.311,28.18,33.783
189.036,410.447,76.031,47.768,663.712,896.416,13.64,60.104,183.956,16.979,0.625,0.35,1.542,91.873,4.459,46.302,47.489
696.89,220.351,82.756,0.0,456.245,232.748,12.241,107.523,265.342,0.0,1.426,0.732,11.809,152.847,0.0,28.801,31.468
862.839,183.225,156.826,0.0,0.0,462.696,10.91,175.39,322.092,0.0,1.649,1.355,13.494,206.125,0.0,30.521,21.196
453.005,195.607,63.95,0.0,426.007,781.011,11.816,69.356,176.18,5.86,0.589,0.01,6.756,86.91,8.349,23.201,43.408
497.275,124.725,32.209,0.0,902.598,441.686,12.558,72.846,190.2,6.205,0.471,0.115,1.895,19.33,9.365,26.402,29.861
428.4,135.029,39.956,0.0,735.97,746.78,12.896,76.88,169.127,9.974,0.284,0.074,1.413,30.073,12.596,26.427,30.898
346.555,249.398,38.473,0.0,998.679,454.63,13.665,73.397,203.679,16.51,0.513,0.077,5.538,50.665,17.776,31.465,42.635
58.53,343.427,66.015,98.632,784.962,871.619,15.175,43.681,207.279,36.342,0.128,0.358,0.992,56.199,16.435,41.728,47.922
436.682,170.325,43.445,0.0,1139.817,266.126,11.94,81.126,227.31,0.0,0.824,0.174,1.168,44.286,10.788,25.013,35.986
575.488,89.696,51.761,0.0,415.631,705.566,11.284,107.807,195.683,0.0,0.401,0.35,1.536,50.27,1.448,20.888,17.757
507.117,167.031,40.066,0.0,1224.524,0.0,12.152,92.857,279.856,0.0,1.093,0.299,2.189,41.583,6.024,23.703,33.088
419.682,340.491,72.878,0.0,413.867,770.967,12.292,52.152,158.632,5.649,1.023,0.416,12.477,120.801,0.0,34.043,49.961
217.895,145.333,32.123,27.786,882.12,836.875,12.795,44.778,164.907,11.265,0.202,0.088,2.868,47.399,23.197,33.599,35.253
444.49,190.684,41.684,0.0,650.079,698.136,12.539,68.32,190.992,2.703,0.773,0.363,10.463,81.194,23.524,27.644,42.81
442.83,278.01,47.631,0.0,1223.754,183.551,13.726,82.669,279.714,18.856,0.787,0.512,2.5,79.482,0.0,43.519,29.018
357.961,243.63,39.293,0.0,697.891,820.726,12.889,53.36,138.464,28.59,0.391,0.128,2.688,64.112,8.05,30.995,38.612
555.612,125.642,56.221,0.0,534.041,601.664,11.899,90.172,192.94,0.0,0.454,0.157,3.129,60.453,6.32,24.826,27.982
304.086,285.345,57.106,18.303,659.515,876.399,13.128,42.305,160.748,23.079,0.553,0.178,6.318,67.887,19.655,29.216,49.296
377.525,167.553,38.042,0.0,807.884,680.681,11.663,66.91,156.441,0.0,0.377,0.001,0.803,31.953,13.227,26.219,32.508
340.101,149.785,37.929,20.539,662.485,924.587,12.74,56.822,143.218,14.048,0.179,0.009,2.077,41.747,17.363,28.36,34.268
472.529,165.264,40.898,0.0,981.178,284.345,12.04,86.131,205.676,2.346,0.792,0.076,4.196,51.612,12.149,26.05,37.264
515.342,164.229,46.821,0.0,1529.798,0.0,12.348,89.423,292.951,0.0,1.299,0.226,1.481,46.348,3.593,28.6,29.575
274.365,1320.841,295.034,0.0,483.286,189.388,14.888,93.077,379.311,70.663,2.951,0.901,19.202,374.38,0.0,81.506,123.371
393.729,155.345,24.855,0.0,817.747,650.948,12.306,88.808,190.199,5.18,0.37,0.281,0.686,39.179,10.654,25.303,35.05
575.391,97.184,48.48,0.0,345.969,915.944,12.429,78.39,164.147,0.0,0.253,0.243,0.101,48.946,0.0,25.758,17.842
286.246,1185.942,252.636,0.0,497.032,185.679,14.534,61.36,314.415,80.192,3.014,0.278,27.02,363.54,0.0,72.358,123.056
508.436,103.085,64.248,0.0,236.195,1048.434,11.756,53.155,143.413,0.0,0.0,0.0,0.0,0.0,3.458,25.836,18.586
200.708,224.189,39.763,92.265,774.938,816.097,14.168,48.178,162.33,37.866,0.029,0.083,3.137,52.446,19.249,32.658,37.52
352.543,166.519,25.918,7.505,685.814,884.481,12.527,54.305,134.121,21.143,0.161,0.038,1.616,33.114,22.605,27.602,33.115
386.144,146.947,42.91,0.0,467.035,1044.732,12.178,43.411,137.671,0.0,0.0,0.0,0.0,0.0,7.693,25.833,25.547
467.712,479.834,152.448,0.0,342.155,615.291,9.94,81.884,229.966,0.875,1.516,0.275,16.922,175.236,5.057,27.918,65.364
505.859,166.733,34.846,0.0,1088.876,134.71,12.375,99.891,230.371,0.122,0.897,0.421,3.214,52.36,8.369,27.692,28.557
380.927,200.372,26.279,0.0,1090.726,357.051,13.176,59.68,187.259,16.742,0.54,0.015,2.358,36.555,19.863,28.801,41.535
44.459,434.486,84.217,91.399,899.043,895.648,15.632,29.997,214.969,46.667,0.247,0.051,1.759,83.108,14.529,54.208,55.117
507.266,224.804,109.278,0.0,251.864,749.187,11.324,84.25,218.12,0.0,1.065,0.867,10.452,133.625,2.376,33.554,40.705
2.386,441.007,129.938,27.012,969.207,790.323,11.225,29.087,194.62,4.631,0.0,0.0,0.0,0.0,30.813,35.092,56.291
680.758,427.29,146.809,0.0,553.803,0.0,9.952,137.736,325.1,0.0,1.448,0.703,11.472,147.497,0.0,33.053,64.783
482.667,250.27,57.198,0.0,411.612,844.326,13.676,58.081,125.001,14.612,0.795,0.336,7.535,102.565,0.0,36.671,35.327
294.564,857.095,208.572,0.0,640.156,380.559,12.101,47.355,244.372,21.862,2.123,0.029,20.156,242.35,0.0,40.865,108.764
317.867,208.986,29.502,8.664,1195.275,311.059,12.383,72.332,223.543,8.177,0.641,0.101,2.581,39.583,14.476,30.724,41.786
377.276,210.144,31.783,0.0,1266.474,197.638,12.752,82.314,230.467,9.76,0.591,0.148,2.135,38.394,16.861,31.159,38.645
367.58,389.786,68.0,0.0,613.103,639.976,12.377,75.491,161.705,15.246,1.069,0.308,13.025,120.988,10.78,31.71,66.128
0.0,687.084,127.114,79.0,1137.795,610.143,16.593,16.17,232.653,84.797,0.0,0.0,0.0,0.0,26.312,60.544,71.605
494.123,161.583,74.103,0.0,498.769,665.024,11.991,106.093,210.583,0.0,0.64,0.788,7.532,87.781,10.837,27.189,31.084
599.01,111.622,54.561,0.0,472.042,596.559,12.378,93.939,186.519,0.0,0.565,0.317,3.613,69.856,11.167,24.912,22.67
516.633,111.43,33.733,0.0,1130.99,165.808,12.572,78.801,248.474,0.0,0.819,0.252,0.47,42.308,8.526,25.325,27.229
714.324,141.987,70.652,0.0,739.225,70.049,12.708,105.969,273.901,0.0,0.97,0.736,4.92,96.646,0.0,31.081,9.87
627.92,101.68,47.217,0.0,747.598,226.834,12.889,89.974,220.713,0.0,0.969,0.812,6.123,80.564,0.0,27.08,22.438
549.618,415.729,110.997,0.0,1099.661,0.0,11.665,95.157,319.282,0.0,1.921,0.4,9.015,108.632,0.0,31.265,60.994
532.62,319.781,163.806,0.0,184.345,537.757,9.348,145.275,250.457,0.0,0.765,0.04,4.658,100.191,0.0,36.826,35.282
496.275,168.781,55.905,0.0,643.104,451.633,11.335,103.025,225.371,0.0,0.526,0.373,4.603,60.39,9.518,26.245,33.393
666.911,695.706,193.29,0.0,1329.609,0.0,12.987,104.624,459.49,0.0,3.273,1.043,17.22,243.558,0.0,49.313,68.35
491.141,302.973,71.836,0.0,484.954,600.035,12.52,63.896,195.44,12.789,1.401,1.205,14.556,153.564,0.0,36.166,49.893
705.824,191.565,84.211,0.0,863.491,0.0,10.993,163.369,346.127,0.0,0.77,0.289,2.433,71.987,0.557,31.279,16.185
411.995,318.154,37.099,0.0,1511.25,0.0,12.744,90.671,269.618,3.612,0.728,0.163,1.578,43.815,0.0,44.952,32.715
508.623,150.189,36.018,0.0,719.797,582.373,13.583,68.647,169.925,7.805,0.639,0.019,4.593,60.59,7.432,30.131,30.281
523.346,145.124,32.443,0.0,967.22,314.06,12.757,73.364,187.113,0.0,0.631,0.255,0.988,27.494,9.88,25.544,25.986
319.815,315.534,51.956,0.0,710.302,818.828,12.049,54.096,163.351,11.612,0.757,0.143,8.102,83.757,18.541,26.879,59.721
500.883,180.562,37.902,0.0,935.389,289.425,13.094,94.388,224.713,8.87,0.799,0.05,3.271,82.322,0.0,37.38,23.246
328.368,376.375,56.228,0.0,1163.536,191.694,13.908,83.36,268.655,23.63,1.07,0.679,4.259,94.776,0.0,38.339,44.972
434.974,341.582,71.63,0.0,1438.858,0.0,13.362,60.79,284.921,5.257,1.334,0.069,6.126,91.376,0.0,39.147,34.256
350.132,154.788,21.927,0.0,1133.378,456.889,12.976,67.019,201.505,13.155,0.446,0.069,2.226,36.942,21.707,31.379,36.392
86.351,486.896,177.572,0.0,745.833,937.671,7.798,60.621,242.369,0.0,0.0,0.0,0.0,0.0,22.341,25.074,54.755
462.315,575.962,160.301,0.0,331.817,462.985,10.07,86.329,255.813,2.203,1.34,0.5,15.411,172.583,0.0,35.21,78.959
458.004,184.321,38.984,0.0,380.995,911.987,12.44,68.609,138.154,0.0,0.511,0.28,5.324,80.832,5.05,27.202,30.926
9.133,468.143,116.906,6.088,969.282,674.404,12.277,38.315,175.3,21.879,0.0,0.0,0.0,0.0,26.346,42.617,52.04
144.128,190.254,54.392,72.948,763.377,918.631,12.682,43.005,157.841,14.811,0.151,0.018,4.889,43.391,34.185,33.313,39.111
528.326,249.01,60.607,0.0,1883.93,0.0,12.312,87.27,345.698,0.0,1.796,0.14,3.967,39.109,4.321,29.534,43.293
0.0,1593.87,309.446,0.0,1770.095,0.0,18.771,95.764,562.108,124.996,0.0,0.0,0.0,0.0,0.0,140.562,87.127
464.202,256.169,59.107,0.0,638.188,604.07,13.117,74.327,177.24,18.002,0.779,0.922,3.869,102.639,0.0,40.521,31.588
488.207,97.159,36.251,0.0,589.104,826.377,12.565,73.207,161.895,7.502,0.232,0.062,0.136,30.604,8.367,24.019,25.937
217.933,217.21,31.156,88.381,709.613,953.853,14.919,48.056,151.073,40.553,0.074,0.223,2.558,52.228,24.566,33.964,37.103
683.022,308.105,116.363,0.0,267.736,271.75,11.413,119.681,244.527,0.0,1.69,1.402,13.86,200.538,0.0,33.145,43.069
542.296,190.41,56.151,0.0,877.336,86.079,10.728,138.838,251.863,0.0,0.855,0.26,2.582,54.17,0.0,29.078,22.394
290.695,976.341,208.024,0.0,439.854,427.329,12.228,80.48,256.473,45.764,2.144,0.325,20.109,254.819,0.0,55.725,105.985
534.792,305.857,104.432,0.0,299.5,614.767,13.074,76.796,182.161,8.892,1.339,0.722,16.703,164.788,0.872,36.103,49.09
404.757,490.67,90.459,0.0,588.561,509.648,13.714,53.267,205.686,34.333,1.392,0.797,13.643,161.489,0.0,44.63,63.348
379.778,232.694,71.932,0.0,1343.814,3.258,9.775,103.916,273.748,0.0,0.836,0.02,1.94,29.951,9.765,27.935,35.608
460.648,169.297,34.948,0.0,783.909,514.874,13.118,78.435,199.173,9.186,0.667,0.806,4.256,56.111,12.688,27.231,34.558
356.693,139.645,43.106,21.84,643.691,861.946,13.846,60.452,159.868,21.063,0.264,0.244,3.094,31.575,23.787,29.085,33.357
0.0,504.917,84.39,79.128,1045.085,922.712,14.087,44.428,227.999,56.89,0.276,0.148,2.747,79.673,15.492,45.907,56.136
403.624,306.778,62.752,0.0,505.476,810.975,11.999,59.565,174.632,18.269,0.805,0.429,9.199,101.223,9.088,24.368,49.598
346.524,182.799,27.072,0.0,1375.039,194.44,12.685,67.525,227.151,6.352,0.66,0.076,4.073,34.855,19.325,31.926,37.619
583.411,219.753,75.404,0.0,1381.287,0.0,12.436,90.062,333.105,0.0,1.499,0.56,7.827,82.477,0.149,31.527,24.148
734.498,168.712,76.934,0.0,696.059,0.0,12.4,168.973,313.727,0.0,0.815,0.637,0.304,91.066,0.0,37.471,10.612
354.103,315.346,58.263,0.0,863.258,539.055,12.804,67.571,178.424,21.743,0.736,0.148,6.549,72.835,16.254,32.793,56.592
579.05,193.095,115.32,0.0,385.368,506.002,8.455,144.415,301.268,0.0,0.565,0.054,5.098,95.1,11.188,22.108,31.947
504.554,128.84,37.59,0.0,789.545,564.289,12.544,69.244,178.634,1.748,0.3,0.065,0.325,30.584,7.074,23.558,25.43
521.56,235.685,33.918,0.0,1794.195,0.0,13.05,98.298,322.975,0.0,1.147,0.37,1.825,43.142,2.174,35.417,24.247
545.941,1293.662,322.162,0.0,462.594,0.0,14.04,133.003,457.786,50.037,3.32,0.956,19.639,371.551,0.0,87.879,120.048
462.587,169.774,57.859,0.0,491.679,780.869,11.783,90.39,185.79,0.396,0.714,0.24,5.75,84.122,11.44,22.258,35.897
544.398,199.801,62.317,0.0,541.954,519.945,12.455,68.551,174.815,0.0,1.099,0.728,11.181,117.02,3.124,28.14,41.01
655.081,141.093,48.387,0.0,1295.697,0.0,12.801,95.383,299.309,0.0,0.937,0.573,1.318,42.365,0.0,29.731,12.648
533.37,981.962,254.201,0.0,777.663,0.0,11.67,111.801,367.73,12.548,3.293,0.682,23.199,282.044,0.0,47.273,116.633
461.666,119.849,27.433,0.0,528.856,812.242,13.761,65.677,157.307,11.166,0.25,0.199,0.817,37.633,9.679,26.225,29.278
465.953,431.31,86.347,0.0,551.166,451.451,12.905,82.043,239.674,3.942,1.588,1.198,17.613,186.52,0.0,37.322,55.488
430.999,276.831,44.765,0.0,691.593,581.798,13.038,90.122,202.267,19.5,0.515,0.177,5.577,72.246,3.793,37.945,33.879
507.357,172.571,51.063,0.0,1215.148,97.615,12.55,86.254,258.947,0.0,1.035,0.012,5.243,59.883,7.537,28.562,31.283
392.667,103.487,38.599,25.617,534.476,1009.275,13.292,40.277,123.741,15.154,0.034,0.112,0.264,38.05,12.894,26.989,29.766
697.474,943.996,261.583,0.0,1687.948,0.0,12.997,100.733,543.474,0.0,3.858,0.579,19.401,272.196,0.0,62.321,80.441
514.846,194.432,44.649,0.0,1343.933,0.0,12.065,94.026,267.105,0.0,1.051,0.199,1.989,36.767,11.58,28.124,34.906
608.891,113.028,41.832,0.0,628.814,422.289,12.58,99.92,209.592,0.0,0.541,0.546,0.494,45.047,0.056,26.686,20.866
461.362,173.659,28.858,0.0,1245.664,41.345,12.833,80.934,235.48,0.0,0.782,0.184,0.746,31.94,10.103,29.242,32.177
146.434,419.684,66.538,62.362,851.3,751.186,17.033,59.825,220.475,71.356,0.355,0.59,3.515,124.608,11.256,55.718,41.407
613.317,238.213,105.262,0.0,166.822,746.213,12.487,89.954,194.779,0.0,1.121,0.789,14.022,158.734,0.0,40.891,34.665
270.809,185.074,31.125,11.099,1099.172,589.447,12.33,56.981,167.851,11.714,0.288,0.148,2.065,33.886,23.224,33.952,40.703
384.007,148.558,23.949,0.0,712.947,846.614,12.697,69.923,154.156,12.259,0.202,0.173,1.274,44.62,10.186,26.83,31.883
546.032,132.124,37.791,0.0,1120.158,182.626,13.506,76.148,238.94,0.0,0.714,0.3,0.088,40.825,3.831,27.324,21.046
410.066,153.133,28.034,0.0,874.345,574.624,12.474,82.073,191.442,14.83,0.375,0.02,2.051,38.563,11.401,27.795,32.063
430.942,186.082,54.201,0.0,1143.084,208.295,11.219,83.135,220.407,3.528,0.716,0.142,1.924,26.633,13.972,26.647,39.165
362.395,302.423,43.519,0.0,719.47,620.096,13.06,71.021,177.244,47.933,0.468,0.059,5.039,71.124,0.843,36.468,43.348
440.878,402.27,80.052,0.0,1315.75,0.0,14.358,72.341,271.219,30.456,1.392,0.049,5.13,104.768,0.0,44.088,42.442
411.851,206.063,80.864,0.0,677.125,628.345,9.068,83.064,230.796,0.0,0.422,0.069,2.125,41.608,14.009,22.023,39.549
494.171,206.821,43.628,0.0,907.727,357.849,13.505,74.024,211.152,7.699,0.835,0.089,7.431,74.386,5.744,32.563,36.542
461.352,779.258,216.13,0.0,344.891,300.177,11.382,83.243,280.051,18.682,2.138,0.242,20.66,243.0,0.0,42.987,107.319
313.656,331.374,86.123,0.0,634.004,757.527,9.917,67.127,203.077,0.0,0.487,0.318,3.331,64.667,3.586,26.432,47.983
449.549,350.56,91.594,0.0,353.995,674.477,13.192,82.535,220.555,5.097,1.659,1.305,19.947,191.951,0.0,39.866,55.603
297.251,176.549,33.14,54.355,668.822,900.55,14.485,40.865,122.822,35.666,0.0,0.0,0.0,0.0,21.676,28.739,31.236
430.122,181.383,37.543,0.0,896.769,432.363,12.454,89.644,207.761,4.475,0.715,0.228,3.272,55.222,6.038,25.694,37.355
364.169,155.727,57.105,0.0,521.491,1005.377,11.061,59.126,158.106,0.0,0.095,0.072,0.557,41.35,13.576,23.022,28.639
0.0,510.296,127.975,86.365,893.348,792.442,12.739,9.267,171.524,18.626,0.0,0.0,0.0,0.0,31.181,37.278,63.391
449.404,154.01,37.794,0.0,870.542,550.453,13.544,70.37,175.674,13.874,0.474,0.028,4.005,47.443,14.664,26.362,37.948
269.797,146.731,36.069,34.925,784.585,815.085,12.619,63.578,185.824,2.491,0.365,0.147,3.404,45.024,26.154,30.172,39.235
496.344,112.77,41.342,0.0,634.422,789.079,13.883,68.858,148.081,4.501,0.266,0.16,1.15,31.111,13.02,26.737,28.137
492.412,210.501,28.893,0.0,1513.707,0.0,12.489,98.899,300.732,0.0,1.051,0.166,2.549,37.015,3.191,30.95,30.477
0.0,559.241,70.028,81.692,1034.628,603.272,16.607,25.822,217.288,94.482,0.0,0.0,0.0,0.0,21.657,59.005,51.464
509.702,112.163,17.512,0.0,684.603,664.532,12.769,63.134,138.498,5.09,0.313,0.365,0.395,29.201,11.399,26.147,25.05
310.997,121.499,21.07,64.828,722.211,859.962,13.696,39.947,131.343,27.752,0.096,0.055,2.151,49.542,21.165,27.531,32.375
396.606,1152.948,302.525,0.0,386.362,72.019,11.641,132.206,372.799,31.561,2.535,0.619,19.104,308.713,0.0,66.916,127.07
500.581,150.519,30.966,0.0,867.029,325.746,13.143,81.219,193.124,9.591,0.68,0.037,4.464,53.338,8.683,25.4,29.706
450.794,214.661,46.922,0.0,1380.714,0.0,12.758,73.759,260.826,0.0,1.062,0.214,2.536,48.548,9.731,32.086,37.48
214.916,152.966,38.328,42.669,829.584,861.018,12.411,52.962,152.321,12.818,0.175,0.032,2.411,40.39,24.509,30.622,35.49
502.734,163.753,45.78,0.0,618.063,627.149,12.762,74.651,161.869,2.567,0.722,0.303,7.615,72.683,12.329,28.871,37.495
303.102,368.784,44.754,0.0,1084.562,347.488,13.323,78.151,216.999,40.185,0.485,0.094,2.291,67.119,9.505,40.597,47.515
515.315,709.648,182.378,0.0,1318.153,0.0,13.126,75.257,402.628,0.0,3.15,0.62,22.143,227.757,0.0,39.262,74.65
13.947,443.219,72.061,31.547,1321.138,391.435,14.111,51.655,248.518,31.986,0.0,0.0,0.0,0.0,26.291,49.297,47.608
610.607,125.328,79.469,0.0,203.242,832.882,11.363,85.401,176.58,0.0,0.621,0.569,5.512,99.837,0.118,25.117,27.475
453.561,154.238,30.387,0.0,1233.946,114.495,12.799,78.397,225.461,0.0,0.826,0.146,0.51,39.02,7.245,25.056,32.684
634.394,152.289,70.735,0.0,249.111,717.144,10.985,116.606,212.55,0.0,0.551,0.366,3.853,85.701,0.0,29.706,26.714
262.306,848.621,177.961,0.0,669.978,245.026,13.252,63.771,276.628,48.652,1.936,0.338,16.915,221.557,0.0,49.6,110.143
414.137,151.509,20.195,10.925,877.965,588.225,12.908,58.845,169.743,15.647,0.272,0.193,1.367,38.156,12.769,29.05,30.681
351.124,146.911,28.283,5.934,742.991,806.885,12.802,58.759,142.143,18.68,0.192,0.019,3.052,41.075,18.446,27.518,36.125
438.534,299.597,71.724,0.0,865.974,312.84,12.468,83.662,238.089,0.0,1.352,0.138,13.89,123.066,4.667,32.563,50.41
105.634,297.503,38.472,88.283,1014.088,716.91,13.096,39.119,171.348,27.214,0.0,0.0,0.0,0.0,28.493,31.893,50.44
404.101,238.888,53.314,0.0,506.698,718.66,13.554,64.975,165.062,12.705,0.732,0.433,9.92,91.215,12.617,35.399,49.537
364.522,149.08,32.328,29.577,740.796,791.654,13.895,52.186,141.401,26.959,0.234,0.135,2.311,53.365,21.986,28.543,33.558
328.125,191.511,26.177,7.757,738.808,852.589,14.111,62.647,161.63,24.136,0.359,0.188,2.309,47.819,14.379,32.074,34.693
479.998,124.887,32.101,0.0,707.026,702.87,12.916,68.32,151.947,6.334,0.314,0.172,0.989,35.045,11.869,26.486,29.293
411.077,254.696,48.903,0.0,780.705,528.507,14.15,70.299,179.934,26.737,0.598,0.086,4.495,70.422,8.548,30.498,39.301
535.567,424.896,108.532,0.0,584.211,360.894,13.042,69.331,250.047,5.461,1.942,0.886,19.223,211.876,0.0,44.693,53.108
488.788,331.012,67.911,0.0,1471.912,0.0,12.096,88.884,289.419,0.0,1.012,0.011,2.717,44.269,4.301,38.262,41.996
331.333,144.233,27.281,20.928,799.174,809.174,12.81,70.387,165.168,14.786,0.288,0.045,2.529,41.59,20.171,26.692,41.805
243.025,160.32,25.952,94.485,712.633,851.75,14.837,49.636,136.394,41.062,0.0,0.0,0.0,0.0,25.622,28.891,32.946
504.979,184.626,36.953,0.0,765.773,462.079,13.159,81.202,185.885,0.611,0.762,0.155,6.007,67.812,7.051,27.954,32.74
598.667,563.972,184.073,0.0,291.353,456.363,11.135,107.932,286.251,0.0,1.813,0.655,17.805,210.737,0.0,41.032,72.709
608.622,211.612,69.562,0.0,1091.664,0.0,11.843,108.121,296.055,0.0,1.511,0.571,8.306,93.206,2.854,29.312,31.203
407.193,242.721,110.419,0.0,346.398,958.617,8.245,69.828,213.233,0.0,0.0,0.0,0.0,0.0,2.833,24.788,18.791
520.412,187.572,39.286,0.0,1446.352,0.0,12.163,98.721,285.34,0.0,1.077,0.178,0.891,31.327,8.255,27.846,31.274
505.367,140.995,29.12,0.0,1168.839,202.956,12.619,83.312,229.289,1.837,0.705,0.09,0.038,29.158,11.879,27.336,30.03
361.551,146.683,15.943,0.0,952.68,626.185,12.625,66.097,175.054,16.187,0.336,0.048,1.832,33.07,13.993,25.763,34.101
549.414,411.042,99.263,0.0,341.809,646.49,13.9,77.226,228.076,12.003,1.691,1.15,12.506,216.332,0.0,49.799,47.239
389.446,188.108,41.809,0.0,626.387,761.536,11.827,71.315,182.863,9.101,0.399,0.036,2.416,48.315,9.747,25.28,39.952
569.94,243.925,59.364,0.0,1855.152,0.0,13.293,91.29,347.11,0.0,1.527,0.275,1.844,64.293,0.0,36.103,19.76
377.88,157.43,48.336,0.0,467.227,1082.308,11.448,43.487,131.768,0.243,0.0,0.0,0.0,0.0,11.595,23.782,25.502
309.884,152.654,29.792,42.501,741.229,790.184,13.773,34.103,138.938,26.838,0.172,0.014,3.213,55.678,20.332,30.537,33.054
489.314,321.058,91.899,0.0,369.759,672.191,12.853,66.435,183.417,14.9,1.291,0.535,15.802,138.948,1.595,33.79,55.169
434.007,146.224,30.005,0.0,681.881,846.077,13.026,65.829,130.487,14.776,0.23,0.079,1.058,37.812,16.21,26.663,32.706
367.994,155.076,25.264,34.081,965.157,531.917,13.515,57.521,170.222,18.457,0.357,0.12,3.496,45.002,21.23,29.608,36.059
351.536,169.929,23.822,11.558,1023.534,501.644,13.018,46.444,169.628,15.593,0.394,0.002,2.884,38.45,21.629,31.481,34.792
55.456,467.311,70.165,0.0,1240.333,468.266,13.549,44.11,212.396,37.201,0.0,0.0,0.0,0.0,26.618,45.544,50.676
567.182,475.299,127.416,0.0,805.222,0.0,12.09,116.276,300.354,19.669,1.627,0.362,11.351,144.461,0.0,33.903,59.386
405.589,121.205,24.42,4.445,753.454,840.833,12.748,57.949,139.676,20.797,0.151,0.225,0.831,31.421,16.325,27.003,33.638
287.989,145.759,24.482,50.412,696.822,905.252,14.069,49.256,135.21,25.961,0.121,0.048,1.758,38.106,28.714,28.395,35.69
424.331,331.498,53.503,0.0,1616.595,0.0,13.012,85.09,286.167,4.399,1.206,0.025,1.338,57.983,0.0,35.685,35.661
379.64,186.588,27.424,0.0,957.863,539.233,12.195,74.255,181.35,14.679,0.602,0.145,3.517,43.489,15.14,29.87,42.602
535.266,217.717,74.194,0.0,377.756,755.08,12.741,87.221,186.627,0.368,0.856,0.481,6.85,118.34,0.0,32.959,32.912
51.088,424.54,65.818,79.0,1163.127,448.296,13.989,31.225,203.405,46.87,0.0,0.0,0.0,0.0,26.585,39.866,46.485
565.548,1229.589,341.98,0.0,0.0,252.8,13.636,55.372,385.871,43.796,3.94,1.551,38.272,489.398,0.0,87.719,119.517
236.955,217.783,50.595,44.178,671.991,990.781,12.111,61.31,180.108,2.11,0.26,0.066,1.092,50.388,13.532,26.387,38.007
261.598,438.663,65.219,0.0,1224.792,363.918,14.529,77.193,255.095,40.416,0.551,0.052,3.306,85.029,2.598,51.152,41.259
417.291,247.558,63.316,0.0,674.298,544.291,10.664,110.557,275.623,2.624,0.505,0.225,4.7,63.888,17.317,29.285,46.874
197.552,395.602,108.76,0.0,669.185,835.334,11.484,81.312,251.824,0.0,0.494,0.039,2.07,64.671,1.877,33.591,40.816
420.708,160.436,27.376,0.0,907.99,555.998,13.494,67.014,179.798,5.02,0.417,0.118,0.903,39.16,12.159,27.664,36.078
340.74,1211.68,268.61,0.0,236.289,340.008,15.046,24.051,308.074,63.484,3.851,1.05,33.016,428.666,0.0,75.146,131.07
770.183,1147.809,357.657,0.0,0.0,0.0,9.954,143.17,402.157,2.937,3.468,0.881,28.996,409.057,0.0,56.841,116.896
357.617,218.12,37.986,8.846,802.606,703.104,11.981,69.965,176.763,10.168,0.508,0.36,4.299,50.291,21.085,27.495,46.561
473.437,162.221,39.694,0.0,1257.366,2.937,12.105,95.328,257.535,0.0,0.801,0.008,1.276,32.963,5.397,27.331,30.422
363.328,170.424,34.059,0.0,1287.589,271.761,13.141,77.882,207.4,8.806,0.608,0.147,3.149,34.445,19.989,29.911,39.294
469.919,252.632,52.707,0.0,1691.98,0.0,13.096,77.464,320.497,0.0,1.394,0.165,2.731,56.674,0.0,33.243,26.984
511.023,248.498,62.882,0.0,705.321,323.516,12.27,82.439,247.371,4.083,1.271,0.505,11.236,112.503,4.998,32.664,39.378
518.774,235.289,31.862,0.0,1697.121,0.0,12.604,98.395,306.908,0.0,1.203,0.322,1.133,40.153,1.229,36.638,24.12
325.142,883.809,191.705,0.0,560.692,272.783,11.584,60.997,196.87,41.924,1.764,0.023,15.185,212.602,0.0,50.367,104.847
399.59,144.796,20.159,0.0,922.892,637.141,12.725,62.583,170.588,10.112,0.359,0.19,0.247,33.588,13.958,26.446,32.16
340.113,201.141,25.873,2.602,1037.313,446.512,12.938,69.056,201.374,16.249,0.432,0.167,3.573,38.833,22.014,33.2,35.829
303.929,324.152,43.578,9.133,843.195,569.973,13.847,61.615,163.716,41.625,0.669,0.045,5.311,78.696,18.873,33.856,55.874
0.0,610.372,127.227,37.557,1096.151,644.614,14.473,14.086,222.679,58.08,0.0,0.0,0.0,0.0,23.711,52.297,67.919
395.944,121.595,49.959,0.0,411.341,1157.484,12.465,48.24,141.463,0.0,0.0,0.0,0.0,0.0,7.463,24.868,23.202
675.6,151.727,70.82,0.0,375.241,353.982,12.491,137.586,264.575,1.032,0.899,0.489,6.495,123.366,0.0,29.461,19.766
197.686,215.154,30.179,42.607,902.143,755.561,13.676,60.659,175.146,26.794,0.001,0.255,3.54,46.902,19.72,36.179,35.582
0.0,604.373,131.521,100.958,1024.904,729.068,13.462,22.524,221.489,46.81,0.0,0.0,0.0,0.0,33.999,44.905,67.703
517.883,816.445,184.666,0.0,1666.039,0.0,13.723,78.135,418.866,13.926,3.032,0.39,13.277,209.59,0.0,52.351,77.59
247.735,442.505,86.825,16.091,675.368,774.224,14.593,80.863,233.322,32.158,1.003,0.598,7.763,128.106,0.0,54.842,42.51
599.217,171.349,67.389,0.0,535.424,359.209,11.798,92.942,226.969,0.0,1.191,0.717,11.732,129.544,0.0,31.336,30.272
376.19,326.519,63.753,0.0,1065.264,151.813,13.295,77.967,233.057,21.601,1.184,0.129,8.705,87.608,13.784,31.537,48.105
487.646,108.707,34.279,0.0,597.322,747.174,12.935,76.293,166.751,9.613,0.282,0.154,0.471,27.158,9.423,22.553,28.924
147.9,251.995,36.183,102.565,956.84,725.24,14.139,35.492,164.043,36.271,0.0,0.0,0.0,0.0,26.369,33.335,39.874
488.428,162.536,36.124,0.0,594.18,666.955,13.566,85.69,155.657,18.821,0.475,0.532,2.533,60.957,0.468,36.081,25.024
343.448,174.145,30.793,0.0,723.047,820.518,11.118,67.551,163.617,0.213,0.231,0.005,0.132,35.391,13.818,22.695,31.394
799.702,127.036,84.693,0.0,335.51,186.296,11.265,173.684,279.929,0.0,1.006,0.757,3.671,105.647,0.0,24.575,19.564
209.878,444.53,108.878,0.0,670.204,918.789,13.86,75.798,245.27,15.205,1.053,0.193,6.256,130.385,3.01,45.32,48.501
424.96,154.15,36.147,0.0,578.048,855.619,11.983,75.966,159.302,0.0,0.387,0.186,2.701,64.972,15.774,24.666,37.992
377.956,162.788,70.12,0.0,465.185,1058.364,10.368,61.56,176.205,0.0,0.0,0.0,0.0,0.0,7.924,24.315,24.801
409.121,184.536,57.447,0.0,475.715,903.384,12.867,69.832,136.401,0.0,0.215,0.4,1.275,58.09,2.212,29.923,31.038
180.732,256.751,31.32,89.072,736.132,788.164,14.651,66.939,197.024,34.073,0.124,0.357,1.638,53.954,15.55,38.746,37.106
409.45,428.405,120.34,0.0,451.674,699.667,12.418,54.527,189.214,18.583,1.435,0.031,17.924,166.538,8.306,37.822,66.471
389.762,168.017,27.363,0.0,1003.591,570.113,12.014,72.201,191.659,2.01,0.367,0.03,0.751,31.678,12.521,25.291,29.982
597.389,238.961,70.448,0.0,1177.213,0.0,11.815,155.928,329.09,0.0,0.658,0.072,0.031,47.7,0.0,37.293,16.676
123.208,421.666,75.295,11.863,835.354,806.812,14.953,48.948,231.465,44.402,0.452,0.07,2.453,89.197,12.82,48.609,51.148
184.027,420.465,95.042,0.0,822.476,849.961,13.968,89.43,264.369,10.097,0.518,0.284,0.973,91.001,0.0,51.231,41.136
146.576,397.254,80.246,66.105,772.962,872.167,13.425,75.567,247.497,15.323,0.531,0.344,2.303,83.017,9.613,35.589,51.282
0.0,647.985,132.532,122.713,1168.167,485.173,14.558,29.248,230.916,60.634,0.0,0.0,0.0,0.0,31.555,45.916,66.714
464.169,203.729,40.292,0.0,888.462,426.602,13.391,77.232,199.909,20.027,0.745,0.19,4.734,73.635,1.124,31.6,32.271
519.333,174.434,65.325,0.0,544.039,580.727,12.568,106.003,242.281,1.675,0.609,1.071,3.868,84.202,0.0,36.804,28.871
613.861,152.871,67.016,0.0,242.011,758.221,12.649,84.385,183.341,0.0,0.996,0.611,9.668,131.309,0.0,31.188,34.635
51.965,342.018,59.182,155.696,871.207,811.176,16.645,60.511,223.453,75.63,0.23,0.36,1.948,69.309,24.509,43.881,41.618
599.86,189.577,60.017,0.0,1138.489,0.0,12.32,131.285,296.136,0.0,1.066,0.327,0.482,44.791,0.0,34.609,22.215
388.067,153.751,26.215,16.368,783.09,642.898,12.721,64.789,144.734,16.913,0.354,0.109,2.596,54.191,16.646,27.772,37.395
317.016,1227.041,278.458,0.0,496.43,177.11,14.75,34.026,284.747,68.943,3.349,0.1,29.86,369.893,0.0,74.839,128.878
511.519,422.546,109.526,0.0,451.574,597.87,13.073,66.805,222.171,23.78,1.58,0.586,14.863,191.921,0.0,40.054,51.191
406.295,282.529,49.935,0.0,1326.95,43.916,12.441,76.166,255.065,6.075,0.945,0.114,3.074,51.411,6.008,34.675,43.133
0.0,1054.311,218.383,44.47,1327.929,346.401,15.648,28.534,319.413,86.029,0.0,0.0,0.0,0.0,31.201,75.171,93.333
33.243,489.852,95.472,28.867,1062.519,623.892,13.482,26.734,180.204,38.135,0.0,0.0,0.0,0.0,17.862,44.74,56.449
0.0,673.364,104.579,56.117,1263.127,386.724,15.022,31.649,215.45,67.478,0.0,0.0,0.0,0.0,21.191,52.982,68.357
345.605,157.681,26.913,11.293,650.557,922.285,12.523,62.68,160.777,11.962,0.158,0.088,0.225,35.184,11.855,24.637,32.245
468.253,193.268,44.45,0.0,1524.821,0.0,12.702,92.106,270.743,0.0,1.227,0.012,3.404,38.836,8.441,29.359,37.724
522.606,167.009,41.588,0.0,1421.312,0.0,13.518,74.669,260.701,0.0,0.941,0.051,1.718,32.393,7.285,29.138,28.033
301.802,129.823,29.346,55.679,790.498,832.788,12.969,53.949,164.05,19.266,0.218,0.192,3.864,48.691,18.183,28.046,35.239
422.35,261.542,34.913,0.0,1562.376,0.0,12.723,89.827,260.681,0.233,1.067,0.167,0.161,51.93,0.297,35.697,33.325
112.114,422.722,88.585,49.354,768.302,935.73,13.553,58.87,223.664,35.29,0.546,0.229,3.344,76.882,6.419,37.573,48.297
482.093,241.169,61.835,0.0,676.518,586.971,13.109,115.868,235.944,14.532,0.707,0.424,2.051,90.134,0.0,41.071,26.313
317.544,259.722,48.778,2.595,857.325,543.976,13.167,75.465,187.772,21.145,0.739,0.132,8.297,81.386,21.712,32.363,47.653
391.286,162.618,51.876,15.413,487.145,1014.286,11.842,62.96,181.152,0.0,0.272,0.458,1.31,49.445,11.213,25.832,29.853
312.063,163.236,25.751,28.094,773.118,906.567,12.369,53.822,151.86,9.628,0.238,0.193,0.806,39.524,16.912,26.871,34.408
443.345,137.392,31.747,8.741,523.114,861.108,14.77,53.249,133.027,27.437,0.245,0.259,4.179,59.895,16.818,33.279,32.587
394.503,231.629,37.159,0.0,696.506,718.949,14.089,63.89,161.328,31.441,0.441,0.336,3.707,68.527,3.866,35.753,38.123
54.479,1220.055,217.624,0.0,1271.862,0.0,17.488,55.645,399.826,114.079,1.903,0.175,13.394,264.957,0.0,101.589,95.729
343.205,260.183,41.771,0.0,1346.821,194.146,13.025,64.587,218.604,9.852,0.744,0.013,3.22,49.188,12.583,32.903,41.315
314.891,221.595,54.013,0.0,730.481,781.09,13.599,62.38,139.472,20.074,0.385,0.005,5.03,60.608,19.132,30.823,46.507
570.757,154.725,47.808,0.0,1045.753,73.549,12.574,99.92,247.532,0.0,0.66,0.208,1.056,34.84,2.807,27.06,17.138
414.299,163.127,51.987,0.0,492.776,932.821,12.163,64.074,143.496,0.0,0.233,0.106,1.162,45.406,11.626,25.59,29.327
462.481,207.981,52.323,0.0,1024.806,209.47,10.95,99.717,242.224,0.0,0.837,0.143,3.26,57.957,9.541,23.328,38.533
416.665,120.513,9.635,22.76,668.962,804.098,14.19,47.851,132.724,27.249,0.12,0.219,1.707,39.026,16.91,28.248,29.434
509.581,362.719,106.438,0.0,342.448,652.887,11.992,49.074,187.09,3.541,1.448,0.699,18.748,185.775,0.0,37.921,52.944
388.952,150.166,25.488,11.992,817.381,679.121,12.575,73.594,166.25,15.02,0.352,0.01,1.61,48.156,11.996,25.065,36.431
559.226,350.606,104.084,0.0,224.749,773.125,12.241,60.013,196.613,0.0,1.537,1.243,19.745,192.651,0.0,35.851,53.39
504.016,223.107,51.827,0.0,1772.339,0.0,13.07,79.45,313.147,0.0,1.434,0.097,2.534,39.984,4.777,29.846,32.285
525.412,161.159,44.01,0.0,1220.868,29.64,13.566,73.958,236.495,1.39,0.884,0.302,0.545,46.773,8.353,26.886,27.176
415.974,167.505,28.521,0.0,760.808,716.466,13.131,74.024,143.285,16.313,0.381,0.01,3.957,40.933,17.972,27.303,37.967
345.807,207.687,21.196,15.573,887.743,661.538,13.172,53.849,176.837,22.295,0.278,0.04,2.686,39.654,19.539,29.324,38.576
552.883,271.406,73.876,0.0,604.926,442.518,13.563,82.248,225.389,7.945,1.206,0.469,11.579,134.914,0.0,37.448,32.894
571.743,130.951,41.866,0.0,824.075,329.201,13.14,89.281,220.303,1.107,0.604,0.486,0.733,43.72,7.955,26.736,21.703
628.529,151.271,37.509,0.0,883.479,164.994,13.526,98.935,236.569,0.0,0.624,0.783,0.258,49.474,0.0,30.424,15.006
430.569,135.252,43.479,0.0,520.454,870.939,14.007,58.866,122.934,15.299,0.303,0.002,3.83,45.438,18.433,27.466,34.467
135.432,321.076,47.401,78.069,810.743,830.24,16.038,87.303,242.118,60.247,0.371,0.682,0.752,77.135,0.0,51.068,33.131
481.982,254.833,73.364,0.0,472.018,616.704,11.802,66.986,198.156,10.246,1.119,0.128,12.323,125.808,2.816,29.76,46.419
596.311,101.638,33.083,0.0,768.693,306.059,12.52,98.916,216.193,0.0,0.715,0.599,4.008,62.679,0.0,27.311,19.813
272.919,173.724,19.422,76.731,834.486,861.663,13.575,39.403,161.294,24.414,0.092,0.354,2.076,42.57,23.814,30.672,31.81
448.935,131.415,26.934,0.0,766.728,635.62,12.936,70.102,159.212,12.593,0.446,0.26,2.44,33.824,21.016,26.425,31.325
207.777,512.272,79.84,41.602,745.334,698.473,13.019,110.681,288.123,41.09,0.581,0.768,2.11,96.632,0.0,44.094,52.755
436.423,223.674,41.671,0.0,1361.371,0.0,13.173,72.917,250.693,2.398,0.945,0.033,2.76,41.341,8.581,30.946,36.545
383.1,173.302,24.056,0.0,1022.769,420.544,13.096,73.195,182.528,13.374,0.437,0.181,1.678,26.688,21.049,30.025,36.027
474.255,192.518,41.31,0.0,901.368,359.038,12.39,89.524,210.141,5.205,0.851,0.323,6.136,59.893,12.005,25.943,33.296
500.322,361.44,105.943,0.0,333.055,709.659,12.256,91.43,263.934,0.0,1.461,1.849,12.747,180.542,0.0,41.916,43.389
524.872,105.594,38.525,0.0,404.608,889.053,13.531,78.433,151.326,0.0,0.242,0.513,1.523,48.661,5.591,25.632,24.493
412.707,166.766,21.329,8.977,842.783,707.396,13.507,70.763,164.761,23.611,0.173,0.229,2.795,35.865,19.343,28.093,36.102
535.985,205.274,46.359,0.0,1358.318,0.0,12.648,101.645,288.581,0.0,1.101,0.043,1.536,41.595,0.0,28.398,24.874
358.784,268.329,39.52,0.0,1424.206,0.0,12.561,89.418,225.89,0.0,0.977,0.001,2.519,38.471,11.997,29.899,46.585
370.816,301.34,59.675,0.0,966.989,301.5,11.224,97.329,250.598,15.71,0.624,0.038,3.154,47.961,8.914,31.905,51.146
368.993,531.535,133.9,0.0,687.489,368.027,12.16,55.83,195.806,11.185,1.892,0.275,19.867,165.33,6.593,33.196,87.65
390.472,157.188,34.745,5.468,788.523,695.731,12.62,64.464,159.738,15.013,0.34,0.134,0.61,35.058,18.575,26.278,33.591
509.356,980.133,208.381,0.0,1663.63,0.0,15.945,78.372,468.142,42.697,2.764,0.267,8.535,236.396,0.0,81.349,68.717
198.498,348.955,53.778,47.888,899.788,642.223,13.395,84.235,246.284,34.386,0.53,0.325,7.748,75.153,21.769,40.765,48.969
508.422,94.32,29.68,0.0,752.594,605.484,12.525,77.51,186.767,2.596,0.388,0.052,1.445,29.17,10.76,24.598,29.301
0.0,490.662,137.081,63.497,941.023,881.135,12.066,0.058,195.727,15.385,0.0,0.0,0.0,0.0,33.873,42.232,54.585
452.27,439.752,72.792,0.0,1213.376,0.0,14.131,85.293,287.69,34.677,0.936,0.48,3.162,107.766,0.0,53.126,30.337
734.026,335.436,134.835,0.0,274.614,165.969,11.719,153.348,249.372,9.414,1.516,0.644,10.495,177.135,0.0,43.346,37.506
165.637,335.23,64.355,50.171,736.957,934.464,14.887,43.786,181.861,52.142,0.293,0.405,0.32,67.102,3.822,45.653,42.556
639.536,122.479,61.115,0.0,191.704,722.619,12.172,108.375,200.544,0.0,0.48,0.454,5.725,88.604,0.0,27.939,17.924
486.188,216.604,80.5,0.0,527.074,534.388,11.605,96.17,240.684,0.0,0.748,0.065,9.138,88.727,23.114,30.295,36.728
635.014,336.08,116.799,0.0,359.139,337.66,11.082,149.186,289.111,1.8,1.077,0.584,9.26,145.455,0.0,43.237,34.222
505.023,246.092,95.561,0.0,387.288,592.467,13.414,134.713,264.276,1.755,1.039,1.099,9.07,144.93,0.0,48.984,34.159
311.849,201.106,38.497,72.612,682.346,787.387,13.505,69.742,185.471,26.223,0.591,0.841,6.57,79.756,14.976,31.665,39.225
445.947,162.164,30.004,0.0,788.975,610.755,13.005,71.225,171.047,17.424,0.526,0.15,2.523,43.042,10.29,26.181,35.813
351.872,145.713,15.957,6.586,720.392,827.058,12.764,62.564,159.495,16.009,0.122,0.22,1.184,31.684,22.06,25.932,31.017
395.421,263.75,51.858,0.0,1271.31,90.985,12.654,81.477,255.78,1.003,1.107,0.148,4.048,56.713,9.589,31.724,47.065
396.804,148.735,21.041,0.0,692.785,776.334,12.911,67.588,156.806,15.89,0.178,0.053,0.94,27.067,13.356,25.056,31.634
410.389,223.649,171.778,0.0,285.032,612.916,8.778,134.101,317.407,0.0,0.316,0.079,3.447,75.371,20.368,33.122,35.057
574.388,171.829,50.518,0.0,1322.126,0.0,12.336,98.957,289.873,0.0,1.106,0.109,1.178,39.831,0.854,28.614,22.911
565.91,121.363,27.914,0.0,589.846,609.983,13.402,76.888,166.723,0.0,0.475,0.464,0.839,48.778,2.296,26.469,17.003
520.846,90.15,27.258,0.0,476.659,823.509,13.908,64.26,135.285,9.618,0.167,0.222,0.875,29.777,9.184,27.58,24.002
403.991,607.89,137.527,0.0,1394.348,0.0,12.558,71.999,275.884,19.136,1.987,0.203,8.461,133.476,0.0,36.217,78.929
427.52,219.74,39.275,0.0,1344.0,34.433,13.007,64.961,226.98,6.311,0.866,0.02,3.26,39.724,12.324,32.936,37.595
654.565,230.962,166.278,0.0,168.487,511.871,9.779,126.123,298.371,0.0,1.013,0.187,11.043,130.119,12.411,28.708,41.575
745.195,146.156,113.29,0.0,145.673,297.431,8.46,144.922,278.408,0.0,0.767,0.491,5.896,108.914,0.0,25.99,16.377
436.174,176.948,32.749,0.0,1334.314,93.564,13.061,66.872,230.673,0.182,0.743,0.142,1.391,32.195,14.412,33.233,32.3
502.725,117.812,33.77,0.0,524.015,856.993,11.942,73.227,153.775,3.942,0.169,0.431,0.28,41.892,10.984,25.307,26.368
42.111,481.45,111.356,107.08,681.147,1136.742,15.96,60.646,233.14,41.641,0.785,0.268,5.53,118.453,11.301,52.013,53.069
496.365,118.194,36.014,0.0,694.75,540.114,13.025,80.954,185.346,8.652,0.58,0.015,3.901,52.126,13.177,27.278,33.528
359.247,151.261,23.622,8.94,708.62,773.71,13.178,75.794,150.69,16.605,0.301,0.106,2.697,46.047,15.292,27.086,39.989
548.698,165.596,47.072,0.0,658.872,548.63,13.145,71.304,181.087,0.618,0.835,0.303,7.5,78.624,10.416,27.272,33.075
171.282,225.697,38.238,97.945,850.759,641.832,13.927,25.531,146.268,30.326,0.0,0.0,0.0,0.0,34.085,28.642,36.123
428.98,117.214,26.554,5.759,690.029,823.319,13.312,58.022,136.919,18.481,0.117,0.022,0.647,30.186,15.406,28.232,33.01
301.215,171.27,34.463,61.974,707.897,925.186,14.009,44.347,155.987,25.41,0.176,0.157,3.009,45.712,17.192,33.922,32.082
344.391,407.232,61.099,0.0,716.266,708.358,13.551,56.024,181.171,40.95,0.838,0.034,5.437,81.532,0.0,44.335,43.753
407.726,196.657,30.201,0.0,1266.046,208.408,13.399,70.28,221.825,7.916,0.579,0.266,1.653,43.964,11.59,33.684,28.691
535.453,118.631,37.417,0.0,502.328,773.805,12.6,83.703,164.964,0.0,0.288,0.387,0.892,50.031,2.529,25.459,24.051
516.773,154.648,35.038,0.0,1471.658,0.0,12.908,86.717,272.313,0.0,1.09,0.425,0.561,30.837,7.873,27.05,29.811
299.391,492.289,88.164,0.0,860.788,479.624,14.039,110.859,282.972,41.042,0.681,0.507,3.047,101.014,0.0,55.427,45.18
453.218,485.891,105.883,0.0,1211.063,0.0,11.41,77.803,290.862,0.0,2.046,0.31,13.012,140.159,0.0,32.731,65.379
396.488,122.77,37.244,25.711,543.686,883.159,13.36,60.879,159.103,12.827,0.221,0.349,1.949,38.837,20.561,28.312,33.538
607.637,217.651,51.712,0.0,2079.383,0.0,12.698,95.659,381.294,0.0,1.742,0.303,0.819,44.738,0.0,32.003,19.636
338.347,307.61,45.516,0.0,711.573,762.369,14.112,65.306,171.202,33.983,0.282,0.331,1.615,69.924,3.372,41.455,38.098
443.868,246.222,46.87,0.0,1159.947,146.79,12.037,77.41,263.621,0.0,0.97,0.113,7.1,57.331,12.378,27.874,36.294
620.077,202.212,77.474,0.0,289.002,687.174,11.822,89.505,179.657,0.0,0.84,0.851,8.511,115.037,0.0,30.626,32.216
428.061,165.063,38.511,0.0,612.002,769.954,13.955,54.097,127.026,16.767,0.392,0.299,5.053,46.966,14.356,32.801,39.895
347.182,204.987,34.195,7.204,717.272,815.121,12.893,73.502,158.017,9.364,0.497,0.124,4.326,63.377,12.385,30.198,41.611
233.957,384.431,57.975,39.695,703.02,802.98,14.693,64.283,204.85,47.869,1.027,1.049,8.05,117.89,4.518,44.754,48.547
0.0,1095.554,189.248,5.875,1358.932,214.526,16.725,10.295,278.183,121.978,0.0,0.0,0.0,0.0,20.26,76.598,94.673
410.443,405.291,80.046,0.0,456.003,783.631,12.679,52.391,188.481,17.01,1.253,0.785,13.372,149.047,0.0,39.91,55.007
487.16,106.083,28.012,0.0,754.509,685.514,13.392,74.524,159.701,16.842,0.314,0.056,0.557,28.135,12.998,26.423,27.561
248.792,208.349,24.567,45.628,759.636,898.165,13.515,42.499,148.814,31.137,0.075,0.06,2.214,46.694,19.791,33.765,39.63
679.595,459.861,160.374,0.0,116.247,415.732,12.937,115.416,264.165,9.945,2.076,0.907,16.891,247.446,0.0,44.336,47.793
364.067,147.499,25.376,17.429,710.953,797.635,13.291,46.375,143.91,19.131,0.205,0.144,2.258,43.921,16.786,29.765,34.324
424.746,137.916,29.958,0.0,894.916,522.644,13.664,63.904,154.238,19.287,0.369,0.027,2.767,38.083,19.413,28.872,39.689
490.421,539.522,130.64,0.0,665.063,141.324,11.614,69.209,248.977,4.05,2.198,0.691,18.275,185.114,0.0,31.457,81.385
489.134,174.496,45.56,0.0,1233.949,28.229,12.336,90.095,255.279,4.185,0.96,0.141,3.037,46.769,8.467,28.678,33.136
298.82,157.769,36.216,24.697,690.91,956.173,12.315,46.744,125.647,14.758,0.187,0.032,1.266,42.761,20.426,29.346,36.039
625.436,222.212,54.022,0.0,2107.926,0.0,13.163,84.266,382.145,0.0,1.633,0.46,1.865,37.685,0.0,32.478,18.017
324.974,288.07,50.422,32.452,574.115,822.578,14.844,70.58,170.218,22.756,0.769,0.417,6.977,99.518,7.475,38.196,48.378
704.027,164.517,73.319,0.0,1009.514,0.0,12.468,115.435,348.117,0.0,1.506,0.976,8.848,118.92,0.0,33.748,11.178
366.278,145.74,21.944,0.0,840.54,686.819,12.697,70.468,166.053,17.789,0.398,0.171,3.052,34.695,17.389,26.765,37.31
417.791,135.827,31.734,10.547,710.044,796.834,13.012,69.695,134.747,19.778,0.249,0.045,2.391,36.989,22.025,27.367,37.143
412.365,145.912,49.292,0.0,583.874,748.786,12.356,76.736,166.428,10.908,0.597,0.117,6.737,61.839,21.645,26.692,38.887
451.778,267.463,64.987,0.0,554.074,590.807,13.036,67.163,193.856,7.305,1.016,0.393,9.604,109.285,2.995,32.41,50.877
445.525,319.831,107.645,0.0,475.074,735.047,10.636,79.138,185.251,0.0,0.929,0.158,11.967,140.128,11.648,26.232,53.325
560.842,212.019,56.691,0.0,280.473,753.197,13.691,78.996,175.895,0.0,1.066,1.534,10.237,129.541,0.0,40.371,28.633
448.115,159.35,32.836,0.0,773.013,563.437,12.204,84.934,177.549,7.027,0.584,0.113,4.122,49.397,11.227,24.403,37.943
359.375,232.63,42.066,0.0,836.742,689.299,14.364,62.14,191.609,31.851,0.496,0.493,2.171,71.797,0.274,39.612,37.632
0.0,444.259,93.368,126.673,999.41,875.074,15.774,41.265,235.412,45.263,0.0,0.0,0.0,0.0,27.779,47.831,49.013
258.88,1510.084,343.836,0.0,533.04,47.494,15.054,131.96,496.887,54.741,3.0,0.268,24.306,392.734,0.0,89.664,131.402
642.896,154.342,58.85,0.0,1407.369,0.0,12.075,119.178,323.581,0.0,1.394,0.233,0.515,44.526,0.0,32.305,16.522
585.251,223.205,57.453,0.0,1782.598,0.0,12.899,82.524,347.43,0.0,1.596,0.45,0.784,48.376,0.0,30.305,22.867
574.141,235.626,69.116,0.0,1403.201,0.0,12.889,120.961,390.803,0.0,1.145,0.769,1.377,86.176,0.0,44.884,16.463
215.816,151.245,51.699,9.527,786.563,886.006,12.251,47.214,161.824,9.406,0.094,0.255,2.556,43.284,25.89,31.703,34.245
563.993,331.729,107.091,0.0,375.336,485.715,12.225,106.352,250.873,1.554,1.445,0.285,16.686,157.544,0.787,36.884,47.33
341.855,404.942,84.294,0.0,550.442,792.16,13.184,64.656,208.353,19.338,1.161,0.923,9.109,138.365,1.684,41.123,57.856
0.0,549.116,96.69,90.953,1091.616,684.076,13.963,27.079,172.582,43.619,0.0,0.0,0.0,0.0,31.987,41.033,68.461
354.191,196.773,42.137,0.0,671.641,874.329,12.765,50.375,135.055,19.638,0.195,0.009,2.387,43.897,17.913,29.259,39.57
382.6,158.723,35.524,17.37,555.158,882.928,13.965,61.556,127.404,16.237,0.428,0.28,5.205,54.989,20.248,31.877,37.605
424.468,141.639,28.79,0.0,674.259,810.806,13.411,62.251,145.695,14.026,0.217,0.168,0.58,40.518,11.882,28.875,31.017
273.664,491.526,132.119,0.0,524.804,898.02,14.256,64.889,249.393,28.518,1.16,0.441,8.302,155.13,3.15,54.267,56.882
567.178,232.685,50.247,0.0,1652.525,0.0,12.561,101.628,348.671,0.0,1.495,0.572,2.071,60.377,0.0,29.905,23.811
448.058,307.816,63.629,0.0,831.79,445.123,13.339,99.431,248.062,18.151,0.689,0.223,2.75,105.301,0.0,42.716,33.276
220.196,383.398,88.227,103.783,606.436,883.033,14.771,83.86,251.257,30.534,0.91,1.346,2.712,116.969,0.0,52.095,42.724
258.008,229.323,43.375,28.89,812.077,872.103,13.101,73.819,172.13,26.37,0.328,0.166,2.511,50.662,15.95,29.694,41.014
479.846,145.103,41.557,0.0,484.075,944.242,12.005,62.14,149.232,0.0,0.167,0.077,0.206,39.456,8.065,25.252,27.357
643.408,114.06,63.116,0.0,460.388,400.428,11.198,131.84,261.251,0.0,0.676,0.308,2.161,68.796,3.441,22.804,16.302
109.71,246.64,46.121,127.586,852.199,904.053,14.236,37.293,160.582,43.677,0.0,0.0,0.0,0.0,29.213,34.445,39.287
375.237,220.683,45.786,0.0,607.325,752.578,12.986,76.355,170.931,20.727,0.521,0.296,3.987,70.147,0.0,33.36,36.472
507.626,199.956,40.095,0.0,1572.617,0.0,13.02,92.072,301.75,0.0,1.159,0.194,1.495,38.408,2.121,31.859,26.524
275.648,203.298,42.233,12.579,804.92,746.331,13.584,79.62,175.24,25.3,0.442,0.097,5.336,39.398,23.992,28.33,43.351
445.309,136.82,28.899,0.0,652.354,750.519,13.981,60.348,152.457,24.739,0.235,0.027,0.345,36.759,9.511,26.675,30.53
502.116,703.507,167.783,0.0,1352.774,0.0,12.929,99.008,379.421,14.197,2.64,0.176,13.916,190.236,0.0,44.957,75.112
366.982,238.084,33.149,0.0,693.113,832.475,13.273,57.778,150.613,28.05,0.62,0.073,4.561,71.743,1.557,31.478,37.869
343.366,374.39,71.438,32.067,565.426,804.818,14.555,80.75,225.89,28.467,1.197,1.049,7.253,141.096,0.805,45.732,46.173
573.799,241.075,103.158,0.0,453.638,434.48,11.448,149.663,288.387,5.469,0.896,0.487,7.305,122.298,0.0,38.97,30.741
464.721,194.21,61.384,0.0,1091.909,85.987,11.514,106.509,240.353,1.433,1.026,0.156,4.297,51.04,3.338,27.471,37.016
0.0,1856.506,381.74,0.0,1285.46,49.714,20.959,120.513,604.691,168.847,1.346,0.183,0.122,329.632,0.0,168.941,97.659
566.768,130.674,37.217,0.0,661.791,529.66,13.363,77.631,163.716,10.733,0.554,0.285,2.457,48.475,8.171,27.041,21.186
272.732,158.243,36.164,25.239,713.815,958.253,13.201,39.74,125.102,22.813,0.0,0.0,0.0,0.0,23.403,26.534,35.247
182.564,189.743,41.406,23.999,770.865,923.392,12.673,42.851,138.389,10.524,0.097,0.207,2.428,33.831,21.026,32.526,36.158
597.133,222.38,65.294,0.0,536.186,397.841,12.819,87.182,205.165,0.0,1.265,0.925,11.135,130.567,0.0,32.587,33.487
419.169,481.018,84.073,0.0,784.788,417.198,15.417,68.008,237.057,41.597,1.176,0.748,7.876,146.002,0.0,56.404,47.147
77.272,418.984,71.887,15.15,1167.658,502.444,13.86,36.068,175.613,33.441,0.0,0.0,0.0,0.0,23.161,45.448,53.93
452.045,1212.011,290.817,0.0,678.853,0.0,12.431,66.656,340.719,40.7,3.426,0.419,25.677,330.408,0.0,62.295,126.803
577.455,246.097,112.41,0.0,295.503,500.187,12.462,159.851,310.447,0.0,1.189,1.613,7.485,153.235,0.0,50.402,25.338
444.68,177.825,33.528,0.0,1261.738,99.739,12.805,76.37,230.337,6.831,0.751,0.043,3.078,34.794,11.022,29.953,33.358
502.683,128.098,31.319,0.0,846.216,494.646,13.528,65.151,203.949,5.328,0.424,0.251,0.37,36.375,10.641,26.396,26.344
478.319,198.934,41.141,0.0,1213.709,2.918,12.737,102.156,254.371,0.0,0.956,0.088,3.319,43.973,4.222,28.551,38.078
331.929,452.871,81.781,0.0,414.27,785.489,12.95,55.201,190.504,10.904,1.31,0.838,11.955,152.791,0.0,39.539,57.873
746.718,149.43,72.975,0.0,763.428,0.0,11.748,162.494,341.806,0.0,0.939,0.546,0.856,85.222,0.0,27.228,5.728
380.802,164.589,27.233,0.0,1059.491,452.201,12.661,71.7,182.485,13.489,0.614,0.161,1.381,34.544,18.199,27.677,40.219
660.496,126.646,82.501,0.0,561.882,131.072,10.768,146.798,304.404,0.0,0.87,0.26,5.543,89.527,2.744,23.611,22.656
577.735,217.049,68.174,0.0,1141.53,0.0,12.727,129.066,294.182,8.139,0.875,0.007,2.458,56.392,0.0,39.435,22.319
456.288,315.702,90.9,0.0,465.646,679.551,10.234,97.101,259.246,0.0,0.819,0.338,7.597,117.127,2.956,25.097,47.201
519.787,166.267,58.732,0.0,665.477,452.54,10.615,111.29,233.402,0.0,0.604,0.144,3.234,64.327,6.941,21.911,33.351
464.912,384.213,104.875,0.0,298.694,738.055,12.109,70.876,211.936,0.0,1.426,1.232,12.964,173.168,0.0,38.029,50.603
598.436,201.652,49.805,0.0,1272.093,0.0,12.717,90.744,287.821,0.0,1.257,0.394,5.815,58.475,2.095,28.108,28.916
243.513,346.433,99.466,46.654,647.503,792.35,12.434,75.62,214.134,2.08,0.74,0.226,10.16,114.159,26.846,38.397,59.108
551.633,187.336,34.238,0.0,1071.057,98.322,13.158,100.054,250.481,12.387,0.69,0.217,2.029,44.972,7.287,28.669,24.95
560.296,260.443,93.481,0.0,254.44,569.778,9.785,88.546,223.774,0.0,0.963,1.066,10.104,113.119,0.0,25.097,36.702
490.411,198.562,59.913,0.0,1350.237,0.0,13.24,72.052,266.642,0.0,1.051,0.431,3.859,50.139,8.93,28.3,33.165
395.991,158.667,28.396,0.0,1063.809,311.03,12.001,82.211,204.108,7.881,0.691,0.186,3.309,28.582,15.028,26.011,39.626
7.425,458.937,136.882,22.57,921.909,719.604,12.352,24.855,186.239,21.684,0.0,0.0,0.0,0.0,30.923,42.835,57.459
630.373,815.869,210.901,0.0,1258.313,0.0,13.105,105.467,420.239,22.274,2.983,0.223,15.856,233.884,0.0,58.435,75.972
453.053,136.04,33.258,0.0,591.581,765.705,12.467,74.696,152.462,10.463,0.419,0.272,3.107,45.462,8.882,26.418,31.191
501.203,200.385,55.799,0.0,594.073,560.862,13.655,67.751,189.774,3.658,0.907,0.921,10.827,112.361,6.447,34.7,37.864
36.815,1405.831,336.731,0.0,183.444,802.986,17.0,88.077,469.923,85.986,3.151,1.835,25.126,403.87,0.0,105.05,125.174
421.824,432.55,87.247,0.0,728.652,378.445,13.302,76.982,246.9,26.816,1.341,0.715,14.088,156.636,0.657,41.716,48.109
377.225,128.909,24.081,18.646,788.4,751.198,13.202,66.278,126.068,23.541,0.249,0.104,2.169,34.771,21.893,28.402,36.256
487.333,168.105,33.543,0.0,1140.76,139.276,11.38,101.726,238.814,0.0,0.63,0.038,1.131,15.909,9.79,25.377,27.225
632.078,181.931,96.19,0.0,667.173,159.101,12.256,130.417,286.408,6.239,0.907,0.3,6.04,109.739,0.0,42.466,23.419
972.788,215.538,188.377,0.0,0.0,236.202,11.938,197.88,407.788,0.0,2.214,2.837,18.398,301.873,0.0,56.22,15.975
0.0,443.563,102.845,115.558,829.048,984.324,14.43,32.109,263.598,37.742,0.328,0.381,0.229,75.492,9.596,43.454,49.952
345.697,137.491,11.316,26.984,838.196,741.92,13.154,65.656,148.94,23.748,0.223,0.074,2.758,31.612,20.449,27.998,36.722
0.0,445.389,71.669,108.797,1085.88,773.877,14.729,37.15,210.895,56.876,0.0,0.0,0.0,0.0,19.529,45.058,50.963
369.908,524.08,134.521,0.0,843.316,254.846,10.883,61.508,227.694,12.489,1.402,0.105,12.293,129.157,8.689,26.303,85.574
384.758,456.978,123.646,0.0,436.462,681.585,10.852,82.221,235.505,13.41,1.096,0.084,10.781,129.597,3.245,30.678,62.066
315.747,398.538,103.146,0.0,560.277,942.874,12.264,62.402,214.403,0.506,1.077,0.552,11.897,138.012,18.217,30.693,64.195
579.411,438.095,130.602,0.0,562.514,145.235,13.042,109.469,269.491,13.545,1.967,0.757,15.527,220.65,0.0,46.207,48.478
716.155,183.273,83.893,0.0,1244.648,0.0,11.944,126.952,396.438,0.0,1.652,0.339,4.181,98.618,0.0,34.959,11.482
234.003,389.062,91.302,18.605,648.607,859.235,14.43,73.731,236.352,26.269,0.872,0.451,10.134,121.339,24.205,40.831,55.625
364.764,221.652,64.451,0.0,920.066,253.655,11.623,120.558,253.514,0.0,0.437,0.182,1.833,34.933,0.0,39.996,30.599
557.38,92.822,28.758,0.0,561.932,633.874,12.699,79.314,164.726,10.264,0.408,0.489,0.977,35.878,5.353,25.735,21.53
489.251,139.724,69.673,0.0,280.558,1040.234,11.095,73.452,166.327,0.0,0.0,0.0,0.0,0.0,0.0,21.773,13.781
384.59,758.701,168.504,0.0,1117.052,0.0,13.887,77.275,323.551,22.325,2.384,0.166,14.888,208.796,0.0,55.806,85.45
438.822,878.631,192.933,0.0,1319.27,0.0,15.315,49.19,375.612,32.514,2.818,0.335,18.362,258.564,0.0,65.119,71.306
688.674,338.17,136.903,0.0,54.186,631.556,11.509,131.498,288.707,0.0,1.618,1.558,13.206,222.034,0.0,43.829,40.866
358.259,189.049,12.026,35.013,905.017,561.539,13.546,58.743,158.688,31.299,0.246,0.075,2.987,41.854,21.607,29.994,36.322
238.933,283.26,51.272,57.029,788.922,924.374,14.679,64.727,176.968,34.278,0.521,0.611,3.307,72.58,10.194,38.733,42.675
343.63,1263.074,269.921,0.0,667.679,7.102,16.682,48.105,387.373,82.95,3.003,1.216,21.702,371.204,0.0,92.804,119.138
145.333,236.937,59.61,88.885,954.832,853.576,12.678,28.104,171.245,10.832,0.0,0.0,0.0,0.0,27.704,29.288,38.555
637.493,200.554,67.262,0.0,873.102,0.0,12.399,129.151,294.571,0.0,0.898,0.478,2.177,71.12,0.0,31.294,19.516
472.252,186.169,47.264,0.0,605.395,685.498,13.22,71.328,182.119,6.841,0.873,0.322,8.168,83.769,1.28,31.689,34.257
637.308,135.643,84.805,0.0,556.686,302.353,10.581,142.181,273.575,0.0,0.715,0.185,2.545,57.219,2.873,20.728,22.822
398.678,192.784,34.215,0.0,1024.119,325.863,13.392,61.006,173.278,12.829,0.542,0.044,2.882,43.347,19.994,28.596,38.894
308.031,327.923,67.37,0.0,779.066,668.504,11.12,72.603,165.119,11.397,0.697,0.011,4.017,80.626,11.792,26.503,51.298
488.104,196.356,43.326,0.0,1018.691,248.753,11.93,80.661,231.417,7.188,0.877,0.218,4.504,47.184,13.287,25.399,35.715
488.278,217.335,31.053,0.0,1809.433,0.0,12.871,89.162,304.931,0.0,1.235,0.058,1.866,34.604,8.131,32.714,29.981
358.561,538.12,108.186,0.0,1015.788,165.729,12.525,55.802,234.921,30.257,1.611,0.294,10.362,123.462,0.0,35.911,80.43
629.185,209.796,69.669,0.0,1416.167,0.0,12.438,115.921,348.204,0.0,1.277,0.078,2.436,65.851,0.0,33.248,16.916
432.355,397.436,98.653,0.0,388.39,654.942,10.755,72.435,186.925,0.0,1.136,0.289,10.911,153.655,0.0,30.054,54.443
505.238,149.809,42.549,0.0,736.467,567.471,13.565,81.089,208.721,11.947,0.37,0.642,0.275,49.185,4.143,29.863,28.309
353.128,144.377,55.286,0.0,462.87,1130.532,11.339,38.769,130.144,0.796,0.0,0.0,0.0,0.0,10.526,26.295,22.921
357.945,169.779,25.677,5.655,1038.697,487.061,13.101,57.596,172.272,15.531,0.399,0.085,1.751,34.494,20.606,28.057,38.096
397.411,160.196,26.954,9.016,749.612,722.371,12.701,62.276,150.085,17.167,0.267,0.135,1.633,36.916,15.496,27.363,35.318
518.616,184.801,45.56,0.0,1016.159,208.611,13.149,82.589,223.643,2.591,1.003,0.2,7.143,74.582,3.078,30.135,30.199
37.012,480.988,75.31,113.285,794.14,1018.596,16.246,49.545,200.892,65.808,0.556,0.556,0.903,94.542,4.447,52.497,46.604
539.99,1306.064,311.812,0.0,0.672,194.402,15.694,94.491,388.849,78.676,3.571,1.317,29.525,466.578,0.0,101.871,116.222
451.345,114.139,24.626,0.0,749.356,655.816,12.786,65.456,151.136,16.603,0.277,0.256,0.555,26.486,13.753,26.488,29.393
369.041,152.934,29.947,25.414,722.634,853.865,13.331,71.646,163.331,19.434,0.304,0.136,2.04,40.757,17.204,28.673,36.349
455.442,123.356,35.677,0.0,481.965,926.54,12.02,60.018,131.893,8.001,0.134,0.298,1.403,37.009,12.557,25.876,26.734
400.505,152.708,60.108,0.0,452.523,1052.362,11.481,64.432,148.885,0.0,0.0,0.0,0.0,0.0,5.139,25.712,25.204
444.865,124.283,33.666,0.0,443.286,936.576,12.494,61.612,142.502,6.57,0.365,0.023,4.504,48.23,13.958,27.945,35.896
353.356,158.916,29.13,0.0,855.294,742.611,12.782,66.804,173.218,11.185,0.316,0.186,0.842,46.864,9.981,27.838,31.304
523.05,173.993,34.46,0.0,1403.791,0.0,13.203,69.388,252.658,0.0,0.998,0.043,1.955,35.55,8.304,27.807,27.308
403.749,111.911,57.005,0.0,371.562,1136.298,11.852,41.96,146.293,0.0,0.0,0.0,0.0,0.0,7.512,26.223,22.467
0.0,1194.144,237.453,0.0,1460.987,303.682,15.085,0.0,301.053,85.965,0.0,0.0,0.0,0.0,16.539,77.185,94.305
336.99,163.645,29.577,0.0,1112.024,412.448,12.969,74.859,236.144,14.68,0.538,0.208,3.565,39.233,19.377,30.688,36.436
525.083,225.972,69.753,0.0,820.153,257.981,12.108,97.414,248.93,11.868,0.974,0.215,8.754,99.035,6.06,33.5,35.502
41.052,500.861,99.605,69.924,1095.425,553.742,13.849,41.431,228.77,49.325,0.0,0.0,0.0,0.0,16.777,54.136,49.52
669.36,457.42,146.21,0.0,383.518,121.431,12.576,104.033,280.826,3.646,2.409,0.931,22.429,265.915,0.0,39.733,54.245
646.424,191.059,88.228,0.0,351.579,473.202,11.816,120.728,281.414,0.0,1.3,0.526,13.713,146.293,0.0,30.629,31.597
414.106,151.135,29.793,0.0,713.268,769.724,12.974,60.955,132.551,14.982,0.203,0.038,1.442,30.79,15.215,28.031,33.505
504.769,148.84,37.582,0.0,1073.426,228.213,12.554,88.858,238.046,0.0,0.728,0.277,0.383,44.38,10.388,25.492,26.461
431.343,262.606,56.968,0.0,773.488,501.917,14.143,78.409,204.103,10.012,0.922,0.688,8.041,113.584,4.051,36.974,40.194
689.334,136.522,61.262,0.0,1092.868,0.0,12.472,117.146,366.575,0.0,1.357,0.864,3.227,81.933,0.0,24.982,15.0
495.696,207.927,59.428,0.0,574.16,517.594,11.774,107.454,210.31,0.661,0.558,0.074,3.834,70.213,3.329,27.46,23.525
749.002,143.39,81.701,0.0,903.971,0.0,10.911,131.25,323.236,0.0,1.599,0.765,5.325,108.542,0.0,28.804,14.169
242.207,195.24,47.638,67.093,707.161,895.254,13.041,69.914,188.998,10.446,0.3,0.16,5.68,57.341,30.967,28.863,39.868
55.563,424.473,61.238,92.409,1053.951,634.655,15.92,77.611,240.546,51.981,0.083,0.276,1.222,72.597,14.215,55.022,40.212
629.424,372.623,102.865,0.0,407.379,329.427,13.131,96.166,254.291,17.877,1.55,0.891,12.516,194.056,0.0,43.141,42.618
253.656,175.241,39.802,71.389,683.979,914.094,13.991,56.372,164.511,21.829,0.135,0.409,2.022,42.947,15.388,34.129,35.325
243.357,385.982,53.489,0.0,1173.019,375.517,12.709,72.066,235.8,20.235,0.46,0.068,1.431,60.559,1.01,49.217,42.75
404.229,131.831,43.814,0.0,444.597,1059.9,12.71,40.006,117.722,0.0,0.0,0.0,0.0,0.0,9.565,26.577,20.613
431.902,163.303,22.574,0.0,719.329,738.474,12.69,68.901,149.063,18.66,0.318,0.213,1.025,43.309,10.479,27.007,31.108
538.315,969.222,229.723,0.0,1230.93,0.0,14.762,107.71,417.308,65.626,2.331,0.599,10.047,242.504,0.0,88.999,71.38
184.154,233.241,51.345,80.245,777.649,885.442,14.386,37.176,186.805,46.49,0.146,0.029,5.392,46.223,24.865,37.071,40.313
408.393,172.162,24.12,0.0,1268.473,152.32,12.604,85.523,218.733,9.333,0.826,0.077,2.017,30.403,14.989,27.923,39.731
445.521,193.818,44.457,0.0,1289.143,45.725,12.015,94.446,234.503,0.0,0.816,0.007,2.218,32.306,10.975,27.394,34.641
411.926,1270.907,311.563,0.0,583.266,0.0,14.574,56.451,418.757,68.494,3.439,0.489,26.214,382.994,0.0,77.705,124.348
390.32,172.268,42.999,0.0,924.613,548.072,12.657,64.468,190.777,8.297,0.519,0.059,3.398,43.966,20.58,25.87,40.977
274.717,256.723,23.181,15.036,889.022,754.391,13.12,58.031,167.206,33.946,0.489,0.635,4.125,58.494,7.588,33.163,47.119
562.324,199.783,50.748,0.0,1240.361,0.0,13.664,78.266,273.196,0.0,0.968,0.167,5.015,71.412,0.0,33.131,18.082
326.599,155.613,17.412,23.963,921.747,641.879,12.509,76.1,189.641,10.315,0.292,0.313,2.365,38.968,20.896,32.096,37.222
408.476,154.755,19.794,0.0,1072.92,385.999,12.596,69.206,186.131,9.214,0.441,0.203,1.201,27.447,11.77,27.782,31.32
854.933,193.643,128.638,0.0,183.077,0.0,10.055,202.919,366.154,0.0,1.241,0.679,7.962,151.865,0.0,31.773,25.445
795.888,136.48,93.254,0.0,507.843,44.232,11.202,175.886,353.824,0.0,0.969,0.457,1.116,99.291,0.0,25.478,9.098
404.892,120.7,38.04,0.0,521.205,1046.667,11.955,54.463,136.646,5.648,0.0,0.0,0.0,0.0,13.283,25.017,27.666
356.355,144.712,25.88,0.0,869.412,733.594,12.67,58.931,151.653,12.853,0.289,0.014,0.86,33.888,20.802,28.358,36.528
337.704,288.148,58.921,0.0,854.56,491.93,13.643,64.308,187.699,31.475,0.664,0.042,8.501,84.761,10.854,36.309,47.437
358.104,309.713,56.717,0.0,1173.999,117.681,13.392,74.42,209.576,10.443,0.891,0.044,3.391,56.979,11.742,32.524,48.965
312.314,981.917,221.242,0.0,610.502,215.906,12.752,45.744,203.663,46.009,2.654,0.306,23.045,285.821,0.0,54.802,119.63
292.013,161.496,19.843,82.138,696.69,826.709,15.203,42.461,147.71,43.558,0.0,0.0,0.0,0.0,25.146,33.865,31.4
128.536,494.621,85.976,4.892,1167.566,477.11,15.51,62.817,240.772,72.741,0.297,0.068,5.125,97.937,13.686,66.292,54.85
478.592,210.875,49.621,0.0,901.144,256.32,12.728,84.448,229.932,7.709,1.087,0.24,6.821,75.314,6.144,27.708,36.911
538.655,118.207,49.538,0.0,371.794,774.848,11.491,81.499,150.439,1.186,0.43,0.372,4.1,61.024,7.795,24.726,29.477
189.879,246.013,43.489,101.343,800.457,842.536,14.562,35.774,147.988,44.144,0.0,0.0,0.0,0.0,29.649,30.087,40.65
528.186,136.795,36.181,0.0,451.116,786.016,12.389,77.928,151.832,9.258,0.29,0.111,1.923,40.248,2.26,27.701,24.282
888.081,244.996,129.949,0.0,968.024,0.0,11.133,206.646,454.402,0.0,1.619,0.513,5.498,138.828,0.0,39.232,9.925
326.12,211.525,38.026,0.0,1440.779,21.093,11.964,74.152,248.069,0.0,0.723,0.038,3.8,36.265,15.752,33.423,43.122
553.718,460.889,122.19,0.0,941.479,0.0,11.553,87.141,300.746,0.0,2.012,0.639,16.355,154.222,0.0,31.585,61.27
380.166,162.876,39.477,17.858,767.758,663.242,13.685,69.069,151.306,25.844,0.383,0.294,3.126,53.451,14.705,31.997,38.103
487.17,191.696,35.537,0.0,1455.319,0.0,12.344,91.221,265.389,0.0,1.003,0.045,0.204,25.684,7.991,27.721,29.092
602.648,395.386,141.186,0.0,211.639,611.668,12.555,111.882,249.285,0.0,1.622,1.386,15.058,206.005,0.0,43.593,47.686
345.506,148.347,33.192,10.228,579.146,1004.913,12.084,55.163,145.505,10.572,0.076,0.192,1.232,29.45,16.84,25.059,30.92
265.912,191.381,24.283,52.096,865.952,745.425,12.348,95.73,233.178,10.348,0.27,0.429,0.708,41.696,14.132,34.536,37.798
157.316,252.771,48.356,67.35,771.632,945.689,13.809,54.487,157.905,18.221,0.357,0.024,2.332,55.849,23.972,33.141,46.566
260.566,226.694,20.165,72.477,808.539,809.05,13.546,62.39,177.247,28.777,0.224,0.084,2.185,52.388,22.46,29.658,43.601
458.105,121.413,33.97,0.0,420.767,1029.876,12.071,60.39,133.536,0.0,0.0,0.0,0.0,0.0,7.368,24.491,20.876
481.842,184.315,42.478,0.0,1283.182,49.054,13.398,69.716,239.793,2.092,0.804,0.004,2.738,35.906,11.565,28.666,33.603
673.242,113.19,58.091,0.0,1155.121,0.0,12.554,108.932,335.359,0.0,1.26,0.579,1.859,67.887,0.0,28.048,15.546
521.429,253.626,45.324,0.0,1314.467,0.0,13.406,97.209,272.063,5.793,1.049,0.484,3.123,56.839,0.0,35.691,24.912
427.268,298.348,64.208,0.0,583.804,555.959,12.856,72.503,177.162,16.295,1.147,0.361,12.138,110.965,5.131,32.846,59.337
255.837,178.827,26.636,35.288,732.423,876.288,13.494,42.673,146.734,15.792,0.136,0.031,3.2,42.812,24.386,32.488,36.12
285.204,219.253,23.387,46.049,948.079,645.46,13.009,66.744,170.821,27.234,0.294,0.093,1.782,40.881,14.901,31.064,43.717
640.602,164.212,50.559,0.0,1259.589,0.0,13.181,88.305,281.198,0.0,1.083,0.204,1.242,43.561,1.479,30.486,16.35
561.003,335.497,82.095,0.0,857.852,115.61,14.603,74.677,275.89,8.322,1.532,1.041,11.059,164.836,0.0,49.481,27.808
162.449,259.468,56.475,76.776,892.819,842.839,12.379,37.298,176.471,16.274,0.0,0.0,0.0,0.0,27.355,28.168,42.212
512.176,287.4,73.44,0.0,280.167,754.736,12.956,64.679,138.676,4.484,1.131,0.93,11.505,148.935,0.0,36.908,47.025
482.69,206.673,63.028,0.0,917.553,151.699,10.628,141.627,270.203,0.31,0.476,0.158,1.188,36.862,3.494,36.435,27.133
536.116,152.351,42.992,0.0,452.257,686.969,12.141,83.34,169.122,0.0,0.706,0.702,7.007,79.914,0.0,28.04,34.052
502.511,199.106,35.922,0.0,914.169,408.184,13.23,76.804,222.069,0.0,0.85,0.324,4.36,55.253,6.985,28.631,36.675
771.214,230.643,134.568,0.0,767.36,0.0,9.021,213.366,435.448,0.0,0.857,0.296,0.288,84.931,0.0,34.987,12.872
597.17,249.922,81.29,0.0,799.565,0.0,13.498,86.057,263.309,1.956,1.61,0.795,13.641,146.071,0.0,37.455,34.373
476.296,189.957,48.56,0.0,782.974,472.448,13.527,68.417,222.234,0.0,0.836,0.42,6.511,91.295,2.058,32.475,30.797
391.682,153.276,28.557,7.1,773.184,758.017,12.67,60.463,130.049,23.373,0.238,0.178,1.155,35.427,16.34,28.155,34.236
322.846,147.178,24.165,7.366,945.435,687.64,12.226,71.455,170.402,7.572,0.362,0.121,2.132,36.49,17.724,28.421,42.569
494.342,221.085,60.749,0.0,698.972,547.002,13.897,61.73,193.282,12.363,0.968,0.57,9.777,98.925,4.325,34.337,38.337
331.744,358.693,73.225,0.068,479.999,860.013,14.945,75.275,206.395,23.665,1.24,1.165,10.531,140.05,0.467,46.861,49.953
608.054,224.399,104.372,0.0,184.724,697.638,12.019,121.046,219.372,0.0,0.838,0.481,6.762,134.008,0.0,36.124,25.593
596.482,133.452,74.931,0.0,973.508,46.547,10.84,125.497,294.736,0.0,0.982,0.033,2.426,66.466,3.705,27.89,25.681
758.615,159.698,83.133,0.0,270.447,336.716,11.453,125.957,253.225,0.0,1.198,1.042,11.156,151.989,0.0,27.584,19.109
342.802,152.728,32.114,28.722,774.505,788.077,12.906,62.536,145.734,13.173,0.271,0.149,1.087,39.332,16.978,28.578,31.941
5.033,451.289,111.812,119.544,766.99,1016.356,16.329,61.131,266.992,41.542,0.558,0.344,2.692,87.122,14.406,57.646,51.712
292.175,181.964,36.65,22.682,757.169,878.172,12.014,46.521,158.657,10.48,0.174,0.107,1.913,39.98,17.696,26.422,34.506
478.991,157.861,49.318,0.0,486.973,751.104,13.014,70.573,146.126,1.741,0.571,0.126,7.566,61.829,14.764,28.234,38.05
440.708,188.048,38.592,0.0,1473.527,0.0,13.047,83.321,264.87,0.0,1.05,0.103,2.592,37.784,7.917,29.101,38.294
481.166,249.936,98.479,0.0,316.363,727.435,11.171,115.465,273.655,0.0,0.555,0.741,2.276,98.66,0.0,33.633,23.257
0.0,476.465,138.605,71.614,876.199,964.244,11.876,10.516,197.13,14.497,0.0,0.0,0.0,0.0,29.221,35.551,52.045
304.281,181.058,27.981,19.527,673.082,867.737,13.215,49.612,137.323,12.272,0.202,0.157,1.496,42.106,19.585,29.021,36.546
314.806,457.232,88.556,0.0,781.645,573.816,13.625,106.202,263.234,41.938,0.779,0.285,7.468,118.886,2.383,52.066,49.116
538.563,140.079,49.74,0.0,502.598,565.678,12.707,79.145,193.086,0.0,0.837,0.643,7.542,74.959,4.14,26.684,38.665
450.31,157.337,35.627,0.0,1187.431,192.3,12.514,83.528,220.524,7.695,0.744,0.031,2.709,36.582,11.762,27.06,33.066
391.858,493.923,86.227,0.0,585.339,430.637,13.71,55.381,188.348,40.385,1.519,0.234,16.486,181.393,0.0,48.031,62.876
378.824,143.676,17.641,33.884,726.086,880.849,12.82,51.607,143.073,19.345,0.133,0.123,1.674,34.741,13.231,24.106,30.512
488.335,154.276,35.242,0.0,1334.252,0.0,13.37,78.602,263.15,1.071,0.888,0.171,2.067,39.402,7.629,27.629,29.363
298.063,166.166,24.752,50.656,768.548,826.21,14.106,35.382,153.242,27.554,0.094,0.251,2.894,44.54,18.505,30.043,25.962
662.063,179.948,70.052,0.0,1418.134,0.0,12.882,102.903,361.963,0.0,1.514,0.418,4.869,91.241,0.0,32.887,13.804
436.046,392.22,126.349,0.0,380.49,692.787,11.659,83.24,179.797,9.138,1.244,0.333,11.154,137.48,0.0,33.998,55.418
414.978,306.817,93.413,0.0,710.629,530.445,14.432,96.671,254.671,35.615,0.566,0.406,3.694,101.113,0.0,56.796,33.178
0.0,471.509,103.725,100.007,948.536,672.62,13.545,49.163,267.914,34.164,0.0,0.0,0.0,0.0,27.126,46.875,49.441
324.852,167.137,27.519,16.282,840.316,806.479,12.811,68.428,158.273,21.056,0.296,0.08,2.303,42.64,18.601,27.311,41.442
412.556,188.265,42.081,0.0,776.218,605.972,12.512,81.509,196.898,9.701,0.354,0.084,1.522,43.044,18.585,28.89,38.09
551.929,205.506,48.438,0.0,1694.524,0.0,13.454,87.469,323.949,0.0,1.331,0.071,2.293,48.577,1.266,32.93,20.519
6.811,356.74,79.141,109.377,1005.892,868.795,13.506,37.613,194.121,38.023,0.0,0.0,0.0,0.0,34.479,35.488,53.084
456.793,234.389,46.214,0.0,1785.413,0.0,13.277,75.164,303.332,0.0,1.193,0.009,1.644,41.131,9.459,36.2,34.081
539.65,91.556,34.0,0.0,490.637,810.531,13.001,68.763,149.008,13.055,0.193,0.117,0.655,35.306,7.524,26.836,27.921
431.174,246.26,44.911,0.0,1456.091,0.0,13.315,76.529,259.548,1.16,0.979,0.275,2.277,44.969,11.227,29.754,36.086
694.338,203.133,83.241,0.0,609.796,7.676,12.332,107.687,311.441,0.0,1.742,1.022,14.0,174.033,0.0,32.311,24.251
422.18,172.43,33.65,0.0,949.606,515.202,12.941,74.662,181.697,10.681,0.558,0.052,3.666,35.588,16.565,28.212,41.682
263.046,340.466,51.364,9.346,847.363,613.015,13.272,70.74,190.308,40.408,0.642,0.156,5.273,84.373,7.44,39.512,49.475
607.104,162.493,70.081,0.0,384.544,609.988,11.925,87.069,183.575,0.0,0.803,0.725,7.259,106.777,0.0,29.01,28.678
522.508,246.128,106.14,0.0,587.049,460.675,11.463,166.424,290.555,0.0,0.533,0.133,2.325,69.981,0.0,42.053,23.894
496.112,178.618,44.207,0.0,1276.812,0.0,12.562,90.652,269.25,0.0,1.134,0.189,3.526,53.159,6.473,27.214,30.879
129.763,162.931,34.435,104.032,786.258,824.839,13.949,57.735,203.226,25.43,0.0,0.0,0.0,0.0,28.486,33.606,33.323
651.069,305.025,128.08,0.0,164.761,618.421,11.047,117.173,281.322,0.0,1.353,0.606,16.004,193.963,0.482,33.69,40.405
464.07,157.313,52.274,0.0,563.766,634.652,11.182,104.337,201.348,0.0,0.504,0.154,3.656,60.352,12.894,23.056,31.209
491.979,153.676,29.641,0.0,1088.757,214.586,12.298,85.525,205.693,9.514,0.672,0.25,1.276,22.458,12.602,26.563,29.906
307.073,140.27,29.12,77.034,611.468,863.481,14.511,38.131,122.606,27.544,0.113,0.01,2.157,49.293,26.597,30.682,35.179
655.932,1552.795,462.213,0.0,0.0,26.16,13.98,153.838,476.491,62.565,4.326,0.903,34.469,554.204,0.0,112.31,127.203
271.663,207.92,28.648,49.719,849.635,851.761,14.219,61.173,183.054,27.385,0.07,0.251,1.985,46.558,15.286,34.227,33.195
0.0,1065.296,211.641,0.0,1203.729,310.011,14.671,46.119,285.588,81.688,0.0,0.0,0.0,0.0,11.546,78.435,88.829
523.152,173.515,38.831,0.0,1033.473,134.777,12.632,87.733,220.059,7.249,0.755,0.285,2.544,43.741,7.728,29.204,30.63
367.379,124.795,45.668,0.0,471.627,1101.863,11.81,45.361,136.184,0.0,0.0,0.0,0.0,0.0,12.695,25.046,23.515
395.405,157.718,31.843,0.0,1298.829,120.387,12.782,77.795,202.505,4.99,0.68,0.088,2.484,25.279,19.927,31.625,40.556
408.32,199.547,52.386,0.0,502.729,785.698,14.473,57.758,127.328,16.742,0.579,0.367,6.551,77.659,10.63,37.132,45.584
270.057,145.551,33.291,48.556,791.472,743.402,14.12,65.001,163.394,20.886,0.067,0.17,2.609,43.195,30.131,34.471,31.469
722.066,479.563,171.227,0.0,625.672,0.0,10.399,124.282,384.505,0.0,2.599,1.342,20.789,210.127,0.0,32.161,63.314
519.401,205.753,52.048,0.0,1361.537,0.0,11.86,86.257,281.115,0.0,1.29,0.285,5.445,46.269,6.587,26.633,38.558
483.564,149.574,35.561,0.0,923.189,325.849,11.868,95.526,226.153,0.667,0.712,0.336,2.242,41.839,4.714,25.092,34.609
310.799,147.056,27.578,29.067,785.144,885.716,13.132,51.913,153.232,16.043,0.124,0.285,1.804,43.272,15.988,28.467,31.526
634.988,222.571,74.943,0.0,762.734,108.958,13.491,93.482,250.065,0.0,1.376,1.164,12.927,139.783,0.0,36.735,20.692
511.983,114.134,32.589,0.0,844.283,474.744,13.252,70.464,168.78,8.643,0.445,0.117,0.901,27.697,13.501,27.331,27.366
259.625,339.983,71.405,22.056,692.099,939.422,11.95,50.526,167.209,18.927,0.622,0.081,4.92,82.816,9.931,26.35,56.335
172.329,227.249,53.448,76.297,812.484,759.439,14.354,75.49,239.507,20.21,0.094,0.364,1.044,36.62,23.227,42.208,36.289
118.755,1641.92,372.274,0.0,451.31,403.221,18.008,81.375,450.941,115.649,3.481,0.212,23.219,464.438,0.0,118.729,139.315
500.681,713.003,178.858,0.0,1486.022,0.0,13.73,57.234,389.214,0.0,3.202,0.783,18.694,212.219,0.0,42.658,79.081
479.856,124.572,21.657,0.0,745.374,737.138,13.019,68.7,147.558,6.504,0.278,0.321,1.252,36.792,13.893,26.281,31.095
490.936,165.927,51.247,0.0,579.758,558.037,12.898,81.763,174.454,10.272,0.833,0.471,9.877,77.701,15.251,27.493,43.588
635.239,495.416,208.855,0.0,56.12,391.377,11.855,149.516,342.627,0.0,1.891,1.213,18.247,236.274,0.0,57.449,65.821
537.37,199.003,57.844,0.0,1114.436,0.0,13.793,69.555,245.076,0.0,1.124,0.111,4.79,75.596,0.0,28.917,28.16
593.606,427.239,126.605,0.0,362.261,291.748,13.8,75.659,263.713,9.567,2.244,1.561,23.587,237.514,0.0,42.548,54.862
479.759,459.559,151.423,0.0,298.458,666.492,11.057,65.456,219.175,0.0,1.364,0.293,15.587,181.377,0.0,38.302,52.75
303.335,138.4,19.039,43.505,697.889,848.59,14.274,36.545,123.443,33.224,0.087,0.11,3.323,37.493,32.223,28.933,32.807
303.71,115.69,29.317,55.298,681.208,864.199,13.165,64.14,173.163,19.048,0.17,0.362,1.667,47.442,19.181,32.523,31.1
59.349,348.494,67.219,46.795,844.67,851.817,13.156,62.138,226.343,39.038,0.33,0.005,2.143,63.165,14.091,42.802,48.985
381.138,205.854,47.529,0.0,760.271,592.549,11.327,83.943,161.409,12.001,0.471,0.025,2.507,36.191,7.215,25.266,38.889
474.475,212.802,89.125,0.0,428.664,770.999,10.118,81.238,189.67,0.0,0.625,0.091,7.935,85.841,16.152,21.712,43.255
593.355,194.569,50.166,0.0,1512.66,0.0,12.861,87.6,294.9,0.0,1.3,0.456,0.595,38.281,0.0,27.579,19.49
408.72,144.228,28.257,0.0,833.439,631.211,12.936,66.71,177.941,13.738,0.325,0.024,1.55,37.202,10.77,26.7,31.086
456.256,149.971,31.768,0.0,1234.424,175.977,12.415,84.173,232.091,0.654,0.653,0.016,1.485,30.199,11.356,27.573,26.557
363.969,140.907,26.076,9.789,590.223,877.256,12.938,58.27,131.907,10.189,0.141,0.25,1.037,45.543,9.913,27.785,30.197
249.472,163.461,41.014,36.116,772.655,873.911,13.701,36.791,145.216,31.401,0.0,0.0,0.0,0.0,28.238,35.797,34.359
571.206,229.84,62.397,0.0,1462.454,0.0,12.677,108.017,292.109,0.0,1.272,0.029,2.765,52.221,0.914,33.465,25.446
899.756,223.174,187.36,0.0,0.0,275.671,9.546,217.606,341.135,0.0,1.099,0.695,6.83,175.305,0.0,43.852,15.56
408.84,143.062,45.089,0.0,373.879,1070.102,12.241,40.687,124.465,0.0,0.0,0.0,0.0,0.0,8.576,27.335,20.66
462.004,137.346,41.899,0.0,1198.69,196.742,13.631,74.969,246.429,0.0,0.775,0.316,2.592,52.55,7.816,26.86,30.699
517.488,334.664,144.532,0.0,233.989,806.217,11.87,91.412,242.882,0.0,1.496,1.216,14.103,179.838,0.0,36.95,44.219
835.228,252.038,143.5,0.0,665.673,0.0,11.946,186.152,444.244,0.0,1.706,0.966,6.677,161.702,0.0,45.798,9.325
0.0,409.91,59.655,137.248,1152.285,617.507,15.682,52.249,217.572,64.796,0.0,0.0,0.0,0.0,27.155,48.426,46.397
459.258,867.074,205.052,0.0,1482.083,0.0,13.981,48.976,425.125,0.0,3.29,0.258,20.832,251.556,0.0,53.61,79.274
321.778,1254.738,275.135,0.0,387.5,176.124,14.843,47.163,315.428,73.368,3.418,0.417,31.847,396.802,0.0,77.974,127.651
561.174,290.923,95.436,0.0,447.398,462.194,12.17,88.055,238.669,3.862,1.365,0.613,15.164,148.638,0.0,35.023,47.78
591.924,136.927,55.183,0.0,581.185,470.442,11.678,88.846,222.723,0.0,1.058,0.594,7.895,90.027,5.012,23.134,33.265
741.544,196.013,109.54,0.0,660.664,0.0,8.967,174.71,335.52,0.0,0.645,0.001,0.708,62.612,0.0,27.848,16.691
487.061,135.184,31.818,0.0,1005.084,381.877,13.298,68.645,215.338,3.604,0.54,0.189,0.398,36.153,10.854,26.939,30.272
463.912,160.292,43.182,0.0,728.2,454.522,12.978,134.804,234.615,11.71,0.529,0.275,0.702,54.067,0.0,32.099,25.678
608.823,146.863,45.073,0.0,889.024,99.59,13.341,83.378,229.586,0.832,0.941,0.784,3.549,73.932,0.324,28.46,18.496
414.742,146.531,19.176,0.0,823.445,726.302,12.671,77.572,166.334,13.973,0.231,0.13,0.791,35.617,13.907,26.51,33.175
600.431,201.186,76.378,0.0,299.804,568.641,10.9,99.528,220.855,0.0,0.902,0.911,8.878,111.918,5.02,25.149,38.254
491.323,379.883,118.726,0.0,740.75,172.185,13.297,100.558,273.881,12.072,1.598,0.206,15.703,170.241,0.0,45.548,41.317
377.755,180.497,38.029,0.0,553.022,943.857,12.138,61.63,145.519,3.162,0.234,0.175,1.586,40.679,5.988,26.363,35.362
379.167,266.188,56.05,0.0,519.505,765.6,13.323,58.288,149.959,21.712,0.717,0.133,9.142,88.187,11.837,32.711,51.644
289.553,366.797,62.455,1.887,660.871,811.679,14.168,55.342,161.902,35.11,0.723,0.041,4.581,97.685,5.66,40.19,54.987
0.0,670.096,96.991,149.258,1124.113,533.813,16.306,25.39,220.12,104.761,0.0,0.0,0.0,0.0,24.281,50.915,67.844
627.049,217.792,69.744,0.0,232.225,641.255,12.912,96.784,207.376,0.0,1.211,0.858,11.291,148.172,0.0,34.983,30.721
409.744,208.391,51.189,0.0,778.14,538.737,13.016,81.435,217.175,26.054,0.598,0.225,5.088,57.404,13.197,34.045,33.67
0.0,1036.591,231.116,118.45,1158.216,627.818,13.219,22.294,352.463,51.121,0.0,0.0,0.0,0.0,19.258,58.375,89.178
471.068,254.618,62.823,0.0,934.997,200.634,11.743,100.033,245.951,6.334,1.143,0.291,8.601,91.87,8.841,31.738,44.801
361.152,444.94,93.094,0.0,802.077,443.992,14.147,49.116,201.599,36.694,1.217,0.225,12.717,147.632,5.51,46.135,55.782
581.706,446.534,150.213,0.0,606.054,59.17,11.173,124.614,313.384,0.0,1.834,0.388,15.267,169.237,0.0,39.65,63.388
435.918,170.028,35.401,0.0,1108.867,278.689,13.185,60.981,202.623,10.747,0.641,0.323,2.183,39.586,18.737,29.154,35.392
556.652,339.556,116.212,0.0,246.818,682.506,12.134,80.76,210.635,0.0,1.502,0.79,17.438,186.796,0.0,37.162,50.83
500.948,409.84,106.856,0.0,654.858,263.961,11.211,119.451,278.75,0.0,1.222,0.221,11.662,147.783,5.624,35.194,49.926
348.914,154.524,22.642,0.0,970.421,564.352,13.156,66.254,158.233,14.346,0.406,0.002,1.491,32.129,19.066,29.033,37.919
438.628,210.494,51.763,0.0,630.91,552.672,13.437,73.146,184.803,17.418,0.77,0.628,9.572,87.922,10.872,32.23,41.88
600.733,162.789,52.057,0.0,856.833,166.576,11.794,132.973,272.71,0.0,0.576,0.155,0.217,50.699,0.0,29.464,17.923
258.268,364.813,81.325,0.0,769.048,855.103,12.689,74.012,204.269,25.923,0.602,0.02,2.522,90.802,0.0,40.625,47.378
557.998,105.498,39.873,0.0,787.871,422.055,12.889,81.817,205.681,3.262,0.561,0.666,0.38,46.025,3.32,28.629,22.395
379.249,148.607,29.335,10.297,610.457,827.201,12.97,62.721,145.397,17.644,0.279,0.214,3.106,37.325,19.8,25.954,35.2
225.904,226.941,36.804,41.806,1013.109,725.098,13.614,56.641,197.045,28.282,0.131,0.151,2.86,43.095,28.673,38.737,40.79
407.072,210.055,33.504,0.0,1230.084,169.848,11.556,85.054,221.234,0.341,0.751,0.068,2.286,34.883,9.855,30.655,32.64
485.742,426.934,108.165,0.0,546.173,409.908,13.787,58.807,226.778,11.564,1.804,1.016,18.384,188.131,0.0,45.935,55.85
0.0,721.836,142.922,107.561,962.457,891.331,14.176,6.005,218.541,51.42,0.0,0.0,0.0,0.0,16.735,47.534,65.712
682.699,166.54,90.176,0.0,680.035,96.103,9.236,150.211,315.367,0.0,0.775,0.067,1.316,58.462,0.0,23.729,14.484
250.466,158.052,34.277,25.249,756.264,914.626,13.89,34.066,106.829,24.456,0.0,0.0,0.0,0.0,22.014,28.983,38.0
350.424,173.65,38.343,22.37,908.975,561.451,12.557,55.281,162.097,17.122,0.319,0.044,2.528,34.024,14.627,28.985,34.903
146.276,252.219,66.836,74.049,838.378,836.155,14.271,68.272,198.647,26.5,0.199,0.027,4.181,56.849,28.494,38.76,43.839
519.008,119.409,33.517,0.0,783.246,500.458,13.818,70.966,163.93,4.983,0.418,0.242,1.643,36.673,9.994,25.846,28.468
357.564,151.533,16.138,31.905,784.269,830.878,13.844,51.199,138.125,28.341,0.058,0.164,0.965,40.351,18.211,28.747,34.342
409.661,139.957,22.941,2.688,599.855,879.505,13.27,66.337,138.851,12.481,0.282,0.222,1.363,41.901,13.943,25.241,31.908
245.948,988.063,205.322,0.0,823.576,190.655,13.947,36.634,279.853,55.568,2.76,0.031,26.917,264.766,0.0,52.995,119.041
566.004,101.937,42.997,0.0,646.94,484.675,12.305,87.434,199.299,0.0,0.636,0.546,4.075,55.303,8.18,26.362,26.828
513.959,148.18,27.26,0.0,1108.58,151.276,13.234,89.962,245.493,1.086,0.682,0.477,1.607,35.781,4.975,27.274,27.111
438.896,290.502,66.989,0.0,602.614,581.502,12.372,67.687,159.67,20.651,1.035,0.074,10.679,106.464,6.317,31.714,55.421
540.152,233.155,69.527,0.0,633.013,355.127,12.008,111.694,258.99,0.0,1.005,0.579,9.642,117.707,7.543,28.75,42.233
581.532,181.322,50.366,0.0,744.939,266.795,13.33,90.743,216.715,0.0,0.98,0.623,8.158,103.468,0.0,34.149,19.822
340.76,216.058,44.007,9.689,625.317,941.277,12.177,52.656,144.723,12.004,0.236,0.134,1.646,42.229,9.852,26.643,37.9
356.523,191.505,28.872,0.0,1053.712,486.299,13.26,57.822,155.541,15.659,0.362,0.038,1.172,38.057,21.751,30.815,36.53
390.679,217.174,41.09,0.0,902.191,546.879,11.889,66.105,199.644,3.709,0.76,0.202,5.433,55.035,18.908,26.821,46.944
345.194,174.933,26.35,32.557,763.611,698.811,13.439,66.35,166.547,26.789,0.438,0.317,3.002,57.889,11.776,30.057,40.578
0.0,459.66,72.173,152.756,1051.146,804.804,16.102,30.147,226.874,70.757,0.0,0.0,0.0,0.0,23.258,50.771,48.942
388.214,227.67,35.096,0.0,1143.536,239.852,12.803,74.211,200.9,17.337,0.577,0.053,2.951,39.773,16.356,30.665,40.184
419.225,248.122,76.668,0.0,479.167,879.566,12.302,71.754,167.948,0.0,0.717,0.259,4.832,92.128,1.187,29.343,38.496
414.765,190.899,48.642,0.0,925.263,402.615,12.881,78.175,199.322,9.409,0.809,0.257,7.635,71.594,14.293,31.433,39.792
407.605,211.42,27.146,0.0,1249.762,196.74,13.7,69.766,210.743,20.804,0.631,0.187,2.584,47.125,12.203,34.683,30.781
595.164,223.783,51.0,0.0,1421.521,0.0,12.489,116.986,311.979,0.0,1.318,0.074,3.108,55.719,0.099,29.764,20.764
378.309,113.988,30.642,38.051,638.522,878.695,14.84,55.78,127.571,25.097,0.181,0.4,3.238,45.535,22.006,32.167,32.969
496.319,159.504,41.012,0.0,1340.685,0.0,12.634,94.283,257.201,0.0,0.895,0.07,1.138,32.479,4.838,27.608,29.37
273.996,157.238,45.769,48.941,716.419,858.066,14.241,34.291,128.723,24.334,0.082,0.015,2.003,47.664,27.896,34.334,37.506
407.726,314.729,60.016,0.0,476.528,845.909,12.765,68.841,129.409,7.461,0.733,0.044,9.736,91.187,3.093,32.221,47.31
466.48,105.415,42.344,0.0,685.75,640.105,12.288,76.251,194.032,0.326,0.416,0.364,4.575,62.444,21.946,24.491,32.166
459.456,226.003,73.215,0.0,822.452,474.994,12.515,89.996,250.65,4.507,1.117,0.074,11.293,108.449,15.633,30.823,43.282
676.026,236.53,118.652,0.0,43.881,743.933,13.596,115.101,249.559,0.0,1.297,1.447,12.676,189.343,0.0,51.052,26.516
691.201,149.279,102.017,0.0,234.511,466.338,9.834,153.132,253.262,0.0,0.786,0.912,4.88,120.348,0.0,23.686,17.814
556.337,138.996,40.618,0.0,712.612,397.251,13.387,84.758,206.227,1.084,0.705,0.557,2.02,67.923,0.0,31.595,17.96
666.276,223.422,63.303,0.0,542.606,133.722,12.751,118.521,236.137,8.337,1.346,1.305,10.151,158.844,0.0,35.088,25.433
409.957,223.935,34.09,0.0,1341.945,0.0,12.799,78.43,261.674,0.0,0.982,0.311,2.406,41.127,5.412,29.312,36.547
332.662,152.818,24.882,18.045,884.703,696.067,12.958,66.295,169.938,20.818,0.317,0.181,3.868,46.753,18.831,29.057,35.447
0.0,436.602,113.324,59.843,1050.021,693.411,12.659,54.81,280.671,7.544,0.0,0.0,0.0,0.0,10.812,49.658,42.076
502.852,115.236,23.379,0.0,847.293,493.528,13.652,59.104,169.864,11.46,0.327,0.15,0.486,28.505,11.833,26.852,24.442
307.452,130.247,34.994,71.344,692.404,941.373,13.425,42.426,129.318,24.733,0.0,0.0,0.0,0.0,23.527,24.63,29.93
436.113,222.71,110.945,0.0,454.841,719.637,11.402,77.905,209.54,0.0,0.827,0.256,12.76,98.578,23.88,28.902,48.076
399.957,169.955,46.265,0.0,593.782,756.694,11.372,82.449,182.653,1.883,0.29,0.009,3.688,61.376,16.027,23.093,37.6
94.02,932.505,173.398,0.0,712.837,719.005,14.937,39.159,235.8,69.077,1.829,0.005,15.968,237.11,0.0,57.894,105.481
335.25,140.036,16.597,27.674,826.673,806.329,12.992,55.496,135.86,15.815,0.286,0.299,0.985,40.349,23.139,26.772,39.726
385.457,196.965,46.673,0.0,727.194,694.808,13.25,68.455,157.51,17.401,0.514,0.05,5.653,58.918,20.817,27.503,42.132
356.114,919.687,208.787,0.0,645.827,162.708,13.054,57.69,284.246,23.735,2.662,0.396,22.02,284.637,0.0,48.216,119.887
365.901,368.13,80.917,0.0,587.731,684.604,11.9,48.12,155.112,14.433,0.887,0.077,12.808,117.337,15.339,33.277,67.849
619.078,188.586,75.238,0.0,513.149,317.439,10.803,154.827,290.068,0.321,0.61,0.429,3.945,74.749,0.93,29.272,25.544
423.563,318.207,153.2,0.0,463.976,644.382,10.771,109.765,251.031,0.0,0.98,0.08,14.188,130.351,25.247,30.235,60.514
364.11,150.66,11.518,27.134,779.924,622.146,13.979,58.369,141.422,32.374,0.229,0.153,3.217,37.317,23.745,27.469,34.472
490.373,215.332,81.367,0.0,605.01,369.339,10.947,110.636,234.679,0.0,0.831,0.265,8.979,85.368,10.579,25.302,43.963
626.322,234.669,80.712,0.0,1627.51,0.0,12.51,106.917,384.453,0.0,1.648,0.264,0.931,71.113,0.0,31.472,27.085
542.087,155.1,49.636,0.0,692.692,454.937,12.426,82.245,206.666,0.0,0.734,0.438,4.644,69.35,9.631,24.628,28.617
539.6,229.33,56.512,0.0,490.154,680.339,13.519,74.237,170.204,7.518,0.874,0.407,8.093,116.879,0.0,31.41,34.081
0.0,1451.096,272.316,13.24,1126.185,843.048,21.015,48.13,491.393,143.556,1.053,0.524,2.291,252.78,0.0,125.657,89.31
492.349,201.865,69.798,0.0,771.085,385.317,12.182,94.317,206.852,9.81,0.789,0.122,5.472,72.161,11.88,31.157,38.537
801.596,221.64,110.698,0.0,1004.134,0.0,9.811,187.174,405.627,0.0,1.427,0.394,1.667,81.618,0.0,34.06,15.103
480.175,148.663,41.022,0.0,1166.238,174.507,12.986,72.642,225.14,0.914,0.822,0.123,0.889,40.203,13.754,29.723,35.058
245.353,179.409,44.364,18.305,837.303,824.273,12.228,81.409,202.068,13.579,0.118,0.28,2.713,45.721,28.763,33.918,35.729
500.799,138.947,33.55,0.0,1023.591,298.412,13.011,77.01,208.648,8.919,0.683,0.146,0.778,34.141,12.287,26.742,27.803
269.198,186.016,37.097,75.95,773.576,848.112,15.596,42.402,140.42,44.205,0.0,0.0,0.0,0.0,24.496,34.83,30.733
400.742,134.236,26.44,0.0,736.081,783.883,12.508,70.063,137.756,15.758,0.275,0.171,0.55,39.994,13.918,26.36,31.133
406.432,232.183,38.881,0.0,1241.718,135.103,13.811,65.252,208.152,18.822,0.597,0.012,3.014,49.467,13.582,36.036,31.75
339.044,196.754,48.183,34.252,889.69,511.578,12.789,77.975,201.609,20.652,0.599,0.082,6.584,52.18,21.424,35.486,40.035
0.0,565.902,107.162,227.026,1002.351,834.456,16.776,24.851,239.708,60.227,0.0,0.0,0.0,0.0,19.547,53.183,52.915
0.0,2040.703,459.546,0.0,271.573,330.964,18.549,131.642,602.413,133.977,3.067,0.141,14.629,467.025,0.0,147.368,145.772
695.766,196.374,73.972,0.0,1591.68,0.0,10.503,154.206,412.922,0.0,1.276,0.079,0.61,37.148,0.0,34.637,13.356
491.714,201.051,61.238,0.0,490.558,681.261,12.367,80.031,176.256,0.0,0.805,0.455,10.638,102.738,19.642,28.382,43.726
473.008,256.968,43.737,0.0,1542.834,0.0,12.852,83.518,291.483,0.358,1.27,0.039,2.687,57.079,0.0,30.222,32.368
435.572,138.746,24.662,0.0,765.18,701.591,12.961,71.502,179.342,8.119,0.41,0.326,1.473,41.226,10.89,25.931,31.045
305.719,210.828,26.04,39.815,837.282,709.801,13.739,74.282,192.444,24.712,0.237,0.487,2.434,48.55,19.919,34.668,37.391
597.341,215.719,68.581,0.0,774.865,189.815,12.515,119.684,269.872,0.964,0.932,0.575,5.076,101.389,0.0,36.651,18.143
277.328,175.377,24.464,55.684,851.726,770.013,13.67,36.838,136.317,33.222,0.0,0.0,0.0,0.0,24.918,28.73,35.837
434.345,1026.956,216.171,0.0,1452.912,0.0,15.399,59.803,445.818,40.316,2.57,0.648,10.769,245.607,0.0,81.421,74.708
348.289,128.165,63.787,0.0,467.949,1094.491,12.051,39.318,148.241,0.02,0.0,0.0,0.0,0.0,13.015,27.443,21.328
652.989,311.417,133.708,0.0,246.007,443.086,12.357,109.474,275.455,0.0,1.928,1.262,19.804,218.482,0.0,37.079,48.946
338.244,391.218,70.442,0.0,759.753,526.197,14.477,72.877,183.47,41.31,0.888,0.324,9.383,122.754,7.812,51.246,46.041
301.322,212.249,22.983,0.0,992.244,606.295,12.4,72.458,169.432,12.231,0.337,0.171,3.184,34.5,19.557,29.193,38.948
225.021,1206.21,298.522,0.0,321.484,404.249,15.596,79.771,386.012,56.18,2.915,0.654,23.428,358.965,0.0,91.424,129.197
551.699,228.159,93.204,0.0,383.112,540.677,10.96,127.514,281.812,0.0,0.852,1.325,6.424,110.45,0.0,29.941,30.424
420.709,158.964,28.992,0.0,758.637,666.45,12.709,67.276,147.415,16.979,0.355,0.019,1.573,24.876,17.746,25.674,37.671
392.578,134.19,24.802,28.974,668.974,775.956,13.17,67.333,153.048,14.045,0.243,0.505,0.902,38.447,14.451,30.317,34.711
0.0,1412.887,276.709,0.0,698.783,406.116,16.684,57.007,355.295,121.675,2.588,0.219,19.58,343.92,0.0,87.669,140.618
497.83,435.358,146.082,0.0,326.703,526.653,12.403,91.895,266.084,5.064,1.8,0.282,22.62,203.685,7.189,38.384,61.127
505.555,143.012,43.809,0.0,957.145,267.883,11.564,94.108,209.398,0.0,0.589,0.071,2.224,34.4,8.0,21.919,28.902
513.538,128.804,41.511,0.0,492.14,828.581,12.7,92.555,181.102,1.426,0.286,0.434,0.612,44.371,5.213,25.311,26.98
407.474,971.84,227.557,0.0,467.736,103.748,12.508,124.72,324.285,35.48,2.33,0.507,16.518,255.282,0.0,53.419,114.421
528.162,195.985,52.079,0.0,530.576,662.919,13.468,67.146,159.62,0.0,0.823,0.325,8.717,94.011,0.0,34.532,35.667
383.399,136.054,24.646,19.853,781.666,772.486,13.193,59.479,135.18,22.283,0.12,0.167,1.716,32.756,19.791,27.472,35.273
507.781,155.314,44.749,0.0,773.485,429.0,13.096,75.838,201.211,5.603,0.606,0.237,2.805,56.313,8.26,27.006,28.25
346.825,151.769,54.441,0.0,497.007,1094.811,11.626,39.912,138.207,0.0,0.0,0.0,0.0,0.0,16.016,25.403,30.03
427.218,140.653,18.232,8.346,706.119,783.139,13.373,70.454,159.13,14.179,0.207,0.238,0.257,34.874,11.074,25.996,29.715
293.467,157.507,32.14,11.484,681.098,905.892,13.058,61.114,143.317,15.469,0.185,0.288,3.001,35.039,23.089,30.066,31.107
0.0,469.486,102.47,134.879,892.693,731.885,15.508,39.093,240.799,65.318,0.0,0.0,0.0,0.0,27.28,51.3,45.191
657.829,179.11,98.783,0.0,188.913,553.465,9.735,141.14,255.292,0.0,0.826,0.556,5.531,120.339,0.0,25.046,19.624
430.852,298.242,74.586,0.0,486.69,578.446,11.306,70.881,158.438,11.101,0.877,0.462,7.256,105.626,0.0,35.12,49.031
350.951,137.594,16.89,34.911,877.857,664.532,13.716,47.865,160.259,24.462,0.237,0.182,3.164,42.678,21.658,29.115,33.307
564.273,303.018,69.665,0.0,510.946,417.133,12.41,87.001,209.139,4.875,1.276,0.638,16.273,138.622,0.0,30.989,45.628
0.0,423.029,69.001,147.95,1051.488,723.125,14.86,34.679,224.255,61.302,0.0,0.0,0.0,0.0,21.304,48.513,46.9
453.558,207.018,48.655,0.0,751.11,499.172,13.559,68.846,172.921,13.752,0.748,0.073,7.543,65.432,8.556,31.868,42.258
439.157,340.491,97.349,0.0,548.918,713.693,10.969,73.802,224.897,0.0,1.057,0.274,11.245,119.086,9.092,24.036,57.959
348.302,152.279,25.004,17.8,729.695,736.394,13.109,59.478,151.687,21.033,0.227,0.13,2.645,39.868,17.218,26.846,31.887
162.332,1024.515,230.567,0.0,548.932,724.217,14.365,54.922,289.229,62.234,1.969,0.292,13.165,245.054,0.0,68.918,108.002
400.22,241.272,42.483,0.0,522.505,879.886,12.833,56.879,121.989,13.693,0.563,0.03,6.612,78.007,8.948,30.573,44.879
343.062,197.287,23.861,0.0,1296.594,250.488,12.674,60.088,214.289,1.272,0.681,0.018,2.214,31.189,17.691,29.107,40.992
430.853,574.199,153.396,0.0,465.246,501.199,11.421,72.089,201.687,13.037,1.617,0.216,17.938,189.769,3.618,36.234,80.341
765.528,336.659,137.916,0.0,0.0,684.91,13.704,119.792,242.955,0.0,2.059,1.946,19.55,266.773,0.0,49.381,46.831
378.357,273.084,59.284,0.0,848.414,453.76,11.567,91.907,210.921,13.107,0.748,0.172,3.327,57.79,4.404,27.233,48.511
345.501,289.777,41.979,0.0,1111.121,312.488,12.874,66.506,214.014,30.54,0.637,0.061,4.413,52.734,10.837,35.394,44.193
484.418,473.811,114.637,0.0,294.361,670.986,13.801,75.387,222.049,2.476,1.719,1.306,15.749,195.554,0.0,49.431,57.914
409.469,271.26,54.083,0.0,1190.379,221.053,12.207,77.793,242.551,6.347,0.924,0.109,5.186,58.228,5.935,30.41,42.179
0.0,472.512,125.036,139.592,835.735,845.81,12.764,47.472,260.554,6.126,0.0,0.0,0.0,0.0,26.178,41.081,47.295
639.426,242.845,130.087,0.0,0.0,747.904,10.81,126.728,255.772,0.0,0.858,0.476,6.129,145.836,0.0,34.746,22.26
378.051,165.035,28.166,9.036,742.965,734.744,14.025,54.284,142.905,27.645,0.098,0.062,0.983,35.169,18.968,28.132,35.543
0.0,430.19,78.134,95.855,925.601,793.624,12.803,22.87,190.494,19.918,0.0,0.0,0.0,0.0,27.78,35.81,53.215
78.416,330.966,49.279,190.247,755.656,951.666,16.241,89.439,240.602,51.259,0.608,1.158,2.641,73.97,7.057,49.254,39.628
260.976,221.983,36.772,81.179,723.155,894.805,13.346,79.251,177.109,16.971,0.457,0.491,4.836,48.797,19.734,29.469,38.153
501.137,183.996,37.968,0.0,348.018,860.354,11.876,62.295,157.264,0.0,0.413,0.325,5.641,62.826,4.216,27.66,32.573
91.4,455.396,90.776,97.536,864.554,832.46,13.604,70.732,257.245,24.76,0.385,0.25,2.111,78.449,15.493,42.688,52.111
550.41,250.477,57.638,0.0,1061.596,0.0,13.969,74.88,279.68,5.441,1.231,0.502,5.279,104.67,0.0,33.638,23.44
502.591,172.666,42.713,0.0,833.541,426.934,13.842,69.635,186.767,7.527,0.726,0.028,5.091,61.999,7.374,28.721,32.393
0.0,440.08,89.712,125.774,950.21,861.121,15.058,31.997,253.238,54.32,0.0,0.0,0.0,0.0,25.821,50.586,49.647
343.464,148.899,31.067,19.447,716.503,810.891,13.306,65.214,144.385,29.633,0.158,0.039,1.272,39.649,17.848,28.706,31.094
474.761,166.191,28.293,0.0,1239.786,78.557,13.0,86.846,238.8,3.957,0.849,0.482,1.895,34.245,10.146,28.363,34.658
347.857,158.407,15.049,15.008,864.359,688.085,13.46,59.671,166.408,15.415,0.207,0.104,2.704,39.005,23.431,30.296,32.668
295.615,1265.624,266.748,0.0,936.923,0.0,14.494,18.548,303.704,54.938,3.192,0.125,22.781,325.687,0.0,68.74,133.677
411.542,389.684,90.013,0.0,422.126,793.149,12.372,60.742,181.039,15.331,1.262,0.395,14.464,168.875,0.0,39.794,54.067
293.913,206.543,51.395,22.411,661.685,893.291,12.621,59.252,144.313,16.385,0.218,0.072,2.436,48.099,15.951,28.701,42.108
460.154,164.784,40.808,0.0,1359.588,1.318,13.119,78.059,239.601,1.042,0.887,0.106,1.941,33.228,12.356,29.811,34.679
220.476,169.399,25.745,109.614,681.89,839.604,15.106,46.617,151.276,44.196,0.003,0.078,3.742,43.157,31.172,29.742,34.179
510.338,168.777,61.41,0.0,408.604,771.74,11.211,98.701,186.913,0.0,0.446,0.243,3.432,68.549,3.713,24.328,22.398
526.908,552.641,155.508,0.0,368.74,268.428,11.56,93.371,247.175,10.277,2.144,1.066,19.254,221.0,0.0,35.289,75.844
635.716,164.471,64.36,0.0,622.364,145.358,12.12,108.4,268.295,0.0,1.158,0.64,7.17,110.48,0.0,33.001,18.823
404.955,201.659,30.971,0.0,1486.626,0.0,12.747,82.934,267.078,0.0,1.024,0.101,2.593,36.665,10.605,27.724,37.067
429.889,274.022,40.891,0.0,1425.73,0.0,12.338,81.966,240.538,5.093,0.973,0.07,3.041,42.392,10.316,34.598,43.475
510.523,159.494,34.733,0.0,1139.661,132.687,12.5,92.673,258.596,0.0,0.921,0.579,2.474,57.733,9.204,29.103,30.719
326.866,135.494,33.497,79.062,688.94,873.48,14.507,51.06,139.8,31.694,0.084,0.014,1.968,34.597,25.849,29.26,31.312
425.173,147.195,20.986,0.0,729.616,719.278,13.241,68.899,154.33,13.69,0.263,0.266,1.567,29.494,17.46,25.533,35.382
662.732,201.059,111.713,0.0,288.056,580.785,10.187,122.143,249.771,0.0,0.913,0.253,9.82,128.83,3.308,22.448,30.18
419.289,191.033,27.886,0.0,1145.117,276.072,12.33,81.088,223.991,3.009,0.586,0.148,1.254,27.784,9.811,27.457,35.059
651.623,2094.597,523.192,0.0,874.224,0.0,16.677,167.573,704.588,104.995,4.83,0.287,21.13,529.682,0.0,146.664,141.175
463.467,236.438,61.941,0.0,1175.167,15.907,12.702,84.447,278.976,0.0,1.415,0.232,9.462,83.308,4.027,29.958,42.528
441.838,451.65,143.055,0.0,354.784,665.528,12.204,94.056,266.485,0.0,1.592,0.713,15.011,203.653,0.0,50.508,55.106
410.863,215.774,41.265,0.0,550.719,848.757,13.847,64.898,129.778,13.116,0.437,0.026,5.174,61.881,13.532,28.225,42.285
444.416,138.962,25.514,0.0,864.158,584.53,12.454,78.294,181.482,6.033,0.392,0.221,1.717,37.17,12.082,23.596,32.485
471.162,177.805,37.537,0.0,981.227,262.134,12.327,93.461,248.151,6.951,0.912,0.092,4.663,53.239,6.57,24.965,38.761
280.952,214.59,30.14,33.03,969.831,549.262,12.614,54.216,182.084,20.32,0.257,0.011,5.245,44.794,27.642,33.771,38.995
572.377,204.535,56.363,0.0,545.383,435.08,12.963,74.214,183.085,6.011,1.05,0.982,9.095,104.066,0.0,31.795,33.75
345.354,128.31,26.7,41.591,625.968,871.141,14.263,35.605,97.069,26.898,0.0,0.0,0.0,0.0,25.657,28.575,31.127
458.468,421.815,103.211,0.0,499.2,618.384,12.978,92.615,243.149,22.914,1.394,0.705,13.789,164.897,0.0,42.985,53.331
544.459,138.35,43.233,0.0,826.558,333.235,12.542,92.234,222.616,0.0,0.8,0.664,2.176,61.061,7.001,26.215,29.765
449.037,166.846,61.811,0.0,754.581,481.198,11.481,105.758,229.113,5.616,0.517,0.038,0.716,35.012,12.703,27.42,38.693
378.593,132.303,24.866,0.0,691.014,761.653,13.333,72.909,143.628,12.374,0.25,0.015,2.812,44.196,14.88,28.571,39.234
524.652,161.901,55.553,0.0,414.555,677.553,11.391,92.722,182.3,3.333,0.557,0.31,4.883,67.211,6.804,24.778,36.404
301.653,224.014,16.317,41.205,792.498,863.608,13.49,42.452,149.407,41.869,0.146,0.025,1.842,50.404,14.223,32.303,36.619
397.194,445.944,104.236,0.0,422.766,746.378,12.551,67.192,172.938,4.11,1.344,0.316,15.569,169.711,7.48,36.975,66.819
0.0,1150.907,205.697,0.0,708.503,698.241,15.962,36.916,298.108,88.103,1.899,0.38,13.847,239.716,0.0,71.427,119.73
494.395,381.833,127.658,0.0,203.951,666.013,10.517,88.483,211.174,0.0,1.265,0.647,12.067,160.829,0.0,33.495,45.518
508.345,150.882,40.591,0.0,1053.894,264.241,11.393,91.333,224.669,0.0,0.777,0.067,2.367,30.068,12.705,22.813,31.144
420.738,226.31,63.717,0.0,874.39,368.921,11.625,83.339,243.466,4.857,0.696,0.159,8.223,53.254,32.167,30.188,43.089
427.805,177.197,35.099,0.0,1140.41,307.08,12.572,70.292,221.695,3.203,0.715,0.009,2.811,34.679,11.835,26.794,33.245
401.023,122.143,43.259,13.461,466.81,1033.321,12.662,40.409,132.658,8.775,0.0,0.0,0.0,0.0,13.28,27.619,28.488
314.577,206.318,25.344,53.173,858.824,630.385,14.918,45.24,133.094,39.416,0.0,0.0,0.0,0.0,25.593,31.483,31.085
0.0,432.139,81.751,147.017,1048.4,654.135,14.938,61.064,245.661,39.216,0.0,0.0,0.0,0.0,23.363,46.52,47.416
644.657,146.341,44.397,0.0,1433.924,0.0,13.276,102.853,317.855,0.0,1.066,0.348,0.38,36.155,0.0,30.556,9.854
424.192,149.031,46.901,0.0,521.174,890.786,11.345,68.255,154.7,1.307,0.124,0.292,0.204,41.261,10.448,24.638,28.788
482.241,353.3,122.018,0.0,284.037,828.728,12.37,62.627,200.532,3.586,1.369,0.257,14.247,156.601,3.759,39.491,57.499
620.42,226.35,74.237,0.0,1374.061,0.0,12.255,115.494,318.02,0.0,1.224,0.174,1.627,53.881,0.0,35.603,17.991
573.089,227.655,85.548,0.0,458.248,441.988,10.981,124.068,244.346,0.0,1.101,0.176,8.101,122.856,0.0,28.571,33.094
299.105,288.917,36.056,0.0,950.466,624.738,12.644,66.407,185.485,30.575,0.333,0.181,3.114,47.408,10.15,35.436,40.222
426.742,328.891,81.255,0.0,592.761,667.461,13.031,70.598,203.812,12.135,1.159,0.789,12.884,133.602,16.404,29.986,57.775
445.783,224.184,57.836,0.0,689.226,526.421,11.334,104.991,222.059,3.452,0.668,0.171,1.517,55.766,0.0,32.178,32.13
439.7,338.454,78.883,0.0,685.92,431.672,10.701,93.955,218.655,0.0,0.997,0.375,9.85,115.497,5.068,26.447,49.065
413.189,177.835,47.157,0.0,1140.256,286.294,11.437,93.794,214.001,0.0,0.739,0.026,1.03,36.078,10.401,25.173,32.0
438.526,202.896,34.734,0.0,1369.767,35.021,12.245,82.412,234.407,1.087,0.914,0.035,1.239,23.63,13.721,28.742,37.595
326.839,344.255,44.479,0.0,1077.942,388.582,14.452,69.856,242.681,27.037,0.577,0.35,0.462,75.935,0.0,45.913,36.153
639.43,213.441,78.616,0.0,573.453,187.297,12.946,94.308,246.785,0.0,1.315,0.916,10.652,133.347,0.0,39.679,30.538
358.776,208.545,52.372,0.0,584.359,947.054,12.572,48.318,141.514,14.024,0.516,0.072,4.692,61.843,15.848,29.537,45.034
0.0,432.716,72.48,127.775,881.116,904.625,15.515,54.034,198.805,50.833,0.311,0.034,2.524,79.931,23.981,43.762,53.972
823.767,171.117,111.776,0.0,554.25,0.0,11.46,176.742,339.279,0.0,1.62,0.622,7.874,145.778,0.0,33.597,18.765
0.0,829.021,200.325,53.381,1135.377,409.542,13.781,40.007,307.651,55.631,0.0,0.0,0.0,0.0,39.654,59.542,85.302
402.25,140.892,33.689,29.763,622.456,784.068,14.143,68.017,133.818,28.852,0.416,0.171,5.414,39.723,22.412,28.526,41.391
420.789,668.394,151.973,0.0,1240.691,0.0,12.579,78.207,311.52,17.502,2.482,0.258,16.227,187.088,0.0,44.848,80.308
373.307,189.49,39.506,0.0,848.704,617.086,13.177,77.822,167.193,6.191,0.464,0.04,4.671,55.517,16.692,28.113,42.864
453.386,222.302,54.731,0.0,1303.252,0.0,12.979,79.292,250.392,1.019,1.044,0.011,5.389,58.212,9.082,27.633,37.159
475.921,153.156,33.921,0.0,1068.177,187.196,12.322,85.052,225.473,9.811,0.856,0.026,3.431,38.151,11.722,27.207,33.107
550.089,182.969,65.144,0.0,756.448,249.039,11.591,122.163,264.638,1.117,0.578,0.013,0.24,47.686,1.405,28.851,22.941
101.032,793.737,251.469,0.0,655.474,543.284,5.973,121.228,358.523,0.0,0.0,0.0,0.0,0.0,0.0,38.644,63.838
344.007,166.096,17.414,1.033,936.051,607.769,12.265,72.851,167.916,18.569,0.406,0.029,2.206,31.947,14.901,26.396,39.398
422.674,258.302,39.717,0.0,1259.528,157.539,13.011,76.988,236.362,14.459,0.819,0.11,4.547,49.173,7.177,35.516,36.837
408.217,176.971,40.1,0.0,920.274,452.858,13.026,75.983,177.397,5.15,0.694,0.016,5.286,47.985,18.887,24.645,46.452
599.994,109.273,31.749,0.0,982.705,186.206,13.648,76.543,203.897,2.01,0.642,0.307,0.447,31.743,3.456,25.969,17.314
0.0,440.199,79.739,136.725,1025.608,847.509,16.598,48.556,261.785,48.387,0.0,0.0,0.0,0.0,10.617,55.928,39.726
341.784,345.926,57.478,0.0,840.578,539.33,13.373,49.978,199.316,19.089,1.057,0.006,10.23,100.785,6.893,34.713,52.413
389.381,194.594,44.781,0.0,897.701,497.273,11.443,86.26,197.861,8.083,0.613,0.129,3.336,42.063,11.692,24.439,37.739
310.098,188.503,35.844,9.545,658.588,942.28,12.742,47.376,144.018,17.858,0.113,0.1,1.538,37.447,13.567,27.629,30.15
377.508,152.379,30.596,16.607,956.171,502.105,12.559,76.494,185.5,14.656,0.485,0.049,2.914,39.68,16.417,25.898,41.587
422.032,476.123,105.632,0.0,551.676,516.801,12.483,49.129,182.894,21.927,1.556,0.161,16.42,161.752,1.589,34.848,71.29
525.099,167.492,48.327,0.0,1269.213,17.237,12.559,75.041,251.973,0.0,0.961,0.37,1.76,35.434,8.795,28.464,29.788
203.745,213.934,26.515,89.118,907.916,788.823,14.6,48.65,162.863,51.106,0.0,0.0,0.0,0.0,26.482,31.832,34.897
349.796,500.378,103.821,0.0,507.982,700.543,13.72,67.777,211.684,15.73,1.635,0.75,19.593,203.317,6.334,44.906,68.343
0.0,497.616,104.117,98.376,956.486,805.797,13.809,37.118,245.46,33.287,0.0,0.0,0.0,0.0,11.739,49.639,45.65
373.912,168.765,25.464,3.508,1035.934,496.376,13.451,54.27,166.929,21.377,0.386,0.014,1.983,33.307,22.285,28.701,33.416
373.076,131.867,50.386,0.0,454.972,1139.761,11.642,47.268,134.457,1.647,0.0,0.0,0.0,0.0,8.89,26.1,24.096
350.605,145.047,22.111,16.33,836.709,764.078,12.659,62.524,167.722,16.063,0.312,0.304,2.244,35.859,17.23,26.8,38.956
583.931,242.007,78.022,0.0,304.799,608.483,12.749,103.392,222.954,0.0,1.317,1.569,11.781,174.53,0.0,39.122,33.08
557.342,168.292,52.967,0.0,620.19,419.02,12.183,99.789,214.592,0.0,0.727,0.422,3.749,87.78,0.0,30.616,22.283
400.932,138.656,37.771,0.0,483.549,1078.249,12.35,47.678,132.707,0.0,0.0,0.0,0.0,0.0,4.896,22.635,24.028
470.692,241.026,49.141,0.0,1693.317,0.0,12.57,85.831,308.859,0.0,1.395,0.078,2.884,44.414,8.892,31.338,37.409
409.096,418.043,101.376,0.0,878.278,416.152,13.535,110.449,275.45,31.332,0.857,0.32,6.456,110.698,4.398,48.575,42.048
70.082,397.32,58.752,71.988,1115.579,511.594,14.322,93.323,288.386,28.389,0.0,0.0,0.0,0.0,7.87,54.295,41.08
626.408,196.916,55.36,0.0,1497.4,0.0,12.742,116.201,321.212,0.0,1.235,0.344,1.095,47.404,0.0,31.657,19.34
554.556,174.27,49.323,0.0,668.282,468.639,12.501,109.607,223.369,7.639,0.503,0.219,0.618,57.33,0.375,22.93,16.279
225.254,402.631,63.449,4.162,1119.865,499.436,14.218,76.488,244.413,50.586,0.571,0.175,3.874,73.057,7.426,47.642,48.621
845.547,185.788,162.794,0.0,0.0,233.78,8.482,213.152,357.582,0.0,1.085,0.635,7.424,146.563,0.0,26.419,19.475
561.242,146.989,52.522,0.0,664.081,340.425,12.534,112.567,247.613,12.747,0.627,0.241,2.61,57.279,9.808,25.868,24.53
645.465,126.177,45.903,0.0,1050.235,0.0,12.71,103.214,257.099,0.0,0.938,0.556,0.957,48.282,0.972,26.375,11.978
345.09,963.105,238.308,0.0,583.943,169.368,13.766,45.959,257.765,48.383,2.735,0.02,24.552,310.451,0.0,58.165,117.715
342.986,179.382,30.982,17.085,771.86,855.869,11.73,60.723,176.152,11.653,0.268,0.135,1.543,49.225,17.91,27.283,40.21
417.109,169.093,58.647,0.0,413.645,936.91,10.333,56.675,165.866,0.0,0.192,0.091,1.831,51.223,12.001,24.242,32.267
477.73,257.317,44.662,0.0,1216.474,24.037,12.733,83.282,243.465,5.448,1.041,0.023,4.016,68.517,0.0,31.203,30.948
488.021,116.757,24.448,0.0,555.358,836.363,13.103,66.617,151.733,13.028,0.332,0.19,1.676,40.839,11.297,27.146,27.085
472.908,220.16,57.905,0.0,409.892,857.996,13.163,56.187,153.624,10.757,0.89,0.243,8.424,94.251,2.982,32.225,45.185
374.876,148.889,33.326,8.278,572.399,939.992,12.584,50.181,132.56,7.758,0.145,0.064,0.947,40.144,12.001,27.749,33.94
400.753,248.295,40.331,0.0,736.484,696.59,12.669,70.494,179.122,19.084,0.687,0.227,4.735,71.494,11.791,28.775,47.571
432.361,290.747,69.874,0.0,629.455,657.736,11.898,70.25,180.335,4.292,0.759,0.298,8.66,91.3,6.613,29.57,52.173
678.151,141.515,75.034,0.0,1074.329,0.0,12.565,145.569,364.617,0.0,1.085,0.674,1.707,89.474,0.0,35.665,9.913
499.708,219.897,41.02,0.0,936.664,274.907,13.2,89.537,238.577,8.824,1.005,0.202,7.414,92.574,1.641,34.775,24.344
485.875,211.645,62.9,0.0,572.223,521.756,11.877,83.533,181.307,7.136,0.922,0.129,11.556,96.642,5.872,27.502,42.226
466.258,177.949,45.093,0.0,1114.115,132.512,12.182,86.506,225.707,13.949,0.793,0.167,2.959,39.414,10.605,30.262,34.082
256.24,1328.907,335.109,0.0,136.078,531.503,15.923,92.476,387.105,77.816,2.922,1.02,20.429,394.224,0.0,100.05,118.958
265.398,152.18,32.769,79.065,627.208,883.893,14.986,64.309,160.175,34.707,0.258,0.723,2.023,36.807,20.34,33.944,38.242
609.93,166.492,122.18,0.0,423.858,337.838,8.629,145.252,274.345,0.0,0.693,0.166,5.97,84.512,9.37,25.538,26.987
772.842,1176.102,351.892,0.0,0.0,0.0,11.593,142.868,464.496,13.669,3.775,1.2,30.939,441.177,0.0,70.186,122.262
669.247,223.298,83.146,0.0,869.696,0.0,13.272,123.543,319.683,0.0,1.597,0.463,8.974,150.766,0.0,35.545,18.82
552.568,147.553,49.327,0.0,1017.763,104.385,13.233,76.727,229.744,0.678,0.858,0.419,3.599,50.808,7.86,28.462,26.885
407.158,171.687,26.157,0.0,996.228,406.473,12.887,89.024,213.322,4.991,0.602,0.01,2.273,38.914,7.919,25.215,36.784
0.0,517.865,136.76,143.807,974.212,829.729,12.545,17.467,219.616,21.488,0.0,0.0,0.0,0.0,32.831,37.633,52.893
722.743,78.609,53.335,0.0,526.638,193.06,11.523,119.651,260.903,0.0,0.824,0.662,2.341,60.723,0.0,24.032,18.425
427.288,161.541,30.085,0.0,828.983,498.571,12.609,85.438,177.673,10.8,0.391,0.101,2.102,34.396,11.156,27.412,32.457
332.131,166.751,26.382,39.343,748.509,731.837,13.379,71.812,159.511,22.659,0.26,0.048,3.927,42.513,17.58,28.611,40.51
406.093,1042.8,270.847,0.0,218.705,206.753,10.191,61.558,266.057,32.582,2.541,0.672,23.591,279.24,0.0,41.942,116.062
325.577,180.939,22.583,23.93,890.853,684.635,12.586,70.211,152.995,20.776,0.313,0.265,3.95,39.294,20.626,28.558,41.261
189.184,412.209,99.146,64.895,618.502,1057.91,15.192,40.99,193.798,36.656,0.738,0.316,7.841,118.147,15.873,48.105,53.061
482.929,173.329,57.738,0.0,689.505,541.639,10.612,88.305,193.811,0.0,0.571,0.178,1.551,54.525,5.701,24.108,33.732
510.47,151.806,35.983,0.0,800.475,405.239,13.041,88.584,178.747,9.21,0.709,0.02,5.023,49.088,12.494,27.55,29.479
434.91,254.181,46.544,0.0,1661.355,0.0,13.025,73.834,271.465,0.0,1.051,0.008,2.891,40.503,13.526,32.539,36.99
310.181,152.644,32.023,11.555,897.771,777.428,12.503,53.389,163.072,14.432,0.187,0.043,0.549,36.996,22.258,32.008,35.569
422.524,130.921,30.504,8.04,660.353,907.825,13.019,52.827,147.669,11.239,0.154,0.123,0.221,36.345,12.971,26.274,31.856
315.275,212.381,26.753,2.518,1215.784,347.861,12.759,70.946,220.242,15.117,0.57,0.03,3.538,35.419,19.608,32.262,39.757
458.659,152.6,60.254,0.0,395.872,824.215,12.068,82.263,186.81,0.0,0.245,0.089,1.66,40.624,0.44,27.762,21.855
383.378,1650.011,400.601,0.0,86.918,162.901,17.21,102.53,491.866,99.567,4.055,1.222,32.842,528.139,0.0,113.837,139.502
435.161,246.384,56.114,0.0,1417.475,0.0,13.027,71.878,285.127,0.0,1.35,0.266,6.098,65.246,6.835,32.296,42.165
403.791,166.522,45.411,14.289,468.428,921.508,11.345,60.394,144.038,0.0,0.21,0.439,2.913,56.783,8.363,25.958,31.658
63.658,406.298,72.678,72.605,1088.722,529.463,14.272,34.931,226.675,39.067,0.0,0.0,0.0,0.0,23.634,46.08,45.055
612.974,301.705,118.727,0.0,187.588,711.68,11.813,78.037,200.45,0.0,1.462,0.557,16.147,188.98,1.501,29.17,52.015
416.799,379.874,92.04,0.0,457.109,752.574,10.899,57.878,191.461,0.0,1.017,0.785,10.088,143.558,0.0,28.051,54.252
314.888,144.016,23.561,44.662,751.482,791.534,13.869,46.511,132.195,26.862,0.143,0.165,1.738,41.633,20.761,28.901,34.733
267.616,392.235,56.348,0.568,670.831,742.932,14.994,69.664,202.153,43.402,0.866,0.54,4.927,116.922,0.0,48.892,44.37
486.72,176.266,38.681,0.0,450.028,860.848,12.801,73.756,151.032,2.123,0.466,0.405,4.672,72.259,3.64,30.747,34.866
503.457,251.145,45.403,0.0,1773.533,0.0,12.937,82.769,310.918,0.0,1.41,0.075,1.865,36.653,5.098,31.743,33.851
213.216,368.659,113.131,61.75,600.65,988.855,14.417,63.815,206.165,16.1,0.832,0.768,8.172,125.771,13.088,48.606,48.829
481.847,495.345,106.966,0.0,1376.379,0.0,12.292,87.055,314.596,7.708,1.986,0.269,8.395,109.271,0.0,34.104,66.212
614.246,191.965,52.0,0.0,1665.03,0.0,13.273,83.417,325.997,0.0,1.314,0.195,2.062,40.994,0.0,30.994,23.352
506.998,333.503,88.006,0.0,222.451,777.064,12.755,64.335,175.392,8.286,1.392,0.439,17.769,179.324,0.0,38.815,52.394
481.744,114.166,30.597,0.0,853.242,428.657,12.274,95.122,221.687,3.239,0.657,0.074,3.483,47.326,8.725,23.237,32.886
780.37,186.963,95.082,0.0,793.932,0.0,11.557,193.547,368.658,0.0,1.436,0.354,3.961,105.946,0.0,35.475,13.001
507.956,113.707,30.791,0.0,723.374,684.17,13.093,73.871,158.659,11.015,0.301,0.102,0.563,31.466,8.933,25.409,22.103
559.16,331.785,105.7,0.0,350.809,477.051,13.359,92.046,257.323,0.0,1.588,1.549,17.154,196.255,0.0,45.22,47.793
326.26,294.933,65.18,0.0,693.62,873.965,11.764,71.192,182.504,7.869,0.408,0.101,3.861,76.075,12.922,29.302,46.13
427.742,288.715,60.475,0.0,1653.111,0.0,13.365,63.245,280.508,0.0,1.261,0.086,3.886,61.122,7.404,36.134,40.966
442.393,143.177,34.566,0.0,779.337,564.85,13.429,74.278,183.092,4.347,0.553,0.332,2.039,52.176,8.186,27.884,34.143
641.567,254.542,153.572,0.0,345.69,438.669,12.619,148.94,278.241,7.222,1.069,0.274,7.363,152.566,0.0,46.531,27.161
606.775,177.572,57.725,0.0,642.441,292.222,12.306,104.799,237.947,4.181,1.094,0.918,7.489,106.204,3.258,29.375,27.979
569.874,218.531,82.145,0.0,466.866,632.603,13.154,94.282,185.147,2.023,0.921,0.904,9.167,121.305,0.0,36.976,35.875
20.824,1889.33,504.232,0.0,431.387,174.039,16.493,183.183,655.788,107.684,2.525,0.013,13.54,407.913,0.0,141.332,143.777
539.936,158.966,46.694,0.0,1155.52,41.529,12.452,96.275,277.857,0.0,0.963,0.195,1.097,43.709,9.895,25.316,31.143
417.94,331.163,54.543,0.0,1715.268,0.0,12.185,100.566,259.049,2.239,1.284,0.031,2.548,38.537,7.115,35.557,42.924
441.469,224.615,41.847,0.0,1440.668,0.0,12.419,80.398,252.193,0.0,0.977,0.125,2.054,35.718,13.368,30.525,36.872
279.691,148.881,27.051,49.027,782.589,881.683,13.884,44.598,141.418,23.22,0.038,0.044,1.822,31.698,26.926,27.711,32.959
52.302,452.773,160.654,0.0,788.213,1045.644,8.179,39.404,219.075,0.0,0.0,0.0,0.0,0.0,17.916,28.307,48.04
615.183,134.291,52.137,0.0,913.703,46.153,13.254,101.356,261.2,0.0,1.078,0.727,4.331,83.799,0.0,30.45,17.684
464.391,135.45,33.697,0.0,693.974,768.261,12.931,68.702,154.918,13.104,0.276,0.089,1.179,30.812,12.06,26.424,30.787
411.285,148.921,27.125,0.0,1071.391,393.882,12.925,77.523,193.634,4.701,0.546,0.056,2.075,35.31,13.913,29.335,35.652
399.943,300.978,64.819,0.0,597.864,699.218,11.913,75.334,178.26,7.367,0.828,0.495,12.152,102.555,15.212,28.699,59.332
544.546,260.208,74.75,0.0,270.715,640.3,11.119,84.523,208.433,0.0,1.106,0.688,11.478,138.93,0.0,29.375,43.086
88.055,658.175,113.042,0.0,912.499,780.038,14.762,43.724,222.306,54.97,1.092,0.147,9.233,140.157,11.094,49.711,77.498
563.794,504.406,225.386,0.0,214.417,388.843,9.917,145.774,314.645,0.0,1.253,0.297,10.235,148.955,1.53,43.182,66.198
602.628,248.169,52.589,0.0,1546.938,0.0,12.361,134.595,344.224,0.0,1.072,0.158,0.092,43.063,0.0,42.632,15.889
630.316,255.456,80.621,0.0,912.965,0.0,13.754,85.017,297.483,0.0,1.538,0.732,12.051,138.905,0.0,36.592,24.704
290.402,233.973,39.191,16.364,623.818,1041.847,13.336,54.83,160.344,0.0,0.489,0.339,2.538,62.922,6.394,31.147,40.115
378.317,133.925,31.708,3.797,661.864,816.833,12.563,66.979,146.099,15.236,0.227,0.105,2.577,34.067,19.997,25.172,33.887
500.2,164.26,41.897,0.0,585.796,669.973,11.708,89.036,180.594,0.0,0.578,0.323,5.106,75.916,4.101,26.417,32.764
623.746,141.208,48.346,0.0,296.719,763.077,12.794,86.715,156.701,0.0,0.513,0.472,3.578,67.384,0.0,25.887,20.812
312.313,171.65,21.934,27.904,688.802,899.65,13.108,40.358,148.129,14.529,0.139,0.028,1.642,42.076,12.751,26.941,31.502
424.927,115.531,32.413,27.986,390.655,1176.306,13.836,30.386,124.302,1.068,0.0,0.0,0.0,0.0,5.482,27.529,20.803
420.619,132.951,31.794,1.856,974.421,478.569,13.056,74.538,187.907,3.955,0.463,0.191,1.403,39.504,10.656,26.55,35.299
566.873,178.062,46.594,0.0,1270.782,0.0,11.621,107.372,290.49,0.0,1.067,0.345,2.023,48.838,3.886,27.832,25.653
307.889,151.735,33.993,51.887,653.856,930.37,14.591,39.319,125.429,29.261,0.006,0.486,1.945,33.98,16.49,33.85,23.235
339.374,188.339,29.021,7.154,666.053,825.033,12.704,53.287,139.6,19.064,0.253,0.015,2.428,50.34,18.998,28.775,38.697
497.176,115.296,37.995,0.0,678.832,721.496,13.299,65.247,150.589,14.093,0.302,0.006,0.926,30.731,10.005,27.471,24.567
510.523,212.567,31.719,0.0,1409.559,0.0,13.287,87.686,284.768,0.0,0.93,0.387,2.172,47.74,0.0,34.464,20.809
333.301,160.588,23.924,30.358,708.483,825.18,14.01,58.785,162.37,20.695,0.106,0.274,1.641,35.476,15.092,31.251,30.182
288.535,253.423,73.375,29.674,548.49,929.423,11.448,59.56,174.921,0.0,0.515,0.327,4.757,84.277,10.61,27.068,42.111
194.139,223.938,34.049,90.961,861.366,764.482,14.034,35.179,152.151,30.818,0.0,0.0,0.0,0.0,25.288,30.275,33.907
0.0,458.247,68.44,124.512,1058.774,720.072,14.466,33.494,222.277,49.209,0.0,0.0,0.0,0.0,14.311,47.342,48.919
443.356,117.269,53.48,0.0,438.417,963.861,12.774,63.89,156.418,0.0,0.15,0.157,0.328,43.089,7.425,26.116,30.192
470.581,144.776,27.41,0.0,1087.448,242.144,13.161,77.688,206.462,1.838,0.696,0.101,3.328,38.081,11.713,27.9,33.902
400.44,216.378,64.643,0.0,864.038,420.134,11.92,106.211,234.251,0.0,0.486,0.186,1.164,44.78,1.242,36.144,29.052
348.972,160.358,30.448,12.734,1052.884,490.839,12.774,63.701,173.823,17.418,0.476,0.059,2.771,39.486,16.021,28.476,36.388
492.859,154.424,46.932,0.0,674.219,500.556,13.379,80.371,192.197,10.166,0.909,0.312,8.177,78.726,9.898,30.379,35.756
460.177,199.161,64.529,0.0,804.179,525.447,10.658,81.869,196.632,0.0,0.792,0.147,5.581,62.908,13.156,23.553,40.015
490.545,287.744,42.029,0.0,1637.01,0.0,12.599,93.823,276.514,0.0,1.033,0.25,1.339,41.546,0.699,41.798,25.715
738.304,218.714,112.783,0.0,0.0,846.094,12.992,102.754,203.831,0.0,1.246,1.448,9.947,174.946,0.0,42.264,26.92
550.641,136.009,44.265,0.0,900.75,234.409,13.862,75.57,224.732,3.413,0.773,0.707,2.645,78.666,1.006,32.693,18.793
676.235,471.749,153.146,0.0,867.296,0.0,11.545,132.228,362.802,0.0,1.781,0.499,9.831,149.766,0.0,38.901,60.787
732.668,1064.098,285.131,0.0,1568.914,0.0,13.184,124.576,592.102,1.206,3.384,0.339,11.947,267.097,0.0,75.296,81.507
444.436,303.999,104.476,0.0,465.164,555.904,11.988,131.375,239.129,14.463,0.645,0.16,5.123,104.845,0.0,41.217,42.528
434.877,244.443,44.063,0.0,1570.656,0.0,13.228,75.211,298.141,0.0,1.206,0.073,2.208,50.953,3.721,31.955,33.874
358.937,165.762,19.741,44.916,730.867,782.073,13.961,57.62,133.963,30.836,0.141,0.105,2.657,43.015,16.868,31.302,37.361
438.628,482.28,138.167,0.0,273.123,790.213,12.935,50.004,211.356,0.0,1.645,0.689,16.385,192.048,0.0,41.571,65.935
0.0,470.098,108.011,118.982,898.624,900.966,15.365,63.829,270.953,36.351,0.172,0.149,0.742,81.846,9.74,55.918,47.403
433.122,206.108,26.831,0.0,822.042,610.496,12.495,92.474,208.44,10.545,0.327,0.228,2.125,32.987,12.544,32.07,35.567
334.579,174.522,26.26,49.066,743.548,790.589,13.965,53.498,140.285,28.349,0.173,0.131,1.12,48.117,18.843,28.82,37.867
423.696,176.382,42.643,0.0,581.747,693.362,12.764,78.258,167.742,14.07,0.461,0.316,5.224,57.27,16.561,31.114,40.032
0.0,1361.56,305.244,0.0,1371.177,459.091,17.552,33.16,444.737,87.926,0.0,0.0,0.0,0.0,10.8,115.35,90.385
528.437,231.737,74.386,0.0,448.072,475.536,13.7,112.357,262.857,13.493,1.009,1.151,9.33,140.023,0.0,38.272,32.247
281.968,1366.664,321.523,0.0,594.434,28.583,15.909,53.608,371.83,85.485,3.625,0.15,29.511,416.579,0.0,100.158,124.033
419.921,314.907,73.312,0.0,910.556,363.944,13.439,73.692,253.46,4.566,1.143,0.78,10.567,122.778,9.256,41.628,42.515
144.459,408.933,70.882,81.857,685.94,873.663,15.709,55.104,194.134,61.402,0.459,0.111,2.526,76.932,12.076,46.597,46.346
169.263,214.897,36.016,140.343,833.605,787.545,15.11,40.45,151.701,41.36,0.0,0.0,0.0,0.0,31.05,32.992,38.073
306.316,924.633,188.046,0.0,1193.098,0.0,16.031,38.818,330.386,52.681,2.459,0.859,15.559,264.558,0.0,72.756,83.301
40.105,373.735,61.124,152.389,909.077,762.803,14.717,31.048,185.9,54.9,0.0,0.0,0.0,0.0,27.622,36.988,49.837
356.786,456.049,93.777,0.0,607.816,542.932,13.836,95.682,255.833,34.315,1.203,0.827,6.663,143.212,0.0,48.823,44.972
352.203,161.034,33.487,10.896,833.61,595.405,12.717,74.551,187.928,17.126,0.334,0.052,2.654,45.122,18.51,28.604,38.99
498.435,155.426,48.104,0.0,804.966,461.007,12.459,91.811,206.99,8.589,0.695,0.292,3.107,63.72,7.82,29.77,31.89
273.132,219.204,40.255,32.343,845.376,732.752,13.342,35.112,123.122,24.117,0.0,0.0,0.0,0.0,27.044,29.106,39.709
374.945,396.149,100.014,0.0,511.944,809.635,13.215,72.904,206.615,4.63,1.106,0.435,6.078,123.82,2.384,37.566,58.972
387.871,244.074,46.167,0.0,668.992,678.538,14.356,71.742,161.059,23.746,0.581,0.235,6.668,78.773,11.318,32.696,44.277
294.992,185.837,30.368,35.86,705.549,873.079,14.383,65.327,149.532,16.928,0.241,0.371,2.152,39.948,21.004,34.955,35.478
346.88,391.324,92.752,0.0,819.748,412.479,12.148,91.937,239.621,22.558,0.865,0.247,9.116,98.197,16.9,39.552,58.295
599.008,193.583,64.949,0.0,1215.528,0.0,12.499,116.402,302.257,0.0,1.215,0.205,1.26,65.929,0.0,29.747,20.701
185.681,288.49,49.819,33.927,892.735,761.225,13.095,43.146,177.679,25.529,0.0,0.0,0.0,0.0,13.053,34.124,43.004
622.288,113.701,47.922,0.0,693.181,413.693,12.671,89.823,220.674,0.0,0.732,0.461,0.993,53.577,3.735,24.374,19.987
301.272,235.754,33.928,0.0,841.176,701.417,13.994,64.991,172.788,30.5,0.184,0.177,4.149,57.993,15.52,39.802,37.088
434.591,210.493,29.515,0.0,1366.828,0.0,12.734,85.758,249.844,0.0,0.964,0.273,1.216,28.158,9.726,28.835,37.595
276.26,202.765,35.191,72.72,629.127,924.949,15.1,38.353,149.718,35.539,0.097,0.227,2.305,49.233,19.868,33.582,35.176
310.557,232.688,34.295,19.042,1252.431,341.467,12.727,89.647,232.825,8.41,0.348,0.183,2.723,33.382,14.608,38.337,37.459
568.916,253.68,57.754,0.0,2018.771,0.0,12.91,83.012,365.755,0.0,1.586,0.138,0.492,39.372,0.0,33.245,22.357
663.276,141.086,77.441,0.0,343.751,361.479,11.694,96.657,222.138,0.0,1.406,1.145,15.636,128.236,0.088,30.114,33.806
504.008,138.408,41.522,0.0,425.251,785.68,13.255,84.604,134.461,6.12,0.42,0.181,2.957,55.903,11.41,27.409,31.641
413.588,143.609,33.499,0.0,856.183,588.108,12.27,74.562,177.077,3.501,0.399,0.199,1.116,35.668,9.617,25.529,30.084
454.542,149.817,40.011,0.0,773.268,624.992,12.098,78.506,173.933,0.553,0.398,0.161,1.201,38.558,14.392,24.219,36.385
729.793,188.925,85.923,0.0,734.769,0.0,12.203,129.41,306.215,0.0,1.687,0.923,13.165,151.013,0.0,27.939,20.736
406.038,160.281,39.053,0.0,894.797,522.662,12.017,75.934,187.02,2.829,0.39,0.03,1.964,36.792,9.343,27.802,34.255
512.663,275.77,49.879,0.0,1218.893,0.0,13.464,82.475,272.253,1.256,1.198,0.05,8.164,80.893,0.0,32.387,28.546
550.243,141.104,43.204,0.0,665.258,467.038,13.53,80.891,176.256,2.62,0.658,0.303,5.425,69.621,3.198,28.459,25.922
478.517,107.292,26.089,0.0,769.946,604.783,13.305,66.831,143.904,15.237,0.254,0.241,2.141,26.792,17.423,27.006,34.677
425.492,359.484,51.02,0.0,1552.68,0.0,13.231,85.154,267.095,21.153,0.93,0.04,1.733,56.398,0.0,47.644,35.035
438.092,165.104,34.528,0.0,796.085,562.772,12.12,95.528,210.184,11.255,0.531,0.205,2.943,52.507,10.856,25.005,33.873
515.742,148.259,40.326,0.0,689.3,563.849,13.589,75.234,191.311,9.972,0.404,0.166,1.801,44.416,2.126,28.009,24.13
480.609,225.663,41.566,0.0,1681.606,0.0,13.155,83.574,304.42,0.0,1.195,0.211,1.071,34.049,3.735,31.927,29.677
576.45,502.575,155.223,0.0,312.663,441.131,13.409,101.693,288.612,4.591,2.076,1.55,21.308,254.796,0.0,56.045,50.357
634.157,300.449,115.399,0.0,449.206,268.16,9.173,131.478,278.902,0.0,0.98,0.445,7.055,105.585,0.0,22.051,32.811
438.838,253.42,68.732,0.0,521.441,754.763,12.197,92.425,199.431,0.0,0.977,0.348,7.738,116.605,2.328,37.47,44.783
506.84,194.502,50.6,0.0,1370.499,0.0,13.312,77.025,278.297,0.0,1.159,0.061,2.535,51.054,3.307,30.604,26.589
310.549,147.259,30.043,60.806,672.969,828.191,13.779,53.572,134.784,33.746,0.121,0.147,3.118,39.623,19.78,29.909,35.167
491.337,407.477,114.477,0.0,448.59,471.937,12.064,96.542,239.534,4.702,1.498,0.605,15.759,180.684,2.457,37.701,58.659
849.861,1691.708,540.856,0.0,0.0,0.0,12.498,281.568,641.726,61.607,3.735,0.247,26.087,529.593,0.0,133.58,114.422
604.029,784.323,203.772,0.0,1363.238,0.0,13.996,88.739,428.857,12.588,3.178,0.984,16.09,247.332,0.0,55.256,74.096
530.617,208.367,40.762,0.0,1851.526,0.0,13.286,86.31,338.715,0.0,1.287,0.037,1.474,37.623,3.212,34.93,23.658
518.46,413.759,115.527,0.0,158.401,873.973,13.567,66.424,192.278,0.0,1.715,1.244,18.413,208.036,0.0,48.76,54.339
358.586,152.599,25.637,25.856,696.124,908.439,12.768,44.962,146.255,14.872,0.215,0.131,0.695,38.591,17.427,26.49,34.053
556.341,128.802,33.419,0.0,813.921,373.696,12.77,78.785,183.397,0.0,0.683,0.243,2.483,45.601,8.57,26.538,25.462
222.183,190.092,28.373,18.975,818.366,877.827,12.745,54.129,142.074,15.834,0.136,0.38,1.613,37.175,21.09,32.464,38.837
394.338,216.243,40.82,0.0,1018.531,336.1,12.389,73.804,216.186,5.332,0.791,0.017,3.502,50.842,13.365,24.926,40.724
465.746,316.131,76.678,0.0,618.02,466.644,11.792,118.824,259.789,16.03,0.669,0.218,6.363,98.262,0.0,35.749,38.546
370.339,140.802,26.809,0.0,675.672,915.77,12.547,62.352,143.641,19.288,0.218,0.084,0.691,35.065,12.202,25.347,31.69
568.016,123.828,30.067,0.0,715.302,599.685,13.526,79.733,179.084,10.454,0.307,0.216,0.282,48.979,0.776,26.381,14.477
554.294,205.598,57.275,0.0,442.736,544.999,13.884,76.908,182.495,3.488,1.123,1.136,12.037,140.364,0.0,37.863,35.312
579.77,315.315,100.254,0.0,252.752,652.13,12.512,61.931,214.92,0.0,1.597,0.991,20.14,183.712,0.0,39.027,52.887
330.192,152.466,25.844,4.856,677.081,948.05,12.899,66.593,162.544,15.085,0.191,0.227,0.995,38.414,13.238,25.071,34.297
428.507,114.287,23.206,0.0,693.352,832.244,13.131,56.249,135.661,7.867,0.134,0.216,0.556,32.77,14.988,28.308,32.235
541.704,349.108,66.288,0.0,463.519,540.763,14.389,61.405,198.689,25.335,1.35,1.375,12.472,164.811,0.0,45.167,39.5
0.0,624.627,143.601,33.705,1197.729,417.544,13.483,26.474,226.177,38.099,0.0,0.0,0.0,0.0,30.901,52.19,66.547
520.718,177.659,40.944,0.0,494.637,631.638,14.193,79.505,163.683,25.001,0.788,0.389,7.831,96.045,0.0,37.837,33.482
433.999,251.195,39.55,0.0,1053.608,163.027,12.824,76.229,230.054,18.197,0.931,0.168,6.527,70.016,4.849,33.334,39.314
172.921,251.035,44.974,87.839,928.929,768.267,14.967,39.502,156.873,42.464,0.0,0.0,0.0,0.0,29.15,35.703,37.638
359.488,198.382,27.926,0.0,1186.641,216.386,12.275,75.489,205.838,7.015,0.803,0.04,3.486,32.108,18.551,24.769,45.847
415.639,485.31,119.281,0.0,524.265,543.982,13.167,81.284,257.291,25.036,1.592,0.564,14.773,184.951,0.0,53.533,58.845
537.37,153.573,46.178,0.0,401.272,725.353,12.1,80.23,164.622,2.186,0.624,0.822,6.47,84.004,0.939,29.32,30.777
458.266,119.039,32.491,0.0,669.343,747.464,12.102,69.891,162.706,7.193,0.309,0.222,1.537,29.982,11.315,24.676,30.262
280.028,163.228,27.358,30.406,840.413,856.606,13.269,40.307,150.19,20.181,0.125,0.188,1.13,36.932,19.861,31.693,32.586
37.665,526.527,70.671,65.169,934.514,648.677,14.828,22.45,157.316,74.65,0.0,0.0,0.0,0.0,15.146,42.171,56.271
415.683,167.986,30.97,0.0,941.478,500.043,12.657,80.245,214.352,10.266,0.609,0.394,2.154,46.473,9.899,25.417,34.452
414.181,141.005,44.321,0.0,467.802,1041.448,11.62,45.847,135.66,1.594,0.0,0.0,0.0,0.0,13.886,25.967,25.446
0.0,436.969,62.515,132.633,965.674,746.2,16.071,53.96,236.645,72.986,0.121,0.303,2.473,79.6,18.926,50.695,49.351
485.72,126.992,32.423,0.0,465.781,916.071,12.554,75.08,145.502,1.164,0.27,0.337,0.835,43.164,10.989,26.348,23.112
551.267,151.038,36.885,0.0,1014.301,218.976,12.669,81.878,210.163,0.085,0.852,0.154,3.967,44.751,7.22,28.943,30.19
559.129,84.815,42.899,0.0,362.518,840.312,13.897,74.213,142.207,6.122,0.251,0.142,0.868,34.291,7.706,26.621,22.441
624.074,182.785,57.365,0.0,1089.418,0.0,12.253,132.231,293.324,2.154,1.157,0.072,2.519,57.052,0.0,27.489,21.772
422.767,559.77,151.216,0.0,806.083,64.103,10.628,91.408,258.581,0.0,1.746,0.139,12.636,148.59,0.0,29.589,77.258
450.219,150.616,27.368,0.0,880.073,521.831,13.278,68.808,160.326,12.185,0.479,0.188,1.569,42.19,13.248,27.963,34.3
358.531,125.285,40.335,0.0,523.649,1087.3,12.769,35.576,130.628,0.0,0.0,0.0,0.0,0.0,9.7,27.212,22.832
247.206,274.081,38.813,36.003,880.869,787.437,13.802,55.698,163.553,34.615,0.303,0.219,1.754,57.531,13.748,33.521,44.259
188.083,626.288,127.278,0.0,753.841,650.493,14.922,49.286,230.196,42.72,1.073,0.257,11.779,169.012,11.283,53.462,79.846
571.884,149.326,45.631,0.0,1038.041,0.0,12.864,94.434,256.99,0.0,1.12,0.566,6.177,74.859,2.264,30.296,27.449
714.334,98.688,54.663,0.0,844.82,0.0,12.338,125.094,285.987,0.0,1.176,0.511,3.083,71.31,0.0,28.514,10.937
419.691,150.669,41.314,0.0,768.874,628.873,12.307,70.416,168.317,5.638,0.485,0.193,3.759,46.526,17.873,27.948,36.893
377.173,202.963,36.559,0.0,980.196,490.021,11.946,86.983,207.81,12.28,0.708,0.171,5.819,50.015,18.578,26.08,45.543
446.954,202.658,37.385,0.0,652.737,752.936,12.865,71.661,153.441,10.245,0.442,0.254,3.066,65.312,5.403,27.554,31.242
363.256,426.312,70.102,0.0,863.372,479.715,13.606,70.423,197.594,51.078,0.601,0.015,5.517,94.357,0.0,49.615,44.688
565.29,120.902,39.338,0.0,723.15,496.146,13.475,77.511,197.016,0.0,0.557,0.245,0.954,48.258,7.39,24.259,22.647
536.218,163.271,40.11,0.0,1243.894,0.0,12.713,84.964,256.394,0.0,1.014,0.349,1.991,36.481,9.28,25.621,32.61
366.872,216.062,53.001,0.0,1079.31,391.869,10.606,88.647,214.11,0.0,0.556,0.048,1.034,31.068,11.682,27.136,34.16
546.935,187.357,65.872,0.0,801.405,122.282,10.64,143.916,284.983,0.0,0.668,0.308,1.997,61.118,2.147,25.293,27.758
176.534,197.394,39.548,69.733,872.17,856.48,13.3,37.939,165.667,30.998,0.0,0.0,0.0,0.0,30.474,26.656,36.633
285.225,301.129,64.214,36.587,780.117,583.381,12.488,111.665,244.319,24.212,0.239,0.499,0.013,48.161,0.0,42.782,38.479
207.444,420.394,118.791,0.0,628.541,803.143,11.718,84.079,241.825,0.545,0.582,0.082,1.662,78.823,0.0,38.705,39.283
436.148,165.474,28.702,0.0,842.463,585.13,13.1,60.544,170.401,17.373,0.405,0.101,1.5,30.899,14.309,29.448,36.008
375.576,341.133,50.766,0.0,608.173,709.537,14.34,63.336,151.867,32.663,0.737,0.126,7.437,101.061,0.225,38.01,46.792
267.565,192.63,43.789,27.915,784.082,811.128,13.649,56.374,163.99,25.799,0.207,0.217,3.422,46.119,28.629,34.192,37.386
297.533,384.512,60.238,0.0,668.981,800.3,14.436,82.013,209.975,32.61,0.933,0.327,6.381,124.043,0.0,49.584,42.072
474.151,145.738,43.985,0.0,632.195,545.381,12.315,89.346,195.214,8.313,0.587,0.203,4.478,65.428,3.96,24.181,31.048
699.727,160.55,54.876,0.0,1357.795,0.0,13.013,96.439,328.582,0.0,1.574,0.772,6.368,94.048,0.0,30.076,11.99
361.511,187.551,35.836,0.0,1126.438,345.171,13.068,59.584,181.131,10.636,0.54,0.132,2.611,49.012,18.444,31.845,38.083
394.45,143.343,41.388,0.0,534.728,957.85,11.866,56.037,142.379,0.196,0.125,0.114,0.85,45.965,10.605,26.821,30.008
377.893,137.717,42.74,0.0,548.52,906.309,12.361,72.566,156.62,12.228,0.215,0.12,1.212,39.26,11.854,25.381,32.581
738.488,247.804,129.309,0.0,0.0,771.313,10.933,120.923,230.614,0.0,1.27,1.038,10.497,192.425,0.0,32.461,24.783
214.395,222.081,31.035,49.834,857.209,753.822,13.407,55.623,162.408,31.893,0.0,0.0,0.0,0.0,21.03,34.361,39.256
520.289,125.554,35.442,0.0,786.248,530.448,12.801,76.388,169.276,7.486,0.464,0.031,1.356,38.051,8.823,28.653,32.446
496.816,156.46,52.175,0.0,356.578,930.68,12.68,69.665,146.684,0.0,0.544,0.462,5.774,81.832,5.55,26.466,28.603
476.2,159.62,46.015,0.0,1101.72,154.515,11.648,86.512,225.343,4.351,0.8,0.033,2.544,35.962,7.343,26.215,34.17
599.504,310.805,107.043,0.0,670.085,178.077,13.328,91.982,289.317,0.0,1.88,1.043,15.758,192.268,0.0,42.411,36.432
589.132,392.239,125.697,0.0,170.333,619.315,11.402,82.849,227.834,0.0,1.501,1.488,16.767,191.276,0.0,36.514,53.528
535.347,175.054,39.539,0.0,1114.654,41.298,13.346,81.444,231.287,9.826,0.908,0.384,2.084,53.085,3.096,28.748,23.747
436.634,349.759,79.456,0.0,872.819,333.2,14.457,63.178,222.25,29.928,1.161,0.357,11.922,130.197,5.076,42.185,41.404
450.466,174.178,35.494,0.0,1632.19,0.0,12.258,91.031,263.338,0.0,1.099,0.11,1.043,36.2,12.062,31.846,36.134
408.687,130.098,20.248,0.0,725.088,816.023,12.878,63.838,137.012,15.38,0.183,0.141,0.289,31.182,13.39,27.217,30.779
397.796,168.161,77.36,0.0,474.523,949.845,10.532,83.317,179.511,0.0,0.0,0.0,0.0,0.0,3.437,23.937,21.685
564.804,448.743,92.423,0.0,432.854,509.051,14.17,83.795,208.08,34.93,1.594,1.084,11.961,200.294,0.0,54.445,44.173
361.612,118.42,48.019,6.22,413.392,1158.434,12.749,36.383,131.636,1.978,0.0,0.0,0.0,0.0,10.802,26.868,20.949
0.0,780.992,150.663,32.519,1041.162,770.99,13.051,1.865,232.264,39.333,0.0,0.0,0.0,0.0,17.762,46.583,74.939
534.988,201.273,40.861,0.0,1067.752,119.191,13.234,81.9,241.699,6.783,0.77,0.297,2.614,55.49,1.972,35.011,23.398
441.438,125.056,35.071,0.0,561.57,859.774,13.842,61.843,125.932,11.086,0.25,0.173,1.587,27.672,14.559,29.53,30.951
373.041,286.872,108.182,3.359,448.316,919.43,10.838,52.185,186.554,0.0,0.699,0.317,6.994,90.258,13.438,26.177,43.271
311.919,323.433,63.25,26.282,578.986,846.111,13.986,73.807,186.111,29.905,0.969,0.812,6.176,110.512,0.625,40.157,45.164
578.718,374.712,94.081,0.0,121.784,801.243,12.97,51.005,174.225,5.4,1.674,1.37,19.534,206.873,0.0,43.078,48.947
328.803,484.773,106.928,0.0,669.232,587.554,12.501,95.918,254.575,24.823,0.673,0.212,1.477,112.756,0.0,48.935,40.343
499.432,236.009,35.522,0.0,1377.682,0.0,12.298,111.233,282.242,0.0,0.851,0.034,0.328,39.308,3.358,31.944,28.382
402.672,276.93,50.659,0.0,1027.324,327.208,12.679,76.379,213.903,22.305,0.851,0.061,5.231,65.453,8.995,31.202,47.515
1.599,454.394,124.91,52.857,958.54,702.179,11.673,11.744,175.108,13.469,0.0,0.0,0.0,0.0,28.113,35.782,52.292
392.413,1091.66,225.385,0.0,1268.501,0.0,15.215,82.314,447.223,52.986,2.893,0.315,17.711,290.835,0.0,80.505,85.024
407.899,190.233,37.473,0.0,964.452,431.936,11.859,83.407,197.76,7.857,0.736,0.182,2.901,38.903,8.892,25.659,39.499
124.513,423.868,59.705,54.033,833.609,884.326,15.412,66.731,232.38,61.964,0.496,0.195,2.477,90.88,6.941,49.15,43.616
177.826,253.18,24.446,64.368,804.891,920.965,13.516,44.11,163.603,28.051,0.199,0.04,4.186,55.052,26.254,32.328,46.026
554.898,385.59,120.977,0.0,489.746,362.564,12.59,83.819,256.469,4.677,1.75,0.542,14.519,177.059,0.0,35.968,53.443
354.178,190.966,33.186,0.552,929.707,627.69,12.453,71.689,176.883,18.63,0.52,0.055,1.101,41.324,15.711,27.898,43.334
215.214,717.938,132.5,0.0,1099.406,279.507,15.19,49.837,314.937,57.953,1.644,0.195,10.97,195.794,0.427,68.605,70.662
610.941,135.229,48.693,0.0,1072.538,10.362,13.54,86.359,263.181,0.0,1.165,0.805,5.44,78.14,1.111,31.068,20.63
207.2,359.443,43.002,29.8,933.494,523.784,14.662,92.259,275.692,49.711,0.531,0.36,3.489,78.912,8.639,48.167,40.092
424.759,546.779,117.566,0.0,512.996,560.829,11.802,64.415,230.421,5.37,1.852,0.625,21.307,203.805,3.776,38.549,84.597
415.142,243.947,37.949,0.0,1626.486,0.0,11.962,97.675,270.934,0.0,0.979,0.166,1.181,42.603,1.996,33.403,29.387
772.887,835.701,242.406,0.0,1610.486,0.0,12.232,138.434,545.69,0.0,3.508,0.709,12.28,226.36,0.0,57.251,76.513
242.886,159.584,35.494,95.962,745.345,925.868,13.578,63.799,171.582,26.487,0.253,0.452,0.73,47.037,16.049,29.835,33.58
508.172,336.255,122.65,0.0,318.224,642.27,13.226,103.213,245.959,26.628,1.18,0.407,12.371,141.416,0.0,47.921,40.863
41.493,517.158,92.875,64.246,585.507,1086.086,16.238,54.784,215.48,44.644,0.968,0.021,10.095,129.202,21.966,51.641,60.46
346.306,113.193,22.225,38.03,657.76,921.695,13.091,45.366,124.931,21.161,0.098,0.168,1.192,37.3,21.675,27.636,32.423
44.337,449.301,129.048,46.788,820.482,803.526,10.731,46.745,229.765,0.0,0.0,0.0,0.0,0.0,18.478,33.293,51.688
504.57,124.939,41.627,0.0,781.706,490.686,12.216,85.322,186.706,7.474,0.418,0.173,1.221,30.146,10.434,24.616,25.591
529.028,502.228,161.108,0.0,658.007,91.751,12.661,93.191,290.497,0.0,2.285,1.07,23.402,211.442,0.0,38.167,69.571
278.834,239.589,26.517,23.918,1099.898,499.994,13.071,67.35,197.82,21.999,0.338,0.013,3.335,40.917,17.786,34.391,46.412
137.299,1113.766,197.84,0.0,816.952,406.482,14.862,8.605,248.939,78.785,2.411,0.059,22.216,266.528,0.0,63.028,125.867
375.203,173.642,37.342,0.0,578.574,957.437,12.176,52.525,139.281,12.119,0.173,0.187,1.375,38.732,13.065,26.069,31.852
418.8,153.293,40.912,3.657,657.176,739.647,13.01,66.59,187.251,7.912,0.66,0.362,4.686,66.239,10.126,29.773,36.984
245.855,157.026,42.058,69.296,745.09,815.352,12.03,73.859,197.11,10.843,0.167,0.255,2.863,44.901,22.902,29.561,33.622
630.053,129.335,58.003,0.0,690.362,243.427,11.038,137.681,263.935,0.0,0.745,0.012,0.806,53.056,0.0,25.189,16.163
526.48,446.656,153.898,0.0,209.41,752.402,13.886,98.939,281.131,4.266,2.047,1.196,18.796,237.785,0.0,54.044,51.856
468.002,171.766,52.938,0.0,1027.639,286.412,11.662,92.51,226.278,0.0,0.62,0.149,1.88,26.971,9.44,27.201,32.319
506.989,433.466,122.477,0.0,296.743,694.589,11.958,57.057,211.751,0.0,1.668,0.88,17.81,200.361,4.546,34.989,68.972
432.35,1326.104,307.946,0.0,195.49,150.801,13.736,110.235,370.014,67.553,3.188,0.7,25.821,404.915,0.0,85.698,122.195
279.516,184.633,41.167,35.5,742.011,850.023,14.796,45.262,139.911,38.326,0.036,0.092,1.768,44.049,23.516,32.366,34.652
375.278,158.296,25.098,2.747,975.635,502.594,13.627,63.0,160.149,22.345,0.377,0.02,2.04,36.41,21.416,30.034,33.747
359.262,148.912,33.271,29.904,563.738,880.366,14.68,38.776,103.022,26.469,0.0,0.0,0.0,0.0,23.353,29.333,32.36
90.391,419.907,72.087,63.444,846.419,815.435,13.395,32.96,152.846,40.652,0.0,0.0,0.0,0.0,13.173,36.812,45.519
576.285,191.198,75.056,0.0,325.127,664.689,12.135,93.035,197.334,0.0,1.027,1.006,10.166,129.217,0.0,35.236,37.95
427.977,160.428,35.241,0.0,891.629,514.51,12.49,84.373,215.015,9.652,0.467,0.021,0.099,29.153,12.18,25.618,31.751
425.717,182.964,33.399,0.0,595.998,775.507,13.302,70.643,168.956,17.417,0.555,0.549,3.332,79.155,1.308,31.221,32.824
436.971,181.33,32.704,0.0,1221.934,158.814,12.855,79.305,232.671,1.685,0.683,0.383,1.812,44.653,9.011,30.714,30.419
359.954,211.125,68.704,0.0,509.029,957.424,11.737,51.295,167.63,0.0,0.4,0.361,1.299,55.378,7.606,25.967,36.119
459.548,854.299,221.278,0.0,735.113,0.0,10.805,106.047,336.619,6.118,2.039,0.032,16.441,217.54,0.0,43.801,105.773
398.413,466.452,98.074,0.0,577.443,611.55,11.046,78.669,178.439,23.604,0.996,0.063,5.636,102.085,0.0,38.132,50.301
698.062,233.443,110.322,0.0,73.62,529.04,12.448,141.29,251.704,0.0,1.22,1.02,9.795,177.877,0.0,42.229,22.882
620.751,205.152,87.898,0.0,283.439,563.718,13.771,91.123,228.851,0.0,1.179,1.246,12.374,148.144,0.0,39.489,32.779
624.854,231.607,91.123,0.0,388.282,455.732,11.514,119.333,251.71,0.0,1.17,0.515,12.957,138.287,2.415,30.435,39.869
479.189,203.714,48.322,0.0,1082.388,135.647,12.711,81.989,236.486,0.0,1.004,0.326,6.11,63.789,12.324,28.82,34.943
473.531,201.391,39.144,0.0,462.29,844.896,13.141,73.087,149.862,0.0,0.58,0.969,3.489,66.965,1.842,32.184,36.064
682.829,105.75,67.297,0.0,365.025,490.386,11.533,119.431,225.932,0.0,0.552,0.461,1.365,63.077,1.242,23.577,14.857
510.713,374.022,135.932,0.0,347.426,626.818,10.978,108.856,259.09,0.0,1.215,0.675,13.377,161.017,12.359,37.856,63.28
226.755,250.549,54.228,51.036,761.804,828.967,14.105,25.402,116.965,39.511,0.0,0.0,0.0,0.0,26.26,32.977,39.593
422.458,377.307,59.271,0.0,1052.725,238.618,13.289,123.14,271.751,25.942,0.729,0.253,1.784,75.806,0.0,50.006,31.84
249.738,157.002,34.902,44.912,660.613,943.365,12.999,41.938,146.74,11.297,0.174,0.055,1.923,33.714,24.376,26.767,32.025
380.906,153.895,24.424,27.321,757.62,851.236,12.444,58.431,147.44,11.311,0.248,0.007,1.021,34.725,16.565,23.43,35.127
481.226,165.073,36.137,0.0,671.683,611.492,13.087,76.372,165.35,14.528,0.631,0.179,6.398,66.753,13.284,29.225,33.832
271.712,227.996,43.74,50.154,776.775,796.823,14.788,58.597,169.602,35.09,0.291,0.58,3.385,70.555,16.7,40.796,35.321
457.877,318.195,46.584,0.0,1735.599,0.0,12.95,85.863,286.368,1.265,1.11,0.077,0.461,38.545,2.188,37.597,33.116
355.62,174.853,30.843,0.0,662.968,927.485,12.603,67.696,143.298,8.83,0.259,0.016,0.386,40.609,12.872,25.663,33.427
491.918,201.157,44.987,0.0,1130.288,0.0,12.783,102.335,274.848,5.531,0.83,0.191,2.471,51.775,2.99,29.146,30.907
232.513,1158.662,248.465,0.0,589.417,395.103,14.761,32.272,282.653,64.627,2.837,0.46,26.8,323.533,0.0,65.727,131.523
517.784,166.48,51.702,0.0,376.536,787.327,13.691,62.515,135.244,8.339,0.753,0.95,6.708,82.608,1.479,35.274,36.659
147.146,206.474,59.815,66.689,840.223,872.273,12.365,25.775,159.852,7.331,0.0,0.0,0.0,0.0,38.609,30.274,42.044
538.535,164.672,36.285,0.0,1136.739,85.138,12.721,87.929,236.065,2.092,0.734,0.036,0.013,25.195,3.355,26.798,21.688
362.51,150.518,23.512,26.05,719.36,873.622,12.566,57.15,139.672,15.367,0.209,0.197,0.201,37.724,19.047,28.977,33.932
540.547,124.363,41.651,0.0,992.786,250.405,13.178,74.382,211.837,0.0,0.726,0.371,2.069,45.628,8.689,26.836,27.334
388.088,153.893,33.874,0.0,876.462,676.783,12.625,65.992,164.777,11.113,0.351,0.02,1.797,35.488,20.573,25.555,34.238
369.863,218.446,53.632,12.753,570.138,805.341,14.907,62.224,132.788,28.955,0.398,0.138,6.564,81.668,18.045,34.24,41.063
262.805,854.578,170.176,0.0,1246.467,80.572,14.432,50.647,332.328,42.91,1.932,0.04,13.624,188.262,0.0,64.875,80.707
634.591,122.375,46.582,0.0,903.421,100.721,12.432,113.385,244.858,0.0,0.849,0.613,1.064,49.954,0.159,24.562,14.978
26.51,332.501,62.072,92.296,971.514,825.364,12.713,32.672,179.787,29.437,0.0,0.0,0.0,0.0,25.752,34.303,48.559
555.382,145.005,49.053,0.0,597.256,587.881,12.699,94.894,196.07,4.509,0.696,0.089,2.641,68.215,0.0,31.713,26.772
506.741,321.695,61.659,0.0,1009.574,68.681,14.462,82.675,260.168,20.686,1.032,1.031,6.986,122.934,0.0,49.842,22.574
387.755,180.275,58.486,0.0,663.587,666.163,11.024,85.093,198.12,0.0,0.262,0.172,1.607,34.806,22.652,28.654,38.885
366.105,182.779,25.015,0.0,1131.91,448.998,12.681,75.748,209.644,14.76,0.673,0.078,2.25,55.701,10.278,27.955,36.453
501.284,126.998,39.578,0.0,432.706,808.262,13.718,71.895,149.081,0.605,0.376,0.452,3.459,49.831,0.0,28.023,28.77
402.683,448.378,94.428,0.0,551.182,624.626,12.207,64.207,196.426,2.787,1.278,0.405,16.614,170.668,0.0,38.972,62.831
268.449,505.072,89.493,0.0,614.296,828.174,13.66,42.014,148.375,42.324,0.895,0.127,7.985,120.421,2.756,42.243,65.73
490.932,170.326,31.61,0.0,1142.36,140.285,12.993,92.604,253.203,4.621,0.852,0.307,4.563,63.49,3.787,29.829,28.867
837.292,195.677,120.019,0.0,0.0,436.558,10.889,133.45,294.263,0.0,1.483,1.614,16.73,219.562,0.0,31.965,26.212
523.597,206.189,39.521,0.0,497.857,607.163,13.849,72.664,176.515,11.3,0.877,1.009,8.891,108.321,0.587,36.473,32.485
281.434,162.559,39.807,53.52,701.734,941.904,13.83,33.973,129.647,27.793,0.0,0.0,0.0,0.0,23.822,28.098,33.214
493.672,208.989,39.512,0.0,825.58,321.247,12.13,101.812,234.748,1.445,0.822,0.376,3.919,77.698,6.651,27.021,33.771
23.374,833.833,128.304,0.0,770.229,773.143,15.474,33.093,222.246,77.553,1.041,0.049,6.274,162.057,0.0,60.55,80.749
298.731,199.915,27.402,54.346,877.678,642.103,14.258,51.989,155.726,30.497,0.155,0.111,2.866,45.154,22.747,35.763,35.468
652.102,206.238,102.754,0.0,127.793,635.866,11.302,102.94,259.621,0.0,1.443,1.2,17.696,186.663,2.529,28.25,39.742
585.025,219.312,81.865,0.0,482.408,380.649,11.43,141.207,220.365,0.0,0.84,0.65,4.321,101.325,0.0,32.537,31.431
478.785,442.493,105.597,0.0,435.623,600.364,12.943,67.697,224.242,16.981,1.702,1.464,15.678,196.701,0.0,41.617,56.135
0.0,418.734,91.88,149.187,937.294,913.201,12.511,43.365,249.758,26.825,0.0,0.0,0.0,0.0,29.608,34.791,51.328
346.199,266.399,48.725,31.434,605.387,810.282,14.004,62.167,151.743,20.966,0.793,0.517,8.41,92.811,9.405,36.244,44.087
467.106,501.658,102.507,0.0,519.553,504.706,13.632,88.709,236.508,32.505,1.314,0.58,12.386,184.882,0.0,47.041,49.307
398.42,159.455,27.648,0.0,678.339,901.868,12.666,56.735,127.975,10.908,0.207,0.144,0.251,43.668,8.173,27.007,31.547
402.061,136.482,26.331,0.0,742.78,789.715,12.782,66.238,156.642,14.309,0.231,0.066,0.775,31.646,13.283,25.332,30.873
35.789,424.312,50.124,65.467,1024.908,842.928,16.271,57.6,234.757,69.265,0.207,0.499,1.307,90.223,9.181,61.887,34.909
470.574,231.364,71.615,0.0,613.207,481.989,13.804,85.3,202.535,1.895,1.055,0.939,12.788,122.785,7.738,36.497,41.668
155.775,217.671,34.992,115.515,767.98,897.816,14.666,57.877,170.781,34.709,0.172,0.039,4.142,52.184,31.517,32.702,39.625
504.985,460.62,94.486,0.0,486.826,444.427,14.34,67.673,206.51,47.055,1.36,0.727,12.771,189.18,0.0,56.945,45.036
379.228,169.429,27.967,3.13,660.084,884.745,12.626,75.158,141.657,14.974,0.324,0.088,4.396,37.127,22.467,22.741,35.211
354.0,168.31,25.237,0.0,1053.714,533.541,12.228,61.811,185.792,13.139,0.504,0.049,2.202,31.388,20.479,28.888,37.54
402.887,981.162,250.202,0.0,232.923,377.904,10.547,118.859,314.326,10.689,2.186,0.55,17.027,269.342,0.0,53.243,98.58
266.641,173.945,21.012,67.776,787.779,847.239,14.027,65.797,181.13,34.897,0.177,0.253,2.802,48.552,22.864,31.66,34.157
519.665,361.353,108.078,0.0,334.493,523.796,12.269,95.16,231.198,0.0,1.785,1.42,16.324,176.207,0.0,42.335,53.576
531.424,227.414,75.218,0.0,647.156,431.09,12.095,118.815,229.646,7.345,0.879,0.104,5.867,105.578,0.0,34.164,31.225
46.378,817.115,128.587,0.0,1096.059,508.839,16.208,29.989,254.489,92.175,0.961,0.354,5.707,158.264,0.0,68.66,73.915
539.893,159.84,65.302,0.0,399.882,708.089,11.399,95.269,214.479,0.0,0.498,0.316,2.578,78.085,7.749,26.037,33.091
409.543,185.922,24.425,15.365,670.506,649.255,14.636,67.237,138.934,48.922,0.261,0.15,3.335,48.971,16.772,34.416,35.766
434.996,209.302,52.416,0.0,740.034,594.614,12.11,82.727,182.849,13.101,0.756,0.046,6.329,68.872,6.138,26.155,39.293
605.94,161.492,49.699,0.0,1457.897,0.0,13.113,103.342,332.723,0.0,1.185,0.242,1.653,57.757,0.0,33.644,15.726
272.867,241.931,63.014,29.959,590.514,942.157,12.722,62.011,149.925,14.165,0.51,0.265,5.517,67.296,15.031,28.878,48.179
760.88,158.267,131.242,0.0,56.336,507.127,9.335,168.517,285.276,0.0,0.979,0.457,5.786,121.879,0.0,24.194,15.465
468.152,150.081,39.336,0.0,777.488,636.92,12.378,74.134,173.172,7.458,0.434,0.16,3.461,41.417,15.244,27.16,37.97
98.635,550.655,117.979,48.881,762.85,928.692,14.21,37.563,189.278,40.266,0.82,0.207,7.367,123.113,16.735,45.941,68.692
459.174,202.616,31.517,0.0,1260.256,106.636,12.123,86.39,254.592,0.819,0.801,0.192,2.446,33.72,9.481,29.322,33.917
498.512,131.215,57.633,0.0,451.141,740.476,11.304,75.675,173.69,2.18,0.356,0.016,2.377,45.976,9.2,27.008,31.136
498.826,234.401,62.508,0.0,261.163,778.252,14.226,65.423,143.343,9.46,0.933,0.799,9.287,130.32,0.0,40.473,34.11
467.023,404.463,93.096,0.0,438.87,491.821,13.003,81.107,207.647,12.089,1.758,0.925,18.955,183.629,0.0,41.832,56.472
575.246,229.591,56.789,0.0,1880.0,0.0,12.262,104.343,341.637,0.0,1.533,0.093,0.752,35.998,0.841,31.497,23.489
415.683,391.777,85.337,0.0,641.306,521.729,12.848,61.401,208.498,11.64,1.484,0.027,15.005,149.635,5.533,37.0,55.083
407.993,207.17,42.505,0.0,605.336,800.381,12.04,79.222,164.699,7.054,0.404,0.161,6.009,71.941,15.953,25.404,38.115
402.596,349.12,75.748,0.0,788.358,492.41,13.468,92.331,250.337,17.267,1.068,1.122,9.075,135.297,0.0,41.28,41.202
452.288,140.98,42.624,0.0,418.149,975.718,12.442,67.553,142.207,0.0,0.236,0.118,1.78,45.743,7.886,25.476,28.066
364.637,211.215,27.608,0.0,1446.562,0.0,13.563,70.155,232.742,9.62,0.71,0.145,3.341,34.339,19.273,34.663,36.643
350.525,142.031,34.993,45.737,662.728,889.324,13.172,58.671,155.722,19.9,0.307,0.353,4.428,43.184,21.581,30.259,30.797
216.221,161.076,32.41,92.299,762.722,857.263,14.42,32.214,150.366,29.082,0.055,0.241,4.566,54.824,21.192,33.64,31.196
484.186,238.153,65.971,0.0,898.238,305.374,11.066,87.806,271.966,0.0,1.078,0.318,10.528,95.69,16.859,22.373,45.576
429.525,234.432,76.859,0.0,932.776,288.952,11.349,156.339,320.828,0.0,0.442,0.198,0.692,34.081,3.982,40.445,32.334
311.975,152.735,19.551,46.899,724.439,747.645,14.339,64.52,162.464,29.643,0.157,0.518,3.473,35.753,32.487,32.647,31.529
346.161,176.748,20.621,22.814,841.328,688.32,13.485,55.018,149.39,27.945,0.272,0.075,2.036,37.382,17.921,30.663,37.495
512.552,440.574,127.048,0.0,528.463,346.521,13.643,80.547,229.479,23.932,1.721,0.535,16.629,196.546,0.0,44.459,53.035
258.655,257.789,37.051,0.0,1018.864,612.525,13.713,76.595,230.564,29.313,0.448,0.488,4.105,65.01,17.22,38.931,42.66
374.794,340.104,69.216,0.0,962.658,337.827,13.34,61.614,219.911,16.666,1.101,0.203,9.224,95.913,7.544,36.895,46.656
405.093,333.858,53.035,0.0,1493.749,0.0,12.689,74.262,273.078,7.655,1.316,0.074,4.9,54.176,3.168,34.231,46.653
645.916,253.136,70.415,0.0,2432.161,0.0,13.462,88.394,443.759,0.0,2.051,0.25,0.764,62.54,0.0,40.381,12.606
62.536,400.497,51.724,90.547,1104.751,670.056,15.08,73.427,269.443,52.877,0.333,0.043,0.887,70.918,12.164,50.059,41.501
376.017,175.649,18.261,8.623,890.334,632.225,13.798,73.327,180.708,25.524,0.315,0.314,2.435,28.047,21.957,28.626,34.194
580.193,235.498,84.994,0.0,220.945,648.699,11.972,74.547,184.946,0.0,1.263,0.93,16.762,166.956,0.0,34.535,35.978
104.132,259.269,63.824,97.744,991.899,667.098,13.986,48.525,178.598,24.939,0.0,0.0,0.0,0.0,35.078,37.149,42.535
556.819,182.196,48.656,0.0,1419.473,0.0,13.056,96.026,296.3,0.0,1.24,0.399,3.257,48.614,2.565,28.898,25.256
595.313,499.853,124.725,0.0,240.547,564.259,14.829,84.586,261.135,10.08,2.176,2.488,15.253,256.484,0.0,54.179,54.593
411.454,126.508,18.478,22.127,611.742,866.848,13.492,57.791,124.856,23.927,0.171,0.163,1.64,31.715,19.156,25.787,33.713
707.293,245.011,86.94,0.0,901.92,0.0,13.051,123.572,325.321,0.0,1.803,1.566,9.794,142.379,0.0,36.146,18.736
284.392,229.731,24.398,25.405,790.279,728.152,14.286,54.121,143.859,33.003,0.021,0.061,2.819,52.16,19.052,33.671,39.995
361.918,229.314,32.53,0.0,1345.786,101.275,13.718,62.822,214.314,6.592,0.615,0.259,2.813,40.972,21.802,34.375,37.387
249.562,216.139,32.281,64.865,797.489,789.659,13.452,60.476,164.451,35.605,0.366,0.085,2.289,50.11,17.25,30.362,41.857
420.661,237.708,60.292,0.0,1032.251,301.008,11.9,85.723,241.682,0.0,0.906,0.034,6.651,67.767,11.317,32.401,42.531
287.681,199.089,34.583,10.499,611.767,880.994,14.41,52.808,147.036,25.419,0.245,0.279,3.902,43.155,20.169,32.31,41.34
446.539,284.882,65.333,0.0,1196.989,2.489,12.796,92.877,252.169,3.895,1.375,0.051,8.229,95.862,5.437,35.973,46.1
459.475,184.98,38.925,0.0,1037.295,294.049,13.362,72.395,210.634,9.535,0.81,0.154,5.084,65.434,7.99,27.408,38.766
448.452,162.841,47.662,0.0,865.113,445.372,11.38,87.836,215.12,0.0,0.637,0.099,3.043,46.718,6.231,23.942,36.72
492.958,159.838,36.712,0.0,1272.539,94.472,12.732,81.874,242.714,8.855,0.871,0.071,2.269,41.514,11.197,30.444,30.095
386.92,1055.858,251.447,0.0,205.863,512.732,10.302,80.238,271.359,21.016,2.365,0.012,20.992,281.278,0.0,48.119,112.938
747.166,243.087,101.412,0.0,1164.861,0.0,12.437,148.72,366.038,0.0,1.659,0.594,5.834,121.082,0.0,42.196,13.857
596.125,194.592,62.087,0.0,1075.728,0.0,12.263,133.64,321.77,0.0,1.289,0.505,5.211,94.245,0.0,28.836,21.369
0.0,344.61,70.823,156.274,801.659,967.394,14.401,75.35,275.596,34.359,0.139,0.371,3.69,60.251,22.94,37.654,48.93
379.954,360.412,107.835,0.0,699.145,564.851,13.561,93.889,240.541,29.421,0.83,0.648,7.603,118.714,3.088,56.02,48.91
644.072,116.377,46.804,0.0,1053.068,15.973,11.924,115.476,274.504,0.0,0.861,0.258,0.242,36.432,0.0,27.026,17.141
0.0,1539.936,314.404,0.0,751.968,495.389,18.394,58.992,406.974,108.144,2.949,0.389,18.826,375.42,0.0,94.36,139.326
0.0,453.417,92.144,178.271,1043.461,828.733,14.805,35.645,242.375,36.195,0.0,0.0,0.0,0.0,29.327,42.603,47.662
617.965,129.586,53.596,0.0,796.05,206.07,13.164,80.726,210.485,0.0,1.123,0.822,7.068,85.016,2.987,29.063,26.101
0.0,1139.818,252.774,0.522,1184.686,514.824,13.976,22.598,344.454,58.145,0.0,0.0,0.0,0.0,7.747,72.161,94.347
395.678,202.405,39.305,0.0,617.916,769.455,12.988,58.687,128.859,20.154,0.446,0.234,5.429,51.177,11.984,30.544,42.906
652.763,97.035,49.895,0.0,697.672,377.02,12.059,105.755,224.257,0.0,0.623,0.451,0.215,47.785,1.649,24.955,20.053
156.7,220.101,44.311,86.402,743.08,964.207,15.043,36.636,151.836,28.427,0.146,0.296,3.607,54.328,27.778,35.479,38.157
370.491,254.208,148.65,0.0,387.508,772.318,7.588,120.825,267.346,0.0,0.0,0.0,0.0,0.0,2.999,27.187,23.866
427.461,154.658,42.071,0.0,471.22,1003.381,12.607,57.099,137.128,0.426,0.198,0.224,0.743,59.563,12.098,25.967,27.293
239.634,936.548,193.738,0.0,798.812,362.59,14.263,57.545,283.908,38.425,2.265,0.359,18.25,250.061,0.0,57.064,115.398
558.704,301.712,101.827,0.0,607.517,337.076,11.202,99.782,229.933,0.0,1.371,0.875,12.357,142.801,5.392,33.533,52.313
696.756,118.678,39.274,0.0,697.155,171.06,12.801,115.171,240.635,0.0,0.99,0.711,4.188,80.649,0.0,27.371,11.125
449.358,241.343,37.736,0.0,649.102,680.3,13.917,70.99,163.052,24.227,0.525,0.248,4.5,83.738,0.537,39.188,30.916
696.55,125.164,62.395,0.0,902.003,0.0,12.455,110.824,264.006,0.0,1.291,1.12,4.562,86.243,0.0,27.82,16.855
444.39,1386.048,316.241,0.0,385.661,0.0,14.858,126.262,446.056,72.502,3.142,1.29,18.912,386.903,0.0,92.732,117.648
437.541,123.443,31.774,0.0,725.5,787.916,13.375,58.773,161.039,6.073,0.199,0.145,0.1,32.794,8.043,27.062,30.102
316.632,299.752,38.698,0.0,1027.61,318.623,12.639,82.214,217.466,19.852,0.717,0.143,5.003,59.209,11.205,33.303,46.569
549.882,165.669,43.404,0.0,1395.409,0.0,12.152,102.899,287.833,1.844,1.139,0.28,2.056,35.595,2.11,29.382,26.934
555.684,124.836,43.847,0.0,530.328,645.576,12.567,87.399,165.654,3.374,0.43,0.331,2.968,52.797,2.703,26.392,22.821
485.743,216.759,50.41,0.0,1732.466,0.0,12.072,92.419,303.296,0.0,1.261,0.009,2.781,36.124,9.118,31.374,32.881
352.222,165.642,28.028,12.043,917.662,648.818,13.079,62.484,166.465,21.838,0.28,0.231,1.837,36.761,16.347,30.843,36.632
265.079,154.396,27.755,55.115,798.073,884.95,12.558,60.244,169.001,22.667,0.16,0.18,2.324,39.579,24.633,27.693,37.374
0.0,1681.145,284.305,0.0,1118.98,547.822,21.829,46.695,490.644,181.351,1.586,0.504,5.491,298.336,0.0,131.882,100.719
398.137,145.633,22.973,0.0,797.451,745.049,12.799,64.912,168.461,10.874,0.25,0.232,0.659,36.278,11.613,25.261,32.098
422.196,269.292,74.638,0.0,555.217,750.951,11.259,56.385,182.936,2.759,0.874,0.508,9.132,102.333,13.957,25.324,53.756
374.764,150.781,7.24,36.615,867.829,662.44,14.316,48.981,141.946,35.69,0.176,0.309,2.78,34.0,25.189,28.876,30.019
615.924,152.9,39.09,0.0,1156.301,0.0,14.046,85.608,252.66,0.0,0.896,0.432,1.201,49.95,0.328,28.94,16.955
550.867,148.179,48.594,0.0,1022.379,155.187,12.124,105.767,241.372,0.0,0.752,0.022,1.119,52.327,2.77,29.895,22.829
294.389,208.871,39.921,56.442,639.36,874.14,14.515,62.603,158.143,27.626,0.435,0.396,5.337,73.304,16.28,35.281,36.983
350.847,175.043,33.433,0.0,737.704,804.969,12.876,62.98,160.437,18.103,0.174,0.152,0.918,41.548,14.49,31.843,34.023
513.349,112.955,29.627,0.0,1044.914,280.0,12.991,85.753,232.567,1.777,0.591,0.119,0.142,29.265,7.411,24.143,27.359
0.0,885.374,248.063,0.0,1111.796,111.409,10.906,96.626,384.113,17.909,0.0,0.0,0.0,0.0,7.783,67.028,84.019
561.19,156.262,45.52,0.0,759.361,335.258,12.734,91.443,176.537,0.0,0.716,0.224,4.403,47.493,7.606,28.379,25.851
0.0,461.288,105.838,136.575,952.307,784.896,12.77,32.204,236.677,14.358,0.0,0.0,0.0,0.0,26.899,40.248,48.402
1.251,439.661,71.709,86.85,993.824,964.08,13.716,55.167,231.442,48.942,0.192,0.046,1.893,73.653,19.263,41.374,49.961
550.103,250.066,100.544,0.0,285.182,624.818,10.742,126.771,254.379,0.0,0.635,0.125,2.376,116.973,0.0,29.911,25.729
428.218,338.441,68.087,0.0,543.637,663.572,13.64,55.48,159.636,19.976,1.06,0.357,11.665,106.392,3.638,36.019,50.935
503.972,484.732,128.75,0.0,844.706,0.0,12.608,104.79,296.707,27.922,1.536,0.494,9.786,148.826,0.0,45.378,61.581
403.906,180.028,40.206,0.0,880.121,534.165,12.256,71.699,190.539,8.448,0.733,0.172,5.575,53.966,17.46,27.369,39.729
459.511,174.636,38.681,0.0,481.426,951.976,12.946,61.424,132.457,0.0,0.29,0.085,2.455,51.077,5.524,27.354,31.791
429.3,741.751,164.491,0.0,1277.27,0.0,13.722,67.565,378.272,3.838,2.707,0.789,15.977,216.597,0.0,49.171,77.542
402.066,121.67,32.959,0.0,712.323,830.118,12.555,66.795,142.316,15.042,0.19,0.189,1.258,26.517,19.561,28.381,31.896
637.28,211.34,61.851,0.0,149.05,729.735,13.749,65.957,154.525,0.0,1.163,1.636,13.85,155.248,0.0,44.483,32.386
453.843,207.634,59.33,0.0,1281.614,0.0,11.642,96.811,266.24,0.0,0.933,0.165,2.113,27.092,11.034,27.597,35.322
294.802,227.047,32.43,0.279,1001.768,563.312,12.706,66.786,200.223,25.723,0.184,0.054,2.835,36.401,21.703,35.667,37.822
662.679,256.865,84.39,0.0,526.588,130.314,11.423,148.499,286.655,0.0,1.092,0.751,7.366,127.648,0.0,32.442,25.341
438.101,219.737,34.85,0.0,1418.028,11.61,12.28,79.723,230.772,0.0,0.919,0.111,1.636,32.097,16.628,31.225,39.22
480.341,313.838,67.961,0.0,768.162,417.16,12.703,100.676,271.028,10.401,1.043,0.704,9.243,123.177,3.519,39.363,35.974
394.746,162.787,34.555,0.0,566.25,929.848,13.127,65.444,119.139,19.313,0.153,0.16,0.748,41.822,12.3,27.662,31.378
428.189,116.486,42.18,0.0,469.728,1052.26,12.705,43.596,122.568,0.623,0.0,0.0,0.0,0.0,11.279,25.999,23.98
356.108,142.216,31.918,5.173,640.985,865.641,13.11,64.175,141.189,14.568,0.158,0.139,1.035,38.11,12.957,27.993,34.573
553.587,152.105,81.422,0.0,227.139,822.308,11.412,84.892,183.667,0.0,0.491,0.291,6.124,91.817,1.868,25.96,23.908
446.852,163.616,54.363,0.0,409.434,868.348,11.251,70.129,155.861,0.0,0.428,0.286,4.246,76.066,8.737,25.555,32.3
420.052,225.751,90.269,0.0,573.852,555.653,11.404,141.998,259.562,0.0,0.339,0.056,0.664,43.974,0.0,38.895,30.107
172.694,242.573,39.615,115.311,867.552,813.046,15.673,68.175,185.997,54.6,0.122,0.366,4.266,58.444,33.279,40.91,35.397
374.747,158.364,29.277,16.399,915.627,587.486,12.637,63.327,159.862,18.365,0.404,0.017,2.454,36.541,18.58,30.167,37.819
443.333,177.547,24.276,0.0,1266.671,199.557,13.126,72.584,210.702,7.578,0.616,0.224,2.08,31.261,12.627,31.872,30.94
549.33,188.32,72.575,0.0,918.584,100.503,11.667,98.066,248.279,0.0,1.235,0.553,8.325,77.266,6.901,23.671,45.945
918.454,171.689,116.094,0.0,887.068,0.0,11.74,177.009,423.462,0.0,1.931,0.779,6.579,148.529,0.0,31.397,8.921
492.382,416.9,108.913,0.0,264.981,737.129,13.498,78.36,198.552,0.0,1.693,1.467,15.584,187.188,0.0,49.762,59.621
387.978,452.965,98.394,0.0,510.454,607.12,14.183,56.532,192.181,25.025,1.515,0.449,18.361,178.337,0.569,46.378,62.479
372.407,144.175,35.012,0.0,665.054,823.23,12.479,77.736,143.643,14.355,0.261,0.03,2.614,31.136,17.038,25.827,35.226
582.357,218.156,57.191,0.0,434.985,740.721,13.521,69.966,159.726,0.0,0.975,0.486,10.306,127.433,0.0,35.449,32.344
98.158,1361.05,292.795,0.0,589.952,477.884,16.593,71.018,434.263,74.988,2.823,0.434,24.954,370.423,0.0,83.08,130.174
446.862,182.706,74.501,0.0,681.094,591.292,12.131,97.848,232.793,0.0,0.708,0.017,4.092,74.757,12.043,27.287,38.054
75.468,583.245,77.319,52.743,845.542,772.643,15.542,49.643,202.986,71.768,0.401,0.095,1.621,99.341,8.235,44.41,66.853
471.564,243.425,46.875,0.0,1915.811,0.0,13.034,70.202,313.99,0.0,1.373,0.042,1.781,38.01,9.631,33.337,33.093
460.396,219.227,59.494,0.0,707.322,555.072,12.662,102.88,237.121,5.402,0.629,0.344,4.718,69.585,11.233,32.211,40.112
396.928,157.04,39.124,0.0,978.401,437.745,11.006,84.54,227.625,0.0,0.663,0.044,2.519,33.806,16.435,24.405,40.368
519.787,109.671,47.393,0.0,1004.669,95.467,11.904,102.062,242.202,0.0,0.949,0.155,3.691,51.546,3.993,24.995,27.02
424.593,186.905,41.93,0.0,789.719,579.812,13.102,99.771,223.769,16.743,0.335,0.546,0.007,43.229,0.215,34.402,26.295
456.007,251.198,61.526,0.0,481.952,628.392,13.523,71.324,171.328,13.525,1.115,0.806,12.321,134.279,1.252,41.223,42.643
483.292,428.406,111.693,0.0,203.128,684.593,14.93,65.353,201.377,24.096,1.906,1.442,20.475,218.081,0.0,53.947,59.452
702.867,449.45,127.418,0.0,339.08,90.008,12.244,85.944,263.097,0.0,2.399,1.632,23.389,259.165,0.0,43.982,54.608
331.105,269.93,65.132,0.0,638.841,804.446,10.016,74.535,189.044,0.0,0.417,0.022,0.084,69.51,2.901,26.096,38.348
531.578,1240.412,297.559,0.0,986.747,0.0,13.718,88.613,452.931,38.265,3.588,0.023,24.02,340.324,0.0,75.204,115.905
424.645,169.381,31.107,0.0,887.298,492.536,13.175,87.027,214.017,16.313,0.494,0.168,1.929,40.56,13.07,27.183,32.482
631.025,218.902,78.435,0.0,708.597,206.461,13.0,113.615,263.848,1.957,1.226,0.525,8.662,119.575,0.0,38.584,21.869
191.7,202.162,33.141,56.641,903.032,838.985,12.847,35.947,169.211,18.555,0.0,0.0,0.0,0.0,18.546,31.661,33.432
714.479,208.212,94.703,0.0,65.306,776.918,11.515,96.195,212.401,0.0,1.214,1.316,12.005,164.698,0.0,29.821,28.044
364.422,203.415,23.06,0.0,1023.051,476.955,12.908,72.613,191.267,15.243,0.509,0.091,1.802,36.015,17.092,28.901,43.367
72.172,1495.608,349.712,0.0,351.297,697.199,17.288,83.895,469.613,83.177,3.377,0.391,31.663,425.435,0.0,106.549,127.144
623.04,204.698,64.256,0.0,1643.904,0.0,13.953,80.91,337.092,0.0,1.337,0.366,2.132,61.484,0.0,34.429,19.96
444.246,120.483,24.501,0.0,577.363,879.308,13.261,61.418,122.499,20.074,0.094,0.221,0.54,28.2,13.323,27.978,29.012
471.263,231.131,66.967,0.0,854.939,379.59,12.166,92.005,229.27,0.0,0.844,0.212,8.779,86.574,8.581,31.514,36.723
609.484,174.953,56.821,0.0,1075.444,0.0,12.858,105.535,290.341,0.0,1.224,0.672,4.004,73.899,0.0,25.91,22.816
313.684,196.911,40.173,0.0,854.745,593.221,10.954,90.055,185.648,1.808,0.368,0.096,2.871,31.713,13.462,27.754,36.09
535.009,195.324,42.587,0.0,1191.379,0.0,13.034,110.041,258.752,4.113,1.025,0.493,2.01,47.513,0.0,31.993,26.807
596.188,134.888,79.706,0.0,654.513,400.602,10.05,115.788,245.785,0.0,0.601,0.079,0.75,59.717,0.644,23.865,11.287
277.427,356.603,77.982,7.251,604.883,799.043,11.374,76.074,225.858,13.795,0.665,0.362,4.825,92.449,0.0,32.538,47.132
393.038,148.101,28.732,0.0,704.788,786.893,12.81,65.067,145.448,17.8,0.292,0.063,2.891,37.226,19.668,26.657,37.948
350.48,169.848,23.362,6.651,766.838,758.171,12.324,68.412,164.322,16.386,0.27,0.2,2.723,40.056,16.662,26.624,36.79
405.549,163.972,57.85,0.0,577.787,768.813,10.997,94.787,206.416,0.0,0.299,0.07,0.318,37.29,6.937,26.157,30.295
0.0,489.488,73.958,179.266,1119.453,796.129,16.589,59.279,273.765,69.241,0.0,0.0,0.0,0.0,15.601,57.12,45.863
239.365,322.658,60.937,66.25,677.746,871.387,15.172,62.041,196.916,50.164,0.674,0.767,3.359,100.25,3.628,48.661,36.899
301.199,220.088,27.421,48.646,885.991,604.462,14.192,66.911,195.3,32.631,0.138,0.284,3.255,40.11,14.713,36.522,33.507
554.084,312.357,79.662,0.0,286.134,684.135,13.346,64.329,191.968,0.0,1.549,1.658,14.186,165.656,0.0,40.891,51.505
397.58,138.816,49.778,0.0,417.402,1129.231,11.86,37.284,136.047,0.0,0.0,0.0,0.0,0.0,9.947,27.308,22.006
383.132,133.656,59.918,0.0,386.683,1137.383,11.548,39.833,140.454,0.0,0.0,0.0,0.0,0.0,8.408,27.937,22.939
0.0,990.64,236.792,40.004,1169.695,641.264,12.668,0.0,277.9,37.906,0.0,0.0,0.0,0.0,27.24,63.304,90.843
560.35,147.899,32.896,0.0,1231.042,21.685,13.309,90.837,263.126,2.137,0.829,0.222,0.302,37.457,2.411,26.548,18.199
530.433,217.349,45.688,0.0,1660.794,0.0,13.198,79.078,309.286,0.0,1.281,0.329,2.706,45.666,2.361,31.123,27.528
618.415,116.143,47.82,0.0,941.346,123.444,12.835,92.974,257.507,0.0,1.021,0.514,1.781,61.981,0.082,25.412,16.231
399.663,413.567,72.66,0.0,905.862,367.89,13.057,64.123,242.508,11.742,1.308,0.614,10.049,135.757,0.0,47.549,46.072
39.091,472.784,62.189,31.731,1142.268,547.388,13.661,68.191,268.102,37.313,0.0,0.0,0.0,0.0,15.652,49.434,44.93
733.516,111.564,68.986,0.0,669.173,91.052,12.201,127.174,279.301,0.0,0.947,0.828,2.877,87.524,0.0,27.271,10.432
517.465,152.377,39.5,0.0,680.617,482.16,11.99,100.099,208.988,0.0,0.686,0.359,4.107,67.054,13.239,25.287,31.308
0.0,865.029,203.129,115.649,1093.692,757.532,14.781,2.662,241.128,69.045,0.0,0.0,0.0,0.0,31.956,60.447,82.135
197.485,206.768,34.919,100.695,844.22,798.599,13.554,31.056,141.206,29.448,0.0,0.0,0.0,0.0,25.526,28.436,39.948
346.606,154.289,25.938,2.841,870.7,717.254,12.098,60.686,151.15,15.42,0.329,0.055,0.951,31.66,19.381,28.074,34.561
331.067,146.555,63.873,12.789,459.293,1095.57,11.459,36.781,143.168,0.0,0.0,0.0,0.0,0.0,13.543,27.284,27.122
587.158,129.651,40.1,0.0,881.759,277.207,14.067,80.018,214.558,0.0,0.787,0.103,1.687,48.536,2.86,26.856,20.048
466.784,192.572,49.556,0.0,692.652,593.888,12.655,74.64,173.436,13.771,0.654,0.135,5.491,58.007,7.376,26.608,38.636
408.763,235.361,89.707,0.0,516.285,829.873,10.949,86.506,217.13,0.0,0.757,0.055,8.48,88.696,24.198,24.407,45.362
503.495,216.425,43.821,0.0,1368.381,0.0,12.568,75.804,262.035,0.0,1.135,0.281,4.694,52.379,10.339,29.746,32.874
650.119,340.802,144.673,0.0,230.504,401.368,10.875,161.084,243.664,0.0,1.119,0.84,7.387,147.28,0.0,37.679,34.927
575.125,109.234,31.55,0.0,509.567,737.128,12.85,70.884,147.248,0.468,0.391,0.653,1.556,44.203,7.748,26.086,23.566
416.576,216.952,33.683,0.0,1247.393,87.627,12.465,80.109,235.021,8.126,0.749,0.024,3.721,40.721,9.594,33.492,33.733
656.368,200.709,90.134,0.0,324.393,352.353,12.332,87.645,208.577,0.0,1.51,1.255,18.251,161.607,0.0,31.41,39.436
521.326,325.404,93.85,0.0,927.987,79.785,11.801,109.532,285.278,0.0,1.372,0.245,7.228,103.986,6.05,27.153,53.563
215.91,637.659,101.178,0.0,861.251,574.979,12.625,65.633,208.203,59.635,0.634,0.03,2.982,94.323,0.0,47.673,66.246
299.789,188.417,41.186,66.958,763.397,820.493,13.038,76.098,175.466,19.03,0.461,0.533,2.793,55.966,10.622,32.871,36.557
413.512,143.926,16.673,0.0,868.486,635.759,13.36,66.401,159.15,20.355,0.286,0.105,1.104,34.671,11.368,27.486,31.633
427.521,228.558,44.611,0.0,515.144,791.145,13.005,62.509,145.806,15.848,0.627,0.791,8.309,91.548,7.724,32.17,44.926
433.458,249.054,85.441,0.0,994.507,192.478,10.979,120.797,224.641,0.0,0.724,0.097,2.21,42.059,3.371,31.442,40.103
525.702,231.047,60.023,0.0,785.08,300.115,12.4,130.781,269.358,14.57,0.561,0.079,1.699,78.098,0.0,40.558,26.896
506.772,121.459,35.282,0.0,654.283,657.371,12.815,72.177,162.965,11.207,0.406,0.247,0.913,45.169,6.26,27.847,24.397
325.682,257.912,43.663,0.0,563.199,965.794,12.304,54.474,142.468,14.563,0.353,0.039,3.16,64.284,4.534,27.924,38.537
670.845,161.079,69.988,0.0,827.457,27.723,12.42,124.529,285.433,3.299,0.889,0.244,0.922,65.868,0.0,33.368,13.177
384.267,151.542,35.401,5.118,1079.91,452.619,13.466,63.502,168.69,15.352,0.36,0.069,1.503,32.234,19.514,29.676,37.017
88.852,345.929,43.834,102.554,892.025,803.707,13.599,81.59,222.851,39.785,0.126,0.365,2.916,60.644,17.288,38.438,47.38
370.589,182.427,36.927,0.0,972.709,493.867,12.392,75.629,180.221,13.354,0.592,0.214,3.535,37.379,16.371,29.421,39.023
281.287,226.699,31.046,26.236,770.105,811.174,14.372,61.124,140.609,41.744,0.267,0.062,3.217,48.026,20.667,31.013,39.62
402.774,141.712,26.679,5.264,1009.472,410.17,13.157,78.697,180.715,19.633,0.499,0.1,2.471,31.477,18.375,29.808,41.372
316.431,178.797,31.93,28.15,706.199,919.791,12.072,54.856,136.147,12.902,0.163,0.101,1.294,36.951,15.916,27.616,39.101
459.744,139.151,28.508,0.0,734.077,622.277,13.361,77.204,140.073,12.644,0.444,0.25,2.228,41.948,12.173,27.007,32.199
298.71,986.876,206.733,0.0,654.429,211.023,13.647,29.784,235.986,49.919,2.892,0.256,22.985,299.853,0.0,53.781,117.924
511.134,271.708,66.16,0.0,717.252,432.859,14.123,123.838,264.122,23.987,0.789,0.783,3.557,110.483,0.0,50.484,25.483
358.395,179.948,26.274,0.0,961.638,556.661,12.633,69.589,174.059,18.03,0.47,0.098,3.059,36.881,20.476,28.336,43.095
327.748,155.106,22.468,33.661,691.492,862.944,13.69,63.737,159.468,16.532,0.236,0.312,2.105,37.797,21.124,30.149,31.479
420.348,181.572,48.592,0.0,745.492,597.715,11.711,77.22,167.467,10.764,0.655,0.469,5.001,57.42,10.141,28.293,40.896
474.875,166.874,51.833,0.0,749.706,487.15,10.924,97.942,209.622,0.0,0.584,0.136,3.454,57.351,11.256,21.796,33.8
551.601,128.765,41.707,0.0,896.829,283.715,14.007,69.815,185.107,14.138,0.56,0.025,1.649,35.228,10.904,27.686,21.81
359.221,273.806,53.194,4.623,632.584,740.897,14.292,68.925,172.927,27.029,0.714,0.185,6.735,94.528,4.896,35.965,48.413
390.212,143.831,49.972,0.0,440.681,1147.228,11.463,41.053,150.569,0.0,0.0,0.0,0.0,0.0,11.773,24.851,21.215
649.111,206.953,114.045,0.0,126.814,730.321,12.673,109.889,280.802,0.0,1.299,1.009,13.978,177.464,1.274,41.197,33.476
359.665,186.092,17.481,22.668,913.306,577.775,13.782,66.657,177.592,26.743,0.288,0.01,4.103,36.745,25.72,29.143,39.233
440.963,264.91,74.513,0.0,922.792,277.029,12.374,77.223,249.336,0.0,1.267,0.351,13.05,101.573,11.618,29.659,48.778
656.647,158.102,60.479,0.0,182.792,768.716,12.886,89.769,183.453,0.0,1.008,0.915,8.898,127.853,0.0,34.228,28.431
375.661,206.19,35.542,0.0,1314.603,40.685,12.832,77.47,229.805,6.247,0.804,0.07,3.468,34.406,15.451,27.997,41.834
492.531,193.885,58.852,0.0,693.119,456.55,12.809,93.338,200.734,12.003,0.832,0.299,8.163,89.549,5.689,31.144,39.033
426.925,168.062,31.961,0.0,718.949,613.141,14.201,59.779,148.297,19.798,0.355,0.087,2.267,44.229,14.199,28.478,34.444
252.452,209.319,28.497,34.133,760.014,897.042,13.15,32.435,122.625,27.387,0.0,0.0,0.0,0.0,19.039,28.91,36.497
734.21,88.046,60.301,0.0,685.497,90.862,12.848,117.131,254.952,0.0,1.052,0.849,4.692,95.616,0.0,28.052,9.586
466.723,153.537,29.836,0.0,1303.623,42.034,12.904,84.295,240.667,0.0,0.866,0.12,2.375,35.009,10.701,27.802,35.399
667.077,239.12,58.985,0.0,1961.44,0.0,13.315,86.074,374.764,0.0,1.601,0.605,1.433,52.821,0.0,33.736,13.479
409.182,272.974,40.275,0.0,900.072,377.795,13.242,77.055,218.377,17.019,0.763,0.3,5.685,80.093,4.363,34.931,38.896
373.332,550.133,125.636,0.0,539.73,442.068,12.002,54.202,171.152,18.785,1.747,0.023,20.921,174.495,1.745,33.51,83.875
684.186,212.353,86.269,0.0,556.35,142.914,11.725,146.822,259.724,3.068,1.235,0.84,6.004,126.67,0.0,31.476,31.096
668.373,114.037,62.293,0.0,376.523,569.007,10.801,114.373,227.765,0.0,0.801,0.963,6.341,90.845,1.067,22.292,16.443
413.875,222.6,33.393,0.0,1457.115,0.0,12.544,79.603,251.237,0.0,0.829,0.366,1.792,31.27,9.767,29.397,33.705
6.702,443.744,120.817,94.663,813.431,814.433,14.252,79.717,289.157,35.653,0.156,0.05,1.4,59.868,16.261,49.664,51.33
344.118,196.213,29.024,22.384,885.732,674.515,13.544,57.344,154.382,23.84,0.285,0.054,2.957,46.964,17.561,28.787,37.537
389.151,137.26,28.237,0.0,634.348,887.28,12.616,71.161,155.842,10.996,0.266,0.191,2.406,45.325,9.637,24.134,37.378
518.663,156.903,46.358,0.0,891.857,394.536,12.811,85.531,213.89,3.42,0.703,0.044,2.951,47.744,0.537,28.005,26.981
427.738,242.147,45.156,0.0,1408.609,0.0,13.09,85.53,284.7,0.0,1.155,0.161,5.417,56.369,9.898,30.804,35.581
628.806,182.474,57.395,0.0,609.152,269.963,12.815,127.961,235.944,0.0,1.071,0.743,7.225,115.688,0.0,30.721,20.353
153.626,527.86,98.803,0.0,1019.553,709.276,15.317,69.137,232.051,50.757,0.5,0.017,5.032,100.955,10.217,63.196,52.519
514.687,124.533,25.515,0.0,917.318,445.484,13.482,72.393,189.802,15.877,0.455,0.204,1.621,34.757,8.507,27.858,24.683
358.746,146.468,23.337,3.617,886.729,784.58,12.472,57.84,160.404,9.111,0.3,0.023,0.574,38.8,12.779,24.761,34.182
467.529,137.588,28.519,0.0,780.912,546.581,12.732,67.637,168.403,14.318,0.449,0.277,1.653,33.989,9.569,27.314,30.246
394.828,532.715,107.214,0.0,649.712,403.904,12.134,61.876,193.829,26.767,1.455,0.568,12.831,154.616,0.167,36.436,82.455
419.358,201.04,47.559,0.0,755.875,624.667,12.714,85.572,207.081,9.022,0.369,0.356,1.333,53.677,1.277,31.415,30.481
294.254,150.225,37.063,21.055,724.102,900.558,12.174,57.006,137.094,15.804,0.243,0.047,2.258,29.229,25.565,27.257,35.221
420.239,174.313,30.646,0.0,1273.848,151.957,12.856,73.985,224.91,2.174,0.659,0.141,2.075,47.005,11.394,32.035,33.225
518.212,143.372,28.741,0.0,651.354,632.902,13.628,79.651,163.342,12.629,0.3,0.517,0.689,40.69,7.652,27.556,27.919
266.08,350.52,57.675,14.419,694.616,769.87,12.797,60.716,170.727,34.372,0.638,0.324,3.751,79.803,4.112,34.583,51.134
335.804,149.532,24.768,40.668,693.978,793.085,13.763,57.923,128.859,24.812,0.161,0.042,2.441,45.962,18.199,29.424,36.814
273.939,192.163,32.077,24.761,754.65,906.536,13.359,48.274,143.72,24.396,0.182,0.03,4.102,49.122,21.924,27.184,37.606
144.369,468.459,77.727,0.0,820.451,760.281,14.709,63.077,256.956,51.685,0.42,0.435,0.521,89.106,0.0,59.754,43.551
293.458,343.004,63.202,0.0,695.119,775.591,13.068,66.857,199.679,23.892,0.818,0.481,9.053,100.413,18.638,34.444,58.059
462.735,363.804,66.797,0.0,388.15,719.747,13.157,52.252,150.311,17.8,1.076,0.095,11.01,131.355,0.0,34.936,50.827
411.272,226.583,55.092,0.0,795.458,470.068,13.946,71.285,193.836,25.68,0.883,0.436,8.92,99.754,9.465,41.138,34.318
375.908,149.752,21.525,22.414,917.824,657.238,13.066,65.456,159.155,15.049,0.287,0.171,1.704,32.705,21.424,28.611,34.511
588.952,102.337,41.67,0.0,427.309,715.17,12.255,87.341,184.158,0.153,0.603,0.44,3.797,72.194,3.658,24.045,24.149
452.912,251.402,52.396,0.0,1846.253,0.0,13.017,89.937,323.897,0.0,1.485,0.079,2.575,39.989,4.88,31.864,35.668
340.262,212.795,51.568,28.543,611.643,816.025,15.024,49.973,135.202,40.742,0.485,0.391,7.589,70.953,22.19,40.043,38.73
292.776,182.855,42.374,0.0,655.825,952.029,11.248,45.033,147.41,0.0,0.165,0.004,1.072,37.989,11.981,23.123,31.659
368.262,162.991,27.862,1.73,679.265,828.294,13.431,44.073,128.731,21.245,0.182,0.065,2.173,48.175,15.882,28.001,33.811
639.262,101.068,46.236,0.0,592.224,279.877,11.532,106.604,218.127,0.0,0.901,0.695,6.871,92.401,0.012,27.868,24.447
688.366,131.532,61.032,0.0,639.251,170.428,12.471,112.11,256.215,0.0,0.985,0.539,5.929,104.321,0.0,29.41,15.771
424.461,168.21,29.105,0.0,1126.234,284.327,13.154,81.872,224.973,6.354,0.654,0.108,1.398,41.31,10.58,25.212,35.075
252.368,1418.759,345.62,0.0,171.899,351.152,15.519,148.652,495.31,68.189,2.945,1.625,17.362,404.794,0.0,105.44,122.447
446.391,293.7,78.638,0.0,483.824,674.516,10.801,80.236,197.821,0.0,0.891,0.704,9.829,97.836,5.141,26.25,54.641
404.476,128.028,18.219,13.164,813.283,698.579,13.15,68.812,176.207,15.384,0.265,0.089,1.242,30.078,13.737,25.842,35.5
444.818,1604.678,399.771,0.0,379.089,0.0,14.828,199.978,624.443,72.108,3.11,1.175,21.933,423.014,0.0,110.768,120.456
478.263,303.675,51.882,0.0,1092.758,31.024,12.967,94.722,233.986,22.581,0.873,0.048,3.581,68.248,0.0,41.704,33.952
601.335,152.165,63.25,0.0,312.929,704.838,11.765,68.169,160.004,0.0,0.855,1.038,11.787,115.966,3.854,27.615,34.559
374.355,220.944,40.049,0.0,830.637,617.172,12.33,75.063,190.771,13.248,0.64,0.235,5.836,61.562,9.061,29.956,44.829
385.227,201.816,40.688,0.0,1239.31,232.779,12.0,73.552,227.638,0.0,0.658,0.009,1.964,31.216,13.636,27.934,33.302
539.943,168.505,58.83,0.0,436.267,680.175,11.828,84.406,160.554,0.51,0.659,0.728,3.58,88.222,0.0,28.011,30.162
325.034,141.249,34.98,33.141,668.017,845.342,13.221,48.77,139.047,15.655,0.199,0.142,2.869,44.862,18.593,31.425,34.517
478.503,176.589,58.807,0.0,728.718,438.398,12.024,115.229,215.941,9.705,0.612,0.091,1.319,48.839,8.3,25.684,37.961
296.194,187.656,41.349,69.862,714.954,802.065,14.292,39.551,133.784,37.334,0.0,0.0,0.0,0.0,24.59,30.175,33.891
0.0,415.858,73.309,92.589,1160.606,689.627,13.83,47.23,253.538,27.35,0.0,0.0,0.0,0.0,24.091,46.434,45.216
556.277,311.698,146.937,0.0,517.372,343.184,10.096,121.942,289.804,0.0,0.926,0.354,10.547,106.118,17.767,30.283,55.606
463.112,256.102,50.169,0.0,1767.528,0.0,12.332,88.281,278.58,0.0,1.232,0.183,0.946,29.404,9.658,33.662,37.378
415.101,153.313,43.163,0.0,999.073,461.674,12.297,88.888,229.436,5.213,0.655,0.116,1.074,41.146,8.211,24.468,33.747
413.04,158.265,62.334,0.0,440.775,902.415,11.505,79.237,180.292,0.0,0.146,0.014,0.255,62.904,3.876,23.309,25.168
441.68,132.544,34.944,0.0,1253.444,203.792,13.392,70.516,230.452,0.0,0.65,0.122,1.236,33.456,13.068,28.625,33.223
371.825,157.558,26.5,0.0,687.309,827.855,13.152,65.697,137.223,22.324,0.216,0.085,1.112,37.237,16.718,26.713,36.215
451.801,219.614,55.276,0.0,1095.718,198.112,12.824,90.1,259.058,1.93,1.084,0.076,7.39,73.338,9.364,30.367,37.889
481.561,243.368,49.746,0.0,1528.768,0.0,12.845,84.49,256.35,0.0,1.087,0.031,3.692,41.067,13.746,30.087,36.41
417.977,180.652,34.069,0.0,1031.525,364.644,13.241,65.887,183.186,12.067,0.582,0.063,1.148,30.075,23.389,29.578,36.181
390.668,190.312,40.584,0.0,817.091,566.776,12.583,81.74,201.799,12.333,0.661,0.028,4.881,55.64,6.252,25.717,43.744
611.478,112.369,46.903,0.0,327.666,683.38,11.751,91.982,167.151,0.0,0.668,0.934,6.839,86.847,3.038,25.941,29.758
485.326,261.272,62.658,0.0,437.592,741.38,12.958,74.918,180.19,4.671,0.949,0.326,10.662,118.803,0.0,34.454,43.564
514.809,152.944,37.604,0.0,662.301,549.2,13.427,70.3,171.187,17.14,0.612,0.006,5.609,57.965,9.698,30.087,32.383
504.181,101.71,50.416,0.0,313.695,1093.103,13.211,54.545,141.122,0.0,0.0,0.0,0.0,0.0,3.45,24.571,20.236
412.003,200.5,38.772,0.0,1455.7,0.0,12.304,75.811,267.953,0.0,0.964,0.315,1.482,41.65,13.995,31.717,35.743
603.141,240.594,80.587,0.0,155.469,747.249,12.819,87.487,175.753,9.44,0.907,0.332,9.295,122.968,0.0,34.913,30.239
21.936,412.219,71.52,77.266,1108.716,653.693,12.712,42.243,221.655,24.346,0.0,0.0,0.0,0.0,13.599,40.525,46.29
466.076,119.198,22.815,0.0,1153.966,236.678,12.935,77.848,232.763,0.0,0.651,0.256,0.659,30.267,9.462,27.336,26.654
349.034,276.066,83.508,0.0,689.674,699.031,9.566,82.925,209.184,0.0,0.534,0.072,1.512,51.195,9.81,22.166,45.125
883.219,164.444,149.303,0.0,40.883,138.402,9.581,204.302,396.58,0.0,1.11,0.34,4.756,137.552,0.0,28.911,20.327
314.671,156.071,31.516,43.126,686.098,934.735,13.258,70.686,157.449,26.451,0.193,0.215,1.223,34.153,16.767,25.734,34.617
356.178,130.541,15.423,12.111,719.684,844.694,13.478,56.175,125.733,26.344,0.155,0.107,1.309,28.69,25.542,26.123,35.207
103.659,404.001,60.92,48.371,1222.85,500.032,13.079,45.639,234.801,18.156,0.0,0.0,0.0,0.0,28.293,40.812,53.916
49.708,274.348,67.218,88.148,773.243,768.686,14.313,65.016,258.702,30.733,0.0,0.0,0.0,0.0,34.26,36.221,46.159
137.713,209.284,50.982,90.797,785.446,852.719,13.643,25.465,145.251,23.163,0.0,0.0,0.0,0.0,35.07,30.953,40.887
438.713,263.71,65.915,0.0,1078.2,177.137,11.736,82.239,245.633,0.0,1.085,0.248,4.749,67.928,12.717,24.692,50.412
546.996,873.13,210.781,0.0,1163.479,0.0,14.208,60.032,374.07,29.72,3.157,0.662,20.94,282.604,0.0,62.994,77.269
379.26,287.778,59.099,0.0,584.985,692.051,13.087,68.504,175.306,13.291,0.997,0.824,11.028,110.787,7.018,33.817,57.016
208.64,156.737,47.001,111.539,764.679,871.986,13.423,37.093,150.542,30.381,0.0,0.0,0.0,0.0,32.837,25.225,36.018
0.0,455.764,85.41,82.374,1019.718,828.012,13.047,38.667,230.194,24.736,0.0,0.0,0.0,0.0,20.604,43.644,52.086
449.681,178.117,34.618,0.0,1289.272,56.11,12.308,85.189,222.478,0.705,0.843,0.221,1.732,29.655,11.555,29.518,34.205
393.806,165.877,27.449,0.0,955.178,545.841,13.202,70.631,172.608,14.634,0.408,0.275,3.363,35.858,20.224,27.194,38.68
421.885,164.194,24.315,0.0,1035.786,430.973,12.845,80.0,198.53,9.65,0.492,0.237,1.925,41.093,11.573,29.366,36.298
437.395,216.964,57.558,0.0,395.348,940.736,12.077,60.196,139.519,0.0,0.57,0.71,6.684,81.192,9.652,29.203,39.795
349.254,185.631,22.511,0.0,1094.046,523.314,12.424,65.327,177.092,14.27,0.422,0.108,2.279,31.238,18.953,30.381,40.852
503.964,184.767,63.37,0.0,360.525,858.311,11.737,77.83,188.557,0.0,0.77,0.764,8.176,106.774,9.352,27.742,36.388
353.273,164.283,44.949,7.043,704.318,775.947,12.889,71.58,153.082,13.403,0.269,0.081,3.538,36.656,20.536,27.791,38.677
565.923,144.131,43.808,0.0,855.223,253.209,12.682,111.647,282.56,0.0,0.85,0.469,3.356,75.444,2.243,30.032,20.807
25.722,489.819,178.135,81.517,667.407,933.682,11.409,67.288,314.983,0.0,0.623,0.127,6.642,92.712,20.878,39.275,55.371
512.8,253.537,50.03,0.0,1406.034,0.0,13.196,105.936,293.392,3.46,1.023,0.017,1.892,51.354,0.0,34.994,25.0
721.426,473.183,183.273,0.0,629.629,0.0,9.928,162.262,384.804,0.0,2.195,1.117,14.79,201.305,0.0,37.661,61.177
400.691,369.799,52.8,0.0,835.199,460.624,13.743,84.575,226.853,33.157,0.841,0.581,4.927,108.042,0.0,45.677,38.207
393.746,214.55,38.899,0.0,1245.624,170.36,12.614,78.075,205.104,3.566,0.729,0.312,1.932,42.11,19.104,30.884,39.134
344.458,145.833,9.613,21.786,879.784,665.568,14.137,51.675,148.206,30.962,0.136,0.148,3.803,33.785,28.239,28.847,29.74
388.883,120.378,23.437,3.504,718.51,760.497,12.911,64.775,154.514,17.707,0.295,0.291,2.198,43.06,17.869,28.421,37.046
351.778,129.753,24.862,28.007,742.406,835.248,13.229,61.893,146.248,17.625,0.191,0.047,1.159,36.891,16.938,27.168,36.929
548.836,228.229,43.402,0.0,1773.571,0.0,13.153,91.583,331.633,0.0,1.394,0.179,2.599,54.309,0.0,37.034,21.27
685.457,155.067,48.005,0.0,1060.396,0.0,13.064,91.736,266.052,0.0,1.01,0.536,3.246,54.115,0.0,28.026,14.196
428.56,108.782,30.09,0.0,567.013,861.009,12.188,65.5,132.925,10.138,0.287,0.2,2.571,32.184,25.322,27.451,31.631
807.326,242.448,156.431,0.0,13.888,306.717,11.795,226.412,393.108,0.0,1.444,1.567,9.452,173.661,0.0,50.471,21.124
0.0,1114.294,220.845,118.644,1340.541,631.753,18.046,31.198,365.726,88.769,0.0,0.0,0.0,0.0,28.602,84.27,82.069
442.153,280.372,60.02,0.0,927.923,447.157,13.345,74.525,235.898,9.572,0.863,0.421,4.465,100.138,0.0,39.73,29.636
247.442,945.612,199.912,0.0,519.415,450.212,13.71,46.586,273.856,47.478,2.713,0.363,27.617,297.17,0.0,54.777,114.864
473.205,229.358,51.16,0.0,1181.001,60.22,11.847,97.061,244.82,3.204,0.91,0.321,1.774,50.467,3.004,31.78,38.696
356.186,136.14,31.489,27.293,715.912,836.35,13.054,56.273,137.482,19.018,0.197,0.239,1.811,45.157,20.974,29.315,32.948
297.826,1555.606,380.925,0.0,103.906,266.497,15.787,79.979,373.877,102.816,3.643,0.154,29.209,480.525,0.0,101.477,139.686
354.307,164.026,24.122,13.605,693.237,731.797,14.047,56.39,135.954,30.453,0.13,0.014,2.437,37.307,24.365,31.32,35.092
10.246,423.398,100.71,48.468,1051.492,606.277,12.295,30.467,209.843,3.684,0.0,0.0,0.0,0.0,30.674,36.673,49.241
304.754,184.443,45.403,52.703,681.671,844.942,13.992,36.045,114.594,35.785,0.0,0.0,0.0,0.0,25.025,29.863,34.969
526.95,570.955,135.082,0.0,455.998,281.56,13.178,74.422,203.713,29.522,2.104,0.418,22.259,235.423,0.0,42.891,71.987
407.49,246.892,53.657,0.0,635.179,771.833,12.975,83.849,192.949,11.086,0.652,0.371,8.008,86.66,13.385,34.767,35.307
385.43,148.511,66.817,0.0,405.778,1098.868,11.311,60.337,170.466,0.0,0.0,0.0,0.0,0.0,3.426,24.766,18.895
481.836,130.211,25.658,0.0,712.062,636.12,12.953,75.162,161.769,14.12,0.425,0.121,2.627,32.273,11.504,25.713,28.515
510.238,450.591,123.609,0.0,911.01,0.0,10.93,115.25,302.728,3.911,1.512,0.122,9.836,126.802,0.0,32.296,64.716
544.307,105.963,38.37,0.0,361.11,928.694,12.795,66.468,122.318,1.341,0.227,0.286,0.126,33.979,4.022,26.606,24.301
0.0,723.241,132.964,0.0,1058.133,607.054,14.966,27.231,230.172,66.101,0.0,0.0,0.0,0.0,13.845,62.866,66.672
269.691,191.944,37.034,2.39,960.203,559.57,12.567,61.176,186.603,11.593,0.24,0.039,4.499,43.373,25.243,35.112,37.323
356.786,291.396,76.858,0.0,532.701,833.12,12.446,54.229,147.199,14.304,0.716,0.135,10.455,96.927,15.147,34.553,57.181
429.43,119.106,51.926,0.0,388.744,1093.232,12.16,37.215,120.575,0.0,0.0,0.0,0.0,0.0,9.039,27.186,20.168
109.874,245.946,32.023,141.342,794.334,831.423,14.942,42.802,221.472,43.734,0.0,0.0,0.0,0.0,30.356,31.46,34.64
45.663,442.883,74.523,121.012,839.242,894.059,14.339,39.369,216.759,52.733,0.25,0.062,1.466,76.699,15.026,40.696,53.735
502.973,138.172,46.606,0.0,469.98,831.217,12.943,85.699,193.423,0.0,0.482,0.698,2.008,61.437,0.0,30.953,30.84
222.065,365.391,60.08,36.18,778.157,707.213,15.332,115.087,279.919,39.979,0.54,0.833,0.781,105.15,0.0,59.823,33.644
420.936,145.614,64.685,0.0,509.227,790.393,12.645,78.774,174.56,15.543,0.514,0.101,6.826,69.593,21.098,25.188,40.307
1.144,393.866,62.817,114.388,827.768,984.983,15.436,58.919,255.048,41.833,0.407,0.709,1.512,75.222,7.181,48.985,46.46
471.84,108.491,38.342,0.0,732.014,699.36,12.356,68.458,158.815,8.011,0.492,0.099,2.539,47.728,13.54,25.689,31.03
499.211,294.832,65.142,0.0,1297.779,0.0,12.528,91.579,283.81,0.0,1.433,0.166,6.778,67.406,4.293,28.058,44.857
231.323,1092.476,244.197,0.0,689.13,159.832,14.567,52.212,308.475,82.757,2.625,0.053,23.578,309.929,0.0,69.703,120.815
379.833,202.596,38.527,0.0,925.446,388.81,12.987,76.178,191.434,19.503,0.614,0.139,4.539,43.798,15.658,29.194,43.226
796.02,150.154,118.453,0.0,369.291,92.079,9.946,176.56,369.982,0.0,0.985,0.216,5.019,122.361,0.0,26.537,10.249
434.147,161.306,33.96,0.0,539.305,878.632,12.517,72.289,145.946,9.968,0.426,0.091,2.444,55.287,4.314,24.419,35.7
463.224,203.279,38.515,0.0,762.128,471.674,13.36,69.733,194.527,10.179,0.808,0.25,7.549,82.918,11.52,27.977,35.819
509.168,153.738,39.731,0.0,777.554,381.475,12.816,85.082,208.743,10.494,0.633,0.28,3.116,50.47,10.084,27.437,25.211
425.548,287.568,61.055,0.0,1008.458,292.878,13.048,83.585,262.768,10.72,0.981,0.187,7.362,91.378,7.852,33.473,42.702
342.081,177.635,24.668,11.323,962.767,569.336,12.926,60.788,170.888,18.711,0.334,0.034,2.898,39.326,18.839,28.794,37.383
556.672,125.325,31.192,0.0,843.986,365.16,13.093,85.966,213.051,11.435,0.573,0.024,1.649,36.759,7.702,27.396,22.161
283.761,184.24,24.571,50.436,738.946,841.749,14.744,53.723,140.835,36.475,0.066,0.225,2.042,42.669,20.55,31.522,34.908
381.777,177.824,37.952,0.0,1086.306,401.088,12.707,71.265,188.529,11.847,0.62,0.026,4.747,36.488,20.257,26.706,45.309
259.132,170.194,38.715,63.188,713.868,925.234,13.5,35.637,140.633,18.974,0.0,0.0,0.0,0.0,18.007,28.01,32.697
