FA1,GGBS,SF,MK,FA2,CA,Molarity,NaOH,Na2SiO3,Water,F_V (vol%),F_D,F_L,F_M,days,Tem,Com
104.5,703.0,0.0,0.0,1108.0,0.0,14.0,133.0,199.5,266.0,0.0,0.0,0.0,0.0,28.0,20,86.0
104.5,703.0,0.0,0.0,1108.0,0.0,14.0,133.0,199.5,266.0,0.05,0.04,12.0,208.0,28.0,20,89.0
104.5,703.0,0.0,0.0,1108.0,0.0,14.0,133.0,199.5,266.0,0.1,0.04,12.0,208.0,28.0,20,92.0
104.5,703.0,0.0,0.0,1108.0,0.0,14.0,133.0,199.5,266.0,0.15,0.04,12.0,208.0,28.0,20,96.0
104.5,703.0,0.0,0.0,1108.0,0.0,14.0,133.0,199.5,266.0,0.2,0.04,12.0,208.0,28.0,20,95.0
104.5,703.0,0.0,0.0,1108.0,0.0,14.0,133.0,199.5,266.0,0.25,0.04,12.0,208.0,28.0,20,93.0
104.5,703.0,0.0,0.0,1108.0,0.0,14.0,133.0,199.5,266.0,0.3,0.04,12.0,208.0,28.0,20,90.0
240.0,160.0,0.0,0.0,630.0,1100.0,14.0,69.0,172.0,0.0,0.0,0.0,0.0,0.0,28.0,20,50.0
240.0,160.0,0.0,0.0,630.0,1100.0,14.0,69.0,172.0,0.0,0.0,0.0,0.0,0.0,28.0,20,55.0
420.0,0.0,0.0,0.0,630.0,945.0,14.0,25.5,163.5,128.5,0.0,0.0,0.0,0.0,28.0,20,43.0
113.0,315.0,0.0,0.0,776.0,1460.0,14.0,22.6,121.0,0.0,0.025,0.2,13.0,208.0,28.0,20,51.21
400.0,0.0,0.0,0.0,0.0,1050.0,14.0,120.0,120.0,0.0,0.0,0.0,0.0,0.0,28.0,20,48.9
400.0,0.0,0.0,0.0,0.0,1050.0,14.0,120.0,120.0,0.0,0.0,0.0,0.0,0.0,28.0,20,54.3
400.0,0.0,0.0,0.0,0.0,1050.0,14.0,120.0,120.0,0.0,0.0,0.0,0.0,0.0,28.0,20,50.4
400.0,0.0,0.0,0.0,0.0,1050.0,14.0,120.0,120.0,0.0,0.0,0.0,0.0,0.0,28.0,20,48.8
400.0,0.0,0.0,0.0,0.0,1050.0,14.0,120.0,120.0,0.0,0.5,0.55,35.0,210.0,28.0,20,59.5
400.0,0.0,0.0,0.0,0.0,1050.0,14.0,120.0,120.0,0.0,0.5,0.55,35.0,210.0,28.0,20,64.2
400.0,0.0,0.0,0.0,0.0,1050.0,14.0,120.0,120.0,0.0,0.5,0.55,35.0,210.0,28.0,20,57.6
400.0,0.0,0.0,0.0,0.0,1050.0,14.0,120.0,120.0,0.0,0.5,0.55,35.0,210.0,28.0,20,56.0
400.0,0.0,0.0,0.0,0.0,1050.0,14.0,120.0,120.0,0.0,1.0,0.55,35.0,210.0,28.0,20,60.6
400.0,0.0,0.0,0.0,0.0,1050.0,14.0,120.0,120.0,0.0,1.0,0.55,35.0,210.0,28.0,20,66.1
400.0,0.0,0.0,0.0,0.0,1050.0,14.0,120.0,120.0,0.0,1.0,0.55,35.0,210.0,28.0,20,59.2
400.0,0.0,0.0,0.0,0.0,1050.0,14.0,120.0,120.0,0.0,1.0,0.55,35.0,210.0,28.0,20,57.9
280.0,120.0,0.0,0.0,650.0,1220.0,14.0,51.0,129.0,0.0,0.0,0.0,0.0,0.0,28.0,20,53.9
280.0,120.0,0.0,0.0,650.0,1220.0,14.0,51.0,129.0,0.0,1.0,0.65,35.0,50.0,28.0,20,56.1
280.0,120.0,0.0,0.0,650.0,1220.0,14.0,51.0,129.0,0.0,2.0,0.65,35.0,50.0,28.0,20,46.6
280.0,120.0,0.0,0.0,650.0,1220.0,14.0,51.0,129.0,0.0,1.0,0.65,20.0,50.0,28.0,20,50.5
280.0,120.0,0.0,0.0,650.0,1220.0,14.0,51.0,129.0,0.0,1.0,0.65,50.0,50.0,28.0,20,41.3
444.4,111.1,0.0,0.0,674.1,1243.0,14.0,25.8,175.0,0.0,0.0,0.0,0.0,0.0,7.0,20,39.1
444.4,111.1,0.0,0.0,674.1,1243.0,14.0,25.8,175.0,0.0,0.5,0.3,13.0,205.0,7.0,20,40.5
444.4,111.1,0.0,0.0,674.1,1243.0,14.0,25.8,175.0,0.0,1.0,0.3,13.0,205.0,7.0,20,42.6
444.4,111.1,0.0,0.0,674.1,1243.0,14.0,28.6,194.0,0.0,1.0,0.3,13.0,205.0,7.0,20,34.1
444.4,111.1,0.0,0.0,674.1,1243.0,14.0,31.5,214.0,0.0,1.0,0.3,13.0,205.0,7.0,20,30.2
444.4,111.1,0.0,0.0,674.1,1243.0,14.0,25.8,175.0,0.0,1.5,0.3,13.0,205.0,7.0,20,43.5
444.4,111.1,0.0,0.0,674.1,1243.0,14.0,25.8,175.0,0.0,2.0,0.3,13.0,205.0,7.0,20,45.1
444.4,111.1,0.0,0.0,674.1,1243.0,14.0,25.8,175.0,0.0,0.0,0.0,0.0,0.0,28.0,20,47.7
444.4,111.1,0.0,0.0,674.1,1243.0,14.0,25.8,175.0,0.0,0.5,0.3,13.0,205.0,28.0,20,50.1
444.4,111.1,0.0,0.0,674.1,1243.0,14.0,25.8,175.0,0.0,1.0,0.3,13.0,205.0,28.0,20,52.4
444.4,111.1,0.0,0.0,674.1,1243.0,14.0,28.6,194.0,0.0,1.0,0.3,13.0,205.0,28.0,20,42.3
444.4,111.1,0.0,0.0,674.1,1243.0,14.0,31.5,214.0,0.0,1.0,0.3,13.0,205.0,28.0,20,37.4
444.4,111.1,0.0,0.0,674.1,1243.0,14.0,25.8,175.0,0.0,1.5,0.3,13.0,205.0,28.0,20,54.3
444.4,111.1,0.0,0.0,674.1,1243.0,14.0,25.8,175.0,0.0,2.0,0.3,13.0,205.0,28.0,20,56.4
66.0,352.0,22.0,0.0,658.0,985.0,14.0,18.78,35.13,0.0,0.0,0.0,0.0,0.0,7.0,20,43.4
66.0,352.0,22.0,0.0,658.0,985.0,14.0,18.78,35.13,0.0,0.3,0.017,6.0,86.1,7.0,20,45.0
66.0,352.0,22.0,0.0,658.0,985.0,14.0,18.78,35.13,0.0,0.6,0.017,6.0,86.1,7.0,20,46.5
66.0,352.0,22.0,0.0,658.0,985.0,14.0,18.78,35.13,0.0,0.9,0.017,6.0,86.1,7.0,20,44.3
66.0,352.0,22.0,0.0,658.0,985.0,14.0,18.78,35.13,0.0,0.3,0.017,12.0,86.1,7.0,20,44.7
66.0,352.0,22.0,0.0,658.0,985.0,14.0,18.78,35.13,0.0,0.6,0.017,12.0,86.1,7.0,20,47.1
66.0,352.0,22.0,0.0,658.0,985.0,14.0,18.78,35.13,0.0,0.9,0.017,12.0,86.1,7.0,20,44.6
66.0,352.0,22.0,0.0,658.0,985.0,14.0,18.78,35.13,0.0,0.3,0.017,18.0,86.1,7.0,20,43.6
66.0,352.0,22.0,0.0,658.0,985.0,14.0,18.78,35.13,0.0,0.6,0.017,18.0,86.1,7.0,20,42.7
66.0,352.0,22.0,0.0,658.0,985.0,14.0,18.78,35.13,0.0,0.9,0.017,18.0,86.1,7.0,20,40.2
66.0,352.0,22.0,0.0,658.0,985.0,14.0,18.78,35.13,0.0,0.0,0.0,0.0,0.0,3.0,20,37.1
66.0,352.0,22.0,0.0,658.0,985.0,14.0,18.78,35.13,0.0,0.3,0.017,6.0,86.1,3.0,20,38.7
66.0,352.0,22.0,0.0,658.0,985.0,14.0,18.78,35.13,0.0,0.6,0.017,6.0,86.1,3.0,20,39.6
66.0,352.0,22.0,0.0,658.0,985.0,14.0,18.78,35.13,0.0,0.9,0.017,6.0,86.1,3.0,20,37.9
66.0,352.0,22.0,0.0,658.0,985.0,14.0,18.78,35.13,0.0,0.3,0.017,12.0,86.1,3.0,20,38.4
66.0,352.0,22.0,0.0,658.0,985.0,14.0,18.78,35.13,0.0,0.6,0.017,12.0,86.1,3.0,20,40.3
66.0,352.0,22.0,0.0,658.0,985.0,14.0,18.78,35.13,0.0,0.9,0.017,12.0,86.1,3.0,20,38.1
66.0,352.0,22.0,0.0,658.0,985.0,14.0,18.78,35.13,0.0,0.3,0.017,18.0,86.1,3.0,20,37.3
66.0,352.0,22.0,0.0,658.0,985.0,14.0,18.78,35.13,0.0,0.6,0.017,18.0,86.1,3.0,20,36.2
66.0,352.0,22.0,0.0,658.0,985.0,14.0,18.78,35.13,0.0,0.9,0.017,18.0,86.1,3.0,20,34.2
66.0,352.0,22.0,0.0,658.0,985.0,14.0,18.78,35.13,0.0,0.0,0.0,0.0,0.0,28.0,20,52.3
66.0,352.0,22.0,0.0,658.0,985.0,14.0,18.78,35.13,0.0,0.3,0.017,6.0,86.1,28.0,20,54.73
66.0,352.0,22.0,0.0,658.0,985.0,14.0,18.78,35.13,0.0,0.6,0.017,6.0,86.1,28.0,20,56.23
66.0,352.0,22.0,0.0,658.0,985.0,14.0,18.78,35.13,0.0,0.9,0.017,6.0,86.1,28.0,20,53.67
66.0,352.0,22.0,0.0,658.0,985.0,14.0,18.78,35.13,0.0,0.3,0.017,12.0,86.1,28.0,20,54.41
66.0,352.0,22.0,0.0,658.0,985.0,14.0,18.78,35.13,0.0,0.6,0.017,12.0,86.1,28.0,20,57.02
66.0,352.0,22.0,0.0,658.0,985.0,14.0,18.78,35.13,0.0,0.9,0.017,12.0,86.1,28.0,20,54.14
66.0,352.0,22.0,0.0,658.0,985.0,14.0,18.78,35.13,0.0,0.3,0.017,18.0,86.1,28.0,20,52.67
66.0,352.0,22.0,0.0,658.0,985.0,14.0,18.78,35.13,0.0,0.6,0.017,18.0,86.1,28.0,20,51.43
66.0,352.0,22.0,0.0,658.0,985.0,14.0,18.78,35.13,0.0,0.9,0.017,18.0,86.1,28.0,20,48.63
340.0,60.0,0.0,0.0,610.0,1100.0,12.0,69.0,172.0,0.0,0.0,0.0,0.0,0.0,28.0,20,53.0
340.0,60.0,0.0,0.0,610.0,1100.0,12.0,69.0,172.0,0.0,0.5,0.55,35.0,210.0,28.0,20,52.4
340.0,60.0,0.0,0.0,610.0,1100.0,12.0,69.0,172.0,0.0,0.5,0.55,35.0,210.0,28.0,20,52.4
340.0,60.0,0.0,0.0,610.0,1100.0,12.0,69.0,172.0,0.0,0.5,0.3,48.0,10.0,28.0,20,50.0
340.0,60.0,0.0,0.0,610.0,1100.0,12.0,69.0,172.0,0.0,1.0,0.3,48.0,10.0,28.0,20,51.1
240.0,160.0,0.0,0.0,630.0,1100.0,12.0,69.0,172.0,0.0,0.0,0.0,0.0,0.0,28.0,20,65.0
240.0,160.0,0.0,0.0,630.0,1100.0,12.0,69.0,172.0,0.0,0.5,0.85,65.0,3.0,28.0,20,59.0
0.0,315.0,0.0,135.0,750.0,610.0,14.0,2.0,0.0,0.0,0.0,0.0,0.0,0.0,28.0,20,25.8
0.0,315.0,0.0,135.0,750.0,610.0,14.0,2.0,0.0,0.0,0.5,0.8,35.0,205.0,28.0,20,29.8
0.0,315.0,0.0,135.0,750.0,610.0,14.0,2.0,0.0,0.0,1.0,0.8,35.0,205.0,28.0,20,30.1
0.0,315.0,0.0,135.0,750.0,610.0,14.0,2.0,0.0,0.0,1.5,0.8,35.0,205.0,28.0,20,30.8
565.6,99.8,31.6,0.0,1331.0,0.0,14.0,66.4,16.8,182.9,1.5,0.04,12.0,41.0,28.0,20,5.3
565.6,99.8,31.6,0.0,1331.0,0.0,14.0,66.4,16.8,182.9,1.5,0.04,12.0,41.0,28.0,20,17.8
549.7,97.0,37.2,0.0,1293.0,0.0,14.0,76.3,14.9,178.6,1.5,0.04,12.0,41.0,28.0,20,34.7
431.0,287.0,42.0,0.0,1182.0,0.0,14.0,67.0,0.0,206.0,1.5,0.04,12.0,41.0,28.0,20,41.4
431.0,287.0,42.0,0.0,1182.0,0.0,14.0,67.0,0.0,206.0,1.5,0.04,12.0,41.0,7.0,20,21.9
431.0,287.0,42.0,0.0,1182.0,0.0,14.0,67.0,0.0,206.0,0.0,0.0,0.0,0.0,28.0,20,49.6
431.0,287.0,42.0,0.0,1182.0,0.0,14.0,67.0,0.0,206.0,0.0,0.0,0.0,0.0,7.0,20,25.2
431.0,287.0,42.0,0.0,1182.0,0.0,14.0,67.0,0.0,206.0,0.0,0.0,0.0,0.0,84.0,20,57.4
431.0,287.0,42.0,0.0,1182.0,0.0,14.0,67.0,0.0,206.0,1.5,0.04,12.0,41.0,28.0,20,41.0
431.0,287.0,42.0,0.0,1182.0,0.0,14.0,67.0,0.0,206.0,3.0,0.04,12.0,41.0,28.0,20,39.5
431.0,287.0,42.0,0.0,1182.0,0.0,14.0,67.0,0.0,206.0,4.5,0.04,12.0,41.0,28.0,20,44.9
431.0,287.0,42.0,0.0,1182.0,0.0,14.0,67.0,0.0,206.0,1.5,0.04,12.0,41.0,7.0,20,24.1
431.0,287.0,42.0,0.0,1182.0,0.0,14.0,67.0,0.0,206.0,1.5,0.04,12.0,41.0,84.0,20,49.0
0.0,1175.0,176.0,0.0,216.0,0.0,14.0,63.0,190.0,396.0,2.0,0.2,19.5,205.0,28.0,20,139.0
0.0,1062.0,159.0,0.0,391.0,0.0,14.0,56.0,168.0,349.0,2.0,0.2,19.5,205.0,28.0,20,142.1
0.0,971.0,146.0,0.0,536.0,0.0,14.0,50.0,151.0,315.0,2.0,0.2,19.5,205.0,28.0,20,145.5
0.0,895.0,134.0,0.0,659.0,0.0,14.0,47.0,140.0,291.0,2.0,0.2,19.5,205.0,28.0,20,146.9
0.0,831.0,125.0,0.0,764.0,0.0,14.0,43.0,130.0,270.0,2.0,0.2,19.5,205.0,28.0,20,160.7
0.0,860.0,285.0,0.0,850.0,0.0,14.0,14.0,49.0,0.0,1.0,0.12,15.0,230.0,28.0,20,140.0
0.0,860.0,285.0,0.0,850.0,0.0,14.0,14.0,49.0,0.0,1.25,0.12,15.0,230.0,28.0,20,147.0
0.0,860.0,285.0,0.0,850.0,0.0,14.0,14.0,49.0,0.0,1.5,0.12,15.0,230.0,28.0,20,144.0
0.0,860.0,285.0,0.0,850.0,0.0,14.0,14.0,49.0,0.0,1.75,0.12,15.0,230.0,28.0,20,152.0
0.0,860.0,285.0,0.0,850.0,0.0,14.0,14.0,49.0,0.0,2.0,0.12,15.0,230.0,28.0,20,150.0
0.0,860.0,285.0,0.0,850.0,0.0,14.0,14.0,49.0,0.0,2.25,0.12,15.0,230.0,28.0,20,162.0
492.0,0.0,0.0,0.0,662.0,1324.0,10.0,123.3,246.6,0.0,0.0,0.0,0.0,0.0,28.0,20,43.2
492.0,0.0,0.0,0.0,662.0,1324.0,10.0,123.3,246.6,0.0,0.25,0.3,20.0,1.0,28.0,20,44.91
492.0,0.0,0.0,0.0,662.0,1324.0,10.0,123.3,246.6,0.0,0.5,0.3,20.0,1.0,28.0,20,46.43
492.0,0.0,0.0,0.0,662.0,1324.0,10.0,123.3,246.6,0.0,0.75,0.3,20.0,1.0,28.0,20,48.0
492.0,0.0,0.0,0.0,662.0,1324.0,10.0,123.3,246.6,0.0,1.0,0.3,20.0,1.0,28.0,20,48.1
492.0,0.0,0.0,0.0,662.0,1324.0,10.0,123.3,246.6,0.0,1.25,0.3,20.0,1.0,28.0,20,49.44
492.0,0.0,0.0,0.0,662.0,1324.0,10.0,123.3,246.6,0.0,1.5,0.3,20.0,1.0,28.0,20,46.21
252.0,168.0,0.0,0.0,550.0,1220.0,14.0,66.0,165.0,0.0,0.0,0.0,0.0,0.0,28.0,20,55.0
252.0,168.0,0.0,0.0,550.0,1220.0,14.0,66.0,165.0,0.0,0.25,14.5,14.0,120.0,28.0,20,46.0
252.0,168.0,0.0,0.0,550.0,1220.0,14.0,66.0,165.0,0.0,0.5,14.5,14.0,120.0,28.0,20,57.0
252.0,168.0,0.0,0.0,550.0,1220.0,14.0,66.0,165.0,0.0,0.75,14.5,14.0,120.0,28.0,20,60.0
340.0,60.0,0.0,0.0,795.0,963.0,14.0,51.3,128.7,38.6,0.0,0.0,0.0,0.0,28.0,20,50.4
340.0,60.0,0.0,0.0,795.0,963.0,14.0,51.3,128.7,38.6,0.5,0.022,18.0,3.5,28.0,20,48.0
340.0,60.0,0.0,0.0,795.0,963.0,14.0,51.3,128.7,38.6,0.5,0.022,19.0,3.5,28.0,20,47.3
340.0,60.0,0.0,0.0,795.0,963.0,14.0,51.3,128.7,38.6,0.5,0.022,51.0,3.5,28.0,20,47.3
635.0,0.0,0.0,0.0,635.0,315.0,14.0,226.78,90.71,50.0,0.0,0.0,0.0,0.0,28.0,20,25.92
635.0,0.0,0.0,0.0,635.0,315.0,14.0,226.78,90.71,50.0,0.5,12.0,35.0,205.0,28.0,20,27.79
408.0,0.0,0.0,0.0,600.0,1248.0,14.0,41.0,103.0,14.5,0.0,0.0,0.0,0.0,28.0,20,37.0
408.0,0.0,0.0,0.0,600.0,1248.0,14.0,41.0,103.0,16.0,0.25,0.5,30.0,205.0,28.0,20,38.4
408.0,0.0,0.0,0.0,600.0,1248.0,14.0,41.0,103.0,16.0,0.5,0.5,30.0,205.0,28.0,20,41.2
408.0,0.0,0.0,0.0,600.0,1248.0,14.0,41.0,103.0,18.0,0.75,0.5,30.0,205.0,28.0,20,42.5
408.0,0.0,0.0,0.0,600.0,1248.0,14.0,41.0,103.0,18.0,1.0,0.5,30.0,205.0,28.0,20,43.8
416.5,0.0,0.0,0.0,555.0,1309.0,14.0,42.0,104.0,20.0,0.15,0.012,12.0,80.0,7.0,20,41.5
416.0,0.0,0.0,0.0,554.0,1307.0,14.0,42.0,104.0,22.0,0.3,0.012,12.0,80.0,7.0,20,42.0
415.0,0.0,0.0,0.0,553.0,1305.0,14.0,42.0,104.0,24.0,0.5,0.012,12.0,80.0,7.0,20,42.6
416.0,0.0,0.0,0.0,554.0,1309.0,14.0,42.0,104.0,20.0,0.25,0.5,25.0,205.0,7.0,20,40.7
415.0,0.0,0.0,0.0,553.0,1303.0,14.0,42.0,104.0,21.0,0.5,0.5,25.0,205.0,7.0,20,41.9
414.0,0.0,0.0,0.0,551.0,1301.0,14.0,42.0,104.0,22.0,0.75,0.5,25.0,205.0,7.0,20,42.9
413.0,0.0,0.0,0.0,550.0,1297.0,14.0,42.0,104.0,24.0,1.0,0.5,25.0,205.0,7.0,20,43.8
416.5,0.0,0.0,0.0,555.0,1309.0,14.0,42.0,104.0,20.0,0.15,0.012,12.0,80.0,28.0,20,51.82
416.0,0.0,0.0,0.0,554.0,1307.0,14.0,42.0,104.0,22.0,0.3,0.012,12.0,80.0,28.0,20,52.73
415.0,0.0,0.0,0.0,553.0,1305.0,14.0,42.0,104.0,24.0,0.5,0.012,12.0,80.0,28.0,20,53.52
416.0,0.0,0.0,0.0,554.0,1309.0,14.0,42.0,104.0,20.0,0.25,0.5,25.0,205.0,28.0,20,52.07
415.0,0.0,0.0,0.0,553.0,1303.0,14.0,42.0,104.0,21.0,0.5,0.5,25.0,205.0,28.0,20,53.78
414.0,0.0,0.0,0.0,551.0,1301.0,14.0,42.0,104.0,22.0,0.75,0.5,25.0,205.0,28.0,20,54.62
413.0,0.0,0.0,0.0,550.0,1297.0,14.0,42.0,104.0,24.0,1.0,0.5,25.0,205.0,28.0,20,55.17
270.0,180.0,0.0,0.0,550.0,1281.0,14.0,45.0,112.5,86.4,1.5,0.14,19.0,70.0,28.0,20,52.0
270.0,180.0,0.0,0.0,552.0,1295.0,14.0,45.0,112.5,86.4,0.0,0.0,0.0,0.0,7.0,20,34.5
270.0,180.0,0.0,0.0,550.0,1281.0,14.0,45.0,112.5,86.4,1.5,0.14,19.0,70.0,7.0,20,33.7
270.0,180.0,0.0,0.0,552.0,1295.0,14.0,45.0,112.5,86.4,0.0,0.0,0.0,0.0,56.0,20,58.7
270.0,180.0,0.0,0.0,550.0,1281.0,14.0,45.0,112.5,86.4,1.5,0.14,19.0,70.0,56.0,20,57.0
184.0,184.0,41.0,0.0,0.0,0.0,14.0,70.0,101.0,0.0,0.0,0.0,0.0,0.0,28.0,20,41.3
184.0,184.0,41.0,0.0,0.0,0.0,14.0,70.0,101.0,0.0,1.5,0.5,30.0,205.0,28.0,20,62.1
184.0,184.0,41.0,0.0,0.0,0.0,14.0,70.0,101.0,0.0,1.5,1.0,50.0,205.0,28.0,20,71.9
500.0,0.0,0.0,0.0,760.0,855.0,14.0,0.0,105.0,145.0,0.0,0.0,0.0,0.0,28.0,20,47.18
500.0,0.0,0.0,0.0,760.0,855.0,14.0,0.0,105.0,145.0,0.5,0.4,20.0,3.0,28.0,20,52.5
340.0,60.0,0.0,0.0,605.5,1122.3,14.0,57.0,143.0,0.0,0.0,0.0,0.0,0.0,28.0,20,49.7
340.0,60.0,0.0,0.0,605.5,1122.3,14.0,69.0,171.0,0.0,1.0,0.55,35.0,205.0,28.0,20,46.8
240.0,160.0,0.0,0.0,630.0,1100.0,14.0,69.0,172.0,0.0,0.0,0.0,0.0,0.0,28.0,20,44.0
240.0,160.0,0.0,0.0,630.0,1100.0,14.0,69.0,172.0,0.0,0.375,0.9,60.0,210.0,28.0,20,64.0
240.0,160.0,0.0,0.0,630.0,1100.0,14.0,69.0,172.0,0.0,0.375,0.66,35.0,210.0,28.0,20,70.0
240.0,160.0,0.0,0.0,630.0,1100.0,14.0,69.0,172.0,0.0,0.75,0.66,35.0,210.0,28.0,20,61.0
240.0,160.0,0.0,0.0,630.0,1100.0,14.0,69.0,172.0,0.0,1.5,0.66,35.0,210.0,28.0,20,62.0
408.0,0.0,0.0,0.0,600.0,1248.0,14.0,41.0,103.0,14.5,0.0,0.0,0.0,0.0,28.0,20,37.0
408.0,0.0,0.0,0.0,600.0,1248.0,14.0,41.0,103.0,16.0,0.25,0.5,30.0,205.0,28.0,20,38.4
408.0,0.0,0.0,0.0,600.0,1248.0,14.0,41.0,103.0,16.0,0.5,0.5,30.0,205.0,28.0,20,41.2
408.0,0.0,0.0,0.0,600.0,1248.0,14.0,41.0,103.0,18.0,0.75,0.5,30.0,205.0,28.0,20,42.5
408.0,0.0,0.0,0.0,600.0,1248.0,14.0,41.0,103.0,18.0,1.0,0.5,30.0,205.0,28.0,20,43.8
455.0,0.0,0.0,0.0,1250.0,0.0,14.0,171.0,171.0,0.0,0.0,0.0,0.0,0.0,28.0,20,30.0
455.0,0.0,0.0,0.0,1250.0,0.0,14.0,171.0,171.0,0.0,0.5,0.179,38.0,20.0,28.0,20,35.0
455.0,0.0,0.0,0.0,1250.0,0.0,14.0,171.0,171.0,0.0,0.75,0.179,38.0,20.0,28.0,20,33.3
455.0,0.0,0.0,0.0,1250.0,0.0,14.0,171.0,171.0,0.0,1.0,0.179,38.0,20.0,28.0,20,33.0
455.0,0.0,0.0,0.0,1250.0,0.0,14.0,171.0,171.0,0.0,0.5,0.117,38.0,10.0,28.0,20,32.5
455.0,0.0,0.0,0.0,1250.0,0.0,14.0,171.0,171.0,0.0,0.75,0.117,38.0,10.0,28.0,20,28.0
455.0,0.0,0.0,0.0,1250.0,0.0,14.0,171.0,171.0,0.0,1.0,0.117,38.0,10.0,28.0,20,25.0
455.0,0.0,0.0,0.0,1250.0,0.0,14.0,171.0,171.0,0.0,0.5,0.02,12.0,80.0,28.0,20,30.7
455.0,0.0,0.0,0.0,1250.0,0.0,14.0,171.0,171.0,0.0,0.75,0.02,12.0,80.0,28.0,20,30.0
455.0,0.0,0.0,0.0,1250.0,0.0,14.0,171.0,171.0,0.0,1.0,0.02,12.0,80.0,28.0,20,27.5
481.0,207.0,0.0,0.0,0.0,502.19,14.0,138.0,276.0,0.0,0.0,0.0,0.0,0.0,7.0,20,4.6
481.0,207.0,0.0,0.0,0.0,502.19,14.0,138.0,276.0,0.0,0.3,0.2,12.0,36.98,7.0,20,8.0
481.0,207.0,0.0,0.0,0.0,502.19,14.0,138.0,276.0,0.0,0.6,0.2,12.0,36.98,7.0,20,7.0
481.0,207.0,0.0,0.0,306.27,351.53,14.0,138.0,276.0,0.0,0.0,0.0,0.0,0.0,7.0,20,5.0
481.0,207.0,0.0,0.0,306.27,351.53,14.0,138.0,276.0,0.0,0.3,0.2,12.0,36.98,7.0,20,8.5
481.0,207.0,0.0,0.0,306.27,351.53,14.0,138.0,276.0,0.0,0.6,0.2,12.0,36.98,7.0,20,7.5
481.0,207.0,0.0,0.0,510.44,251.1,14.0,138.0,276.0,0.0,0.0,0.0,0.0,0.0,7.0,20,9.0
481.0,207.0,0.0,0.0,510.44,251.1,14.0,138.0,276.0,0.0,0.3,0.2,12.0,36.98,7.0,20,13.0
481.0,207.0,0.0,0.0,510.44,251.1,14.0,138.0,276.0,0.0,0.6,0.2,12.0,36.98,7.0,20,12.5
481.0,207.0,0.0,0.0,714.62,150.66,14.0,138.0,276.0,0.0,0.0,0.0,0.0,0.0,7.0,20,15.0
481.0,207.0,0.0,0.0,714.62,150.66,14.0,138.0,276.0,0.0,0.3,0.2,12.0,36.98,7.0,20,19.0
481.0,207.0,0.0,0.0,714.62,150.66,14.0,138.0,276.0,0.0,0.6,0.2,12.0,36.98,7.0,20,17.0
481.0,207.0,0.0,0.0,1020.88,0.0,14.0,138.0,276.0,0.0,0.0,0.0,0.0,0.0,7.0,20,27.0
481.0,207.0,0.0,0.0,1020.88,0.0,14.0,138.0,276.0,0.0,0.3,0.2,12.0,36.98,7.0,20,31.0
481.0,207.0,0.0,0.0,1020.88,0.0,14.0,138.0,276.0,0.0,0.6,0.2,12.0,36.98,7.0,20,29.5
481.0,207.0,0.0,0.0,0.0,502.19,14.0,138.0,276.0,0.0,0.0,0.0,0.0,0.0,28.0,20,7.0
481.0,207.0,0.0,0.0,0.0,502.19,14.0,138.0,276.0,0.0,0.3,0.2,12.0,36.98,28.0,20,10.5
481.0,207.0,0.0,0.0,0.0,502.19,14.0,138.0,276.0,0.0,0.6,0.2,12.0,36.98,28.0,20,7.5
481.0,207.0,0.0,0.0,306.27,351.53,14.0,138.0,276.0,0.0,0.0,0.0,0.0,0.0,28.0,20,7.5
481.0,207.0,0.0,0.0,306.27,351.53,14.0,138.0,276.0,0.0,0.3,0.2,12.0,36.98,28.0,20,11.0
481.0,207.0,0.0,0.0,306.27,351.53,14.0,138.0,276.0,0.0,0.6,0.2,12.0,36.98,28.0,20,8.0
481.0,207.0,0.0,0.0,510.44,251.1,14.0,138.0,276.0,0.0,0.0,0.0,0.0,0.0,28.0,20,11.0
481.0,207.0,0.0,0.0,510.44,251.1,14.0,138.0,276.0,0.0,0.3,0.2,12.0,36.98,28.0,20,13.5
481.0,207.0,0.0,0.0,510.44,251.1,14.0,138.0,276.0,0.0,0.6,0.2,12.0,36.98,28.0,20,13.0
481.0,207.0,0.0,0.0,714.62,150.66,14.0,138.0,276.0,0.0,0.0,0.0,0.0,0.0,28.0,20,17.1
481.0,207.0,0.0,0.0,714.62,150.66,14.0,138.0,276.0,0.0,0.3,0.2,12.0,36.98,28.0,20,19.0
481.0,207.0,0.0,0.0,714.62,150.66,14.0,138.0,276.0,0.0,0.6,0.2,12.0,36.98,28.0,20,18.0
481.0,207.0,0.0,0.0,1020.88,0.0,14.0,138.0,276.0,0.0,0.0,0.0,0.0,0.0,28.0,20,28.0
481.0,207.0,0.0,0.0,1020.88,0.0,14.0,138.0,276.0,0.0,0.3,0.2,12.0,36.98,28.0,20,34.0
481.0,207.0,0.0,0.0,1020.88,0.0,14.0,138.0,276.0,0.0,0.6,0.2,12.0,36.98,28.0,20,32.5
1000.0,0.0,0.0,0.0,0.0,0.0,10.0,214.5,535.5,0.0,2.0,0.04,8.0,40.0,28.0,20,19.13
1000.0,0.0,0.0,0.0,0.0,0.0,10.0,214.5,535.5,0.0,2.0,0.04,8.0,40.0,28.0,20,23.72
1000.0,0.0,0.0,0.0,0.0,0.0,10.0,214.5,535.5,0.0,2.0,0.04,8.0,40.0,28.0,20,23.95
1000.0,0.0,0.0,0.0,0.0,0.0,10.0,214.5,535.5,0.0,2.0,0.04,8.0,40.0,28.0,20,16.42
350.0,150.0,0.0,0.0,1250.0,0.0,14.0,26.1,270.4,59.3,0.0,0.0,0.0,0.0,28.0,20,36.0
350.0,150.0,0.0,0.0,1250.0,0.0,14.0,26.1,270.4,59.3,0.1,0.024,12.0,3.0,28.0,20,36.8
350.0,150.0,0.0,0.0,1250.0,0.0,14.0,26.1,270.4,59.3,0.2,0.024,12.0,3.0,28.0,20,38.5
350.0,150.0,0.0,0.0,1250.0,0.0,14.0,26.1,270.4,59.3,0.3,0.024,12.0,3.0,28.0,20,38.0
350.0,150.0,0.0,0.0,1250.0,0.0,14.0,26.1,270.4,59.3,0.4,0.024,12.0,3.0,28.0,20,37.5
350.0,150.0,0.0,0.0,1250.0,0.0,14.0,26.1,270.4,59.3,0.1,0.0175,12.0,100.0,28.0,20,35.2
350.0,150.0,0.0,0.0,1250.0,0.0,14.0,26.1,270.4,59.3,0.2,0.0175,12.0,100.0,28.0,20,36.5
350.0,150.0,0.0,0.0,1250.0,0.0,14.0,26.1,270.4,59.3,0.3,0.0175,12.0,100.0,28.0,20,37.5
350.0,150.0,0.0,0.0,1250.0,0.0,14.0,26.1,270.4,59.3,0.4,0.0175,12.0,100.0,28.0,20,39.2
350.0,150.0,0.0,0.0,1250.0,0.0,14.0,26.1,270.4,59.3,0.5,0.0175,12.0,100.0,28.0,20,37.9
350.0,150.0,0.0,0.0,1250.0,0.0,14.0,26.1,270.4,59.3,0.1,0.2,13.0,205.0,28.0,20,33.5
350.0,150.0,0.0,0.0,1250.0,0.0,14.0,26.1,270.4,59.3,0.2,0.2,13.0,205.0,28.0,20,34.3
350.0,150.0,0.0,0.0,1250.0,0.0,14.0,26.1,270.4,59.3,0.3,0.2,13.0,205.0,28.0,20,35.1
350.0,150.0,0.0,0.0,1250.0,0.0,14.0,26.1,270.4,59.3,0.4,0.2,13.0,205.0,28.0,20,38.1
350.0,150.0,0.0,0.0,1250.0,0.0,14.0,26.1,270.4,59.3,0.5,0.2,13.0,205.0,28.0,20,35.8
350.0,150.0,0.0,0.0,1250.0,0.0,14.0,26.1,270.4,59.3,0.0,0.0,0.0,0.0,7.0,20,17.5
350.0,150.0,0.0,0.0,1250.0,0.0,14.0,26.1,270.4,59.3,0.1,0.024,12.0,3.0,7.0,20,18.0
350.0,150.0,0.0,0.0,1250.0,0.0,14.0,26.1,270.4,59.3,0.2,0.024,12.0,3.0,7.0,20,18.0
350.0,150.0,0.0,0.0,1250.0,0.0,14.0,26.1,270.4,59.3,0.3,0.024,12.0,3.0,7.0,20,13.0
350.0,150.0,0.0,0.0,1250.0,0.0,14.0,26.1,270.4,59.3,0.4,0.024,12.0,3.0,7.0,20,13.5
350.0,150.0,0.0,0.0,1250.0,0.0,14.0,26.1,270.4,59.3,0.1,0.0175,12.0,100.0,7.0,20,22.5
350.0,150.0,0.0,0.0,1250.0,0.0,14.0,26.1,270.4,59.3,0.2,0.0175,12.0,100.0,7.0,20,23.0
350.0,150.0,0.0,0.0,1250.0,0.0,14.0,26.1,270.4,59.3,0.3,0.0175,12.0,100.0,7.0,20,22.0
350.0,150.0,0.0,0.0,1250.0,0.0,14.0,26.1,270.4,59.3,0.4,0.0175,12.0,100.0,7.0,20,23.0
350.0,150.0,0.0,0.0,1250.0,0.0,14.0,26.1,270.4,59.3,0.5,0.0175,12.0,100.0,7.0,20,22.0
350.0,150.0,0.0,0.0,1250.0,0.0,14.0,26.1,270.4,59.3,0.1,0.2,13.0,205.0,7.0,20,21.8
350.0,150.0,0.0,0.0,1250.0,0.0,14.0,26.1,270.4,59.3,0.2,0.2,13.0,205.0,7.0,20,22.5
350.0,150.0,0.0,0.0,1250.0,0.0,14.0,26.1,270.4,59.3,0.3,0.2,13.0,205.0,7.0,20,24.3
350.0,150.0,0.0,0.0,1250.0,0.0,14.0,26.1,270.4,59.3,0.4,0.2,13.0,205.0,7.0,20,24.8
350.0,150.0,0.0,0.0,1250.0,0.0,14.0,26.1,270.4,59.3,0.5,0.2,13.0,205.0,7.0,20,25.6
350.0,150.0,0.0,0.0,1250.0,0.0,14.0,26.1,270.4,59.3,0.0,0.0,0.0,0.0,3.0,20,14.5
350.0,150.0,0.0,0.0,1250.0,0.0,14.0,26.1,270.4,59.3,0.1,0.024,12.0,3.0,3.0,20,14.0
350.0,150.0,0.0,0.0,1250.0,0.0,14.0,26.1,270.4,59.3,0.2,0.024,12.0,3.0,3.0,20,13.2
350.0,150.0,0.0,0.0,1250.0,0.0,14.0,26.1,270.4,59.3,0.3,0.024,12.0,3.0,3.0,20,12.5
350.0,150.0,0.0,0.0,1250.0,0.0,14.0,26.1,270.4,59.3,0.4,0.024,12.0,3.0,3.0,20,12.0
350.0,150.0,0.0,0.0,1250.0,0.0,14.0,26.1,270.4,59.3,0.1,0.0175,12.0,100.0,3.0,20,15.0
350.0,150.0,0.0,0.0,1250.0,0.0,14.0,26.1,270.4,59.3,0.2,0.0175,12.0,100.0,3.0,20,14.8
350.0,150.0,0.0,0.0,1250.0,0.0,14.0,26.1,270.4,59.3,0.3,0.0175,12.0,100.0,3.0,20,13.7
350.0,150.0,0.0,0.0,1250.0,0.0,14.0,26.1,270.4,59.3,0.4,0.0175,12.0,100.0,3.0,20,12.5
350.0,150.0,0.0,0.0,1250.0,0.0,14.0,26.1,270.4,59.3,0.5,0.0175,12.0,100.0,3.0,20,15.0
350.0,150.0,0.0,0.0,1250.0,0.0,14.0,26.1,270.4,59.3,0.1,0.2,13.0,205.0,3.0,20,13.9
350.0,150.0,0.0,0.0,1250.0,0.0,14.0,26.1,270.4,59.3,0.2,0.2,13.0,205.0,3.0,20,15.0
350.0,150.0,0.0,0.0,1250.0,0.0,14.0,26.1,270.4,59.3,0.3,0.2,13.0,205.0,3.0,20,15.2
350.0,150.0,0.0,0.0,1250.0,0.0,14.0,26.1,270.4,59.3,0.4,0.2,13.0,205.0,3.0,20,15.8
350.0,150.0,0.0,0.0,1250.0,0.0,14.0,26.1,270.4,59.3,0.5,0.2,13.0,205.0,3.0,20,13.7
350.0,350.0,0.0,0.0,700.0,0.0,14.0,29.0,250.0,103.3,0.0,0.0,0.0,0.0,28.0,20,89.5
350.0,350.0,0.0,0.0,700.0,0.0,14.0,29.0,250.0,103.3,0.2,0.013,12.0,100.0,28.0,20,90.0
350.0,350.0,0.0,0.0,700.0,0.0,14.0,29.0,250.0,103.3,0.4,0.013,12.0,100.0,28.0,20,91.8
350.0,350.0,0.0,0.0,700.0,0.0,14.0,29.0,250.0,103.3,0.6,0.013,12.0,100.0,28.0,20,92.0
350.0,350.0,0.0,0.0,700.0,0.0,14.0,29.0,250.0,103.3,0.8,0.013,12.0,100.0,28.0,20,91.8
350.0,350.0,0.0,0.0,700.0,0.0,14.0,29.0,250.0,103.3,1.0,0.013,12.0,100.0,28.0,20,89.5
350.0,350.0,0.0,0.0,700.0,0.0,14.0,29.0,250.0,103.3,1.2,0.013,12.0,100.0,28.0,20,83.0
266.0,114.0,0.0,0.0,739.0,1109.0,8.0,49.0,122.0,101.0,0.0,0.0,0.0,0.0,7.0,20,21.93
266.0,114.0,0.0,0.0,739.0,1109.0,8.0,49.0,122.0,101.0,0.5,0.75,50.0,205.0,7.0,20,22.67
266.0,114.0,0.0,0.0,739.0,1109.0,8.0,49.0,122.0,101.0,1.0,0.75,50.0,205.0,7.0,20,24.74
266.0,114.0,0.0,0.0,739.0,1109.0,8.0,49.0,122.0,101.0,0.5,0.75,50.0,205.0,7.0,20,23.11
266.0,114.0,0.0,0.0,739.0,1109.0,8.0,49.0,122.0,101.0,2.0,0.75,50.0,205.0,7.0,20,20.22
266.0,114.0,0.0,0.0,739.0,1109.0,8.0,49.0,122.0,101.0,0.0,0.0,0.0,0.0,28.0,20,37.87
266.0,114.0,0.0,0.0,739.0,1109.0,8.0,49.0,122.0,101.0,0.5,0.75,50.0,205.0,28.0,20,39.82
266.0,114.0,0.0,0.0,739.0,1109.0,8.0,49.0,122.0,101.0,1.0,0.75,50.0,205.0,28.0,20,41.44
266.0,114.0,0.0,0.0,739.0,1109.0,8.0,49.0,122.0,101.0,0.5,0.75,50.0,205.0,28.0,20,36.3
266.0,114.0,0.0,0.0,739.0,1109.0,8.0,49.0,122.0,101.0,2.0,0.75,50.0,205.0,28.0,20,36.22
327.19,140.23,0.0,0.0,1168.55,0.0,8.0,53.42,133.55,0.0,0.0,0.0,0.0,0.0,7.0,20,38.5
327.19,140.23,0.0,0.0,1168.55,0.0,8.0,53.42,133.55,0.0,0.5,0.0074,9.0,3.0,7.0,20,35.5
327.19,140.23,0.0,0.0,1168.55,0.0,8.0,53.42,133.55,0.0,1.0,0.0074,9.0,3.0,7.0,20,37.5
327.19,140.23,0.0,0.0,1168.55,0.0,8.0,53.42,133.55,0.0,1.5,0.0074,9.0,3.0,7.0,20,38.0
327.19,140.23,0.0,0.0,1168.55,0.0,8.0,53.42,133.55,0.0,2.0,0.0074,9.0,3.0,7.0,20,40.0
327.19,140.23,0.0,0.0,1168.55,0.0,8.0,53.42,133.55,0.0,2.5,0.0074,9.0,3.0,7.0,20,32.0
327.19,140.23,0.0,0.0,1168.55,0.0,8.0,53.42,133.55,0.0,0.5,0.15,6.0,205.0,7.0,20,38.0
327.19,140.23,0.0,0.0,1168.55,0.0,8.0,53.42,133.55,0.0,1.0,0.15,6.0,205.0,7.0,20,41.0
327.19,140.23,0.0,0.0,1168.55,0.0,8.0,53.42,133.55,0.0,1.5,0.15,6.0,205.0,7.0,20,42.0
327.19,140.23,0.0,0.0,1168.55,0.0,8.0,53.42,133.55,0.0,2.0,0.15,6.0,205.0,7.0,20,43.0
327.19,140.23,0.0,0.0,1168.55,0.0,8.0,53.42,133.55,0.0,2.5,0.15,6.0,205.0,7.0,20,44.0
327.19,140.23,0.0,0.0,1168.55,0.0,8.0,53.42,133.55,0.0,0.0,0.0,0.0,0.0,28.0,20,54.3
327.19,140.23,0.0,0.0,1168.55,0.0,8.0,53.42,133.55,0.0,0.5,0.0074,9.0,3.0,28.0,20,49.61
327.19,140.23,0.0,0.0,1168.55,0.0,8.0,53.42,133.55,0.0,1.0,0.0074,9.0,3.0,28.0,20,50.8
327.19,140.23,0.0,0.0,1168.55,0.0,8.0,53.42,133.55,0.0,1.5,0.0074,9.0,3.0,28.0,20,52.4
327.19,140.23,0.0,0.0,1168.55,0.0,8.0,53.42,133.55,0.0,2.0,0.0074,9.0,3.0,28.0,20,54.16
327.19,140.23,0.0,0.0,1168.55,0.0,8.0,53.42,133.55,0.0,2.5,0.0074,9.0,3.0,28.0,20,48.93
327.19,140.23,0.0,0.0,1168.55,0.0,8.0,53.42,133.55,0.0,0.5,0.15,6.0,205.0,28.0,20,55.2
327.19,140.23,0.0,0.0,1168.55,0.0,8.0,53.42,133.55,0.0,1.0,0.15,6.0,205.0,28.0,20,56.47
327.19,140.23,0.0,0.0,1168.55,0.0,8.0,53.42,133.55,0.0,1.5,0.15,6.0,205.0,28.0,20,57.7
327.19,140.23,0.0,0.0,1168.55,0.0,8.0,53.42,133.55,0.0,2.0,0.15,6.0,205.0,28.0,20,59.64
327.19,140.23,0.0,0.0,1168.55,0.0,8.0,53.42,133.55,0.0,2.5,0.15,6.0,205.0,28.0,20,61.5
357.5,192.5,0.0,0.0,510.0,989.0,8.0,95.86,239.6,44.0,0.0,0.0,0.0,0.0,28.0,20,39.1
357.5,192.5,0.0,0.0,510.0,989.0,8.0,95.86,239.6,44.0,0.0,0.0,0.0,0.0,56.0,20,42.3
357.5,192.5,0.0,0.0,510.0,989.0,10.0,95.86,239.6,44.0,0.0,0.0,0.0,0.0,28.0,20,44.83
357.5,192.5,0.0,0.0,510.0,989.0,10.0,95.86,239.6,44.0,0.0,0.0,0.0,0.0,56.0,20,45.46
357.5,192.5,0.0,0.0,510.0,989.0,8.0,95.86,239.6,44.0,0.3,0.013,12.0,95.0,28.0,20,45.08
357.5,192.5,0.0,0.0,510.0,989.0,8.0,95.86,239.6,44.0,0.3,0.013,12.0,95.0,56.0,20,48.39
357.5,192.5,0.0,0.0,510.0,989.0,8.0,95.86,239.6,44.0,0.55,0.5,25.0,205.0,28.0,20,42.56
357.5,192.5,0.0,0.0,510.0,989.0,8.0,95.86,239.6,44.0,0.55,0.5,25.0,205.0,56.0,20,45.3
357.5,192.5,0.0,0.0,510.0,989.0,8.0,95.86,239.6,44.0,0.1,0.038,12.0,38.0,28.0,20,39.94
357.5,192.5,0.0,0.0,510.0,989.0,8.0,95.86,239.6,44.0,0.1,0.038,12.0,38.0,28.0,20,43.48
357.5,192.5,0.0,0.0,510.0,989.0,10.0,95.86,239.6,44.0,0.3,0.013,12.0,95.0,28.0,20,51.2
357.5,192.5,0.0,0.0,510.0,989.0,10.0,95.86,239.6,44.0,0.3,0.013,12.0,95.0,56.0,20,53.3
357.5,192.5,0.0,0.0,510.0,989.0,10.0,95.86,239.6,44.0,0.55,0.5,25.0,205.0,28.0,20,48.56
357.5,192.5,0.0,0.0,510.0,989.0,10.0,95.86,239.6,44.0,0.55,0.5,25.0,205.0,56.0,20,50.23
357.5,192.5,0.0,0.0,510.0,989.0,10.0,95.86,239.6,44.0,0.1,0.038,12.0,38.0,28.0,20,46.53
357.5,192.5,0.0,0.0,510.0,989.0,10.0,95.86,239.6,44.0,0.1,0.038,12.0,38.0,56.0,20,47.82
357.5,192.5,0.0,0.0,510.0,989.0,8.0,95.86,239.6,44.0,0.3,0.013,12.0,95.0,7.0,20,33.01
357.5,192.5,0.0,0.0,510.0,989.0,8.0,95.86,239.6,44.0,0.55,0.5,25.0,205.0,7.0,20,31.77
357.5,192.5,0.0,0.0,510.0,989.0,8.0,95.86,239.6,44.0,0.1,0.038,12.0,38.0,7.0,20,29.87
357.5,192.5,0.0,0.0,510.0,989.0,8.0,95.86,239.6,44.0,0.3,0.013,12.0,95.0,7.0,20,39.48
357.5,192.5,0.0,0.0,510.0,989.0,8.0,95.86,239.6,44.0,0.55,0.5,25.0,205.0,7.0,20,40.17
357.5,192.5,0.0,0.0,510.0,989.0,8.0,95.86,239.6,44.0,0.1,0.038,12.0,38.0,7.0,20,38.6
0.0,405.0,0.0,0.0,520.0,855.0,10.0,57.1,143.0,50.0,0.0,0.0,0.0,0.0,7.0,20,31.4
0.0,405.0,0.0,0.0,520.0,855.0,10.0,57.1,143.0,50.0,0.3,0.01,6.0,86.0,7.0,20,32.2
0.0,405.0,0.0,0.0,520.0,855.0,10.0,57.1,143.0,50.0,0.6,0.01,6.0,86.0,7.0,20,32.3
0.0,405.0,0.0,0.0,520.0,855.0,10.0,57.1,143.0,50.0,0.9,0.01,6.0,86.0,7.0,20,31.9
0.0,405.0,0.0,0.0,520.0,855.0,10.0,57.1,143.0,50.0,0.0,0.0,0.0,0.0,28.0,20,32.8
0.0,405.0,0.0,0.0,520.0,855.0,10.0,57.1,143.0,50.0,0.3,0.01,6.0,228.0,28.0,20,33.9
0.0,405.0,0.0,0.0,520.0,855.0,10.0,57.1,143.0,50.0,0.6,0.01,6.0,228.0,28.0,20,34.9
0.0,405.0,0.0,0.0,520.0,855.0,10.0,57.1,143.0,50.0,0.9,0.01,6.0,228.0,28.0,20,33.7
620.5,109.5,0.0,0.0,1178.0,0.0,12.0,105.85,211.7,50.0,0.0,0.0,0.0,0.0,28.0,20,50.7
620.5,109.5,0.0,0.0,1178.0,0.0,12.0,105.85,211.7,50.0,0.5,0.9,35.0,120.0,28.0,20,46.0
620.5,109.5,0.0,0.0,1178.0,0.0,12.0,105.85,211.7,50.0,1.0,0.9,35.0,120.0,28.0,20,43.6
1000.0,0.0,0.0,0.0,0.0,0.0,8.0,110.0,290.0,0.0,0.0,0.0,0.0,0.0,28.0,20,54.0
1000.0,0.0,0.0,0.0,0.0,0.0,8.0,110.0,290.0,0.0,0.5,1.0,15.0,140.0,28.0,20,45.0
1000.0,0.0,0.0,0.0,0.0,0.0,8.0,110.0,290.0,0.0,1.0,1.0,15.0,140.0,28.0,20,53.0
1000.0,0.0,0.0,0.0,0.0,0.0,8.0,110.0,290.0,0.0,1.5,1.0,15.0,140.0,28.0,20,51.0
800.0,200.0,0.0,0.0,0.0,0.0,8.0,110.0,290.0,0.0,0.0,0.0,0.0,0.0,28.0,20,51.0
800.0,200.0,0.0,0.0,0.0,0.0,8.0,110.0,290.0,0.0,0.5,1.0,15.0,140.0,28.0,20,31.0
800.0,200.0,0.0,0.0,0.0,0.0,8.0,110.0,290.0,0.0,1.0,1.0,15.0,140.0,28.0,20,39.0
800.0,200.0,0.0,0.0,0.0,0.0,8.0,110.0,290.0,0.0,1.5,1.0,15.0,140.0,28.0,20,42.0
800.0,200.0,0.0,0.0,0.0,0.0,8.0,110.0,290.0,0.0,2.0,1.0,15.0,140.0,28.0,20,49.0
800.0,200.0,0.0,0.0,0.0,0.0,8.0,110.0,290.0,0.0,0.0,0.0,0.0,0.0,28.0,20,51.0
800.0,200.0,0.0,0.0,0.0,0.0,8.0,110.0,290.0,0.0,0.5,0.12,10.0,200.0,28.0,20,34.0
800.0,200.0,0.0,0.0,0.0,0.0,8.0,110.0,290.0,0.0,1.0,0.12,10.0,200.0,28.0,20,41.0
800.0,200.0,0.0,0.0,0.0,0.0,8.0,110.0,290.0,0.0,1.5,0.12,10.0,200.0,28.0,20,43.0
800.0,200.0,0.0,0.0,0.0,0.0,8.0,110.0,290.0,0.0,2.0,0.12,10.0,200.0,28.0,20,45.0
0.0,276.0,0.0,310.0,1140.5,0.0,12.0,158.0,316.0,0.0,0.0,0.0,0.0,0.0,28.0,20,58.5
0.0,276.0,0.0,310.0,1140.5,0.0,12.0,158.0,316.0,0.0,0.5,0.04,12.0,15.0,28.0,20,59.5
0.0,276.0,0.0,310.0,1140.5,0.0,12.0,158.0,316.0,0.0,0.75,0.04,12.0,15.0,28.0,20,60.3
0.0,276.0,0.0,310.0,1140.5,0.0,12.0,158.0,316.0,0.0,1.0,0.04,12.0,15.0,28.0,20,59.7
0.0,276.0,0.0,310.0,1140.5,0.0,12.0,158.0,316.0,0.0,0.5,0.02,12.0,88.0,28.0,20,59.0
0.0,276.0,0.0,310.0,1140.5,0.0,12.0,158.0,316.0,0.0,0.75,0.02,12.0,88.0,28.0,20,61.0
0.0,276.0,0.0,310.0,1140.5,0.0,12.0,158.0,316.0,0.0,1.0,0.02,12.0,88.0,28.0,20,61.5
184.1,0.0,0.0,429.5,613.6,0.0,14.0,71.0,445.4,106.2,0.0,0.0,0.0,0.0,28.0,20,42.0
184.1,0.0,0.0,429.5,613.6,0.0,14.0,71.0,445.4,106.2,0.2,0.04,12.0,15.0,28.0,20,51.0
184.1,0.0,0.0,429.5,613.6,0.0,14.0,71.0,445.4,106.2,0.4,0.04,12.0,15.0,28.0,20,55.0
184.1,0.0,0.0,429.5,613.6,0.0,14.0,71.0,445.4,106.2,0.6,0.04,12.0,15.0,28.0,20,59.0
184.1,0.0,0.0,429.5,613.6,0.0,14.0,71.0,445.4,106.2,0.8,0.04,12.0,15.0,28.0,20,61.0
184.1,0.0,0.0,429.5,613.6,0.0,14.0,71.0,445.4,106.2,1.0,0.04,12.0,15.0,28.0,20,50.0
184.1,0.0,0.0,429.5,613.6,0.0,14.0,71.0,445.4,106.2,1.2,0.04,12.0,15.0,28.0,20,46.0
0.0,0.0,0.0,350.0,840.0,840.0,14.0,140.0,210.0,0.0,0.0,0.0,0.0,0.0,28.0,20,32.7
0.0,0.0,0.0,350.0,840.0,840.0,14.0,140.0,210.0,20.0,0.0,0.0,0.0,0.0,28.0,20,31.1
0.0,0.0,0.0,350.0,840.0,840.0,14.0,140.0,210.0,40.0,0.0,0.0,0.0,0.0,28.0,20,25.6
0.0,0.0,0.0,350.0,840.0,840.0,14.0,140.0,210.0,60.0,0.0,0.0,0.0,0.0,28.0,20,18.2
0.0,0.0,0.0,350.0,840.0,840.0,14.0,140.0,210.0,80.0,0.0,0.0,0.0,0.0,28.0,20,14.5
0.0,0.0,0.0,350.0,840.0,840.0,14.0,140.0,210.0,0.0,0.0,0.0,0.0,0.0,7.0,20,29.8
0.0,0.0,0.0,350.0,840.0,840.0,14.0,140.0,210.0,20.0,0.0,0.0,0.0,0.0,7.0,20,28.3
0.0,0.0,0.0,350.0,840.0,840.0,14.0,140.0,210.0,40.0,0.0,0.0,0.0,0.0,7.0,20,23.8
0.0,0.0,0.0,350.0,840.0,840.0,14.0,140.0,210.0,60.0,0.0,0.0,0.0,0.0,7.0,20,16.6
0.0,0.0,0.0,350.0,840.0,840.0,14.0,140.0,210.0,80.0,0.0,0.0,0.0,0.0,7.0,20,13.0
0.0,0.0,0.0,350.0,840.0,840.0,10.0,140.0,210.0,40.0,0.0,0.0,0.0,0.0,7.0,20,16.1
0.0,0.0,0.0,350.0,840.0,840.0,12.0,140.0,210.0,40.0,0.0,0.0,0.0,0.0,7.0,20,20.2
0.0,0.0,0.0,350.0,840.0,840.0,16.0,140.0,210.0,40.0,0.0,0.0,0.0,0.0,7.0,20,24.9
0.0,0.0,0.0,350.0,840.0,840.0,10.0,140.0,210.0,40.0,0.0,0.0,0.0,0.0,28.0,20,19.8
0.0,0.0,0.0,350.0,840.0,840.0,12.0,140.0,210.0,40.0,0.0,0.0,0.0,0.0,28.0,20,23.1
0.0,0.0,0.0,350.0,840.0,840.0,16.0,140.0,210.0,40.0,0.0,0.0,0.0,0.0,28.0,20,26.2
0.0,0.0,0.0,350.0,840.0,840.0,14.0,126.0,189.0,40.0,0.0,0.0,0.0,0.0,28.0,20,31.0
0.0,0.0,0.0,350.0,840.0,840.0,14.0,154.0,231.0,40.0,0.0,0.0,0.0,0.0,28.0,20,20.2
0.0,0.0,0.0,350.0,840.0,840.0,14.0,126.0,189.0,40.0,0.0,0.0,0.0,0.0,7.0,20,28.9
0.0,0.0,0.0,350.0,840.0,840.0,14.0,154.0,231.0,40.0,0.0,0.0,0.0,0.0,7.0,20,16.9
0.0,0.0,0.0,350.0,840.0,840.0,14.0,175.0,175.0,40.0,0.0,0.0,0.0,0.0,28.0,20,16.9
0.0,0.0,0.0,350.0,840.0,840.0,14.0,117.0,233.0,40.0,0.0,0.0,0.0,0.0,28.0,20,15.6
0.0,0.0,0.0,350.0,840.0,840.0,14.0,100.0,250.0,40.0,0.0,0.0,0.0,0.0,28.0,20,15.2
0.0,0.0,0.0,350.0,840.0,840.0,14.0,87.5,262.5,40.0,0.0,0.0,0.0,0.0,28.0,20,13.5
0.0,0.0,0.0,350.0,840.0,840.0,14.0,175.0,175.0,40.0,0.0,0.0,0.0,0.0,7.0,20,15.0
0.0,0.0,0.0,350.0,840.0,840.0,14.0,117.0,233.0,40.0,0.0,0.0,0.0,0.0,7.0,20,15.6
0.0,0.0,0.0,350.0,840.0,840.0,14.0,100.0,250.0,40.0,0.0,0.0,0.0,0.0,7.0,20,15.2
0.0,0.0,0.0,350.0,840.0,840.0,14.0,87.5,262.5,40.0,0.0,0.0,0.0,0.0,7.0,20,13.5
0.0,0.0,0.0,350.0,840.0,840.0,14.0,140.0,210.0,40.0,0.15,0.032,6.0,3.5,7.0,20,22.5
0.0,0.0,0.0,350.0,840.0,840.0,14.0,140.0,210.0,40.0,0.2,0.032,6.0,3.5,7.0,20,23.7
0.0,0.0,0.0,350.0,840.0,840.0,14.0,140.0,210.0,40.0,0.25,0.032,6.0,3.5,7.0,20,22.9
0.0,0.0,0.0,350.0,840.0,840.0,14.0,140.0,210.0,40.0,0.15,0.032,6.0,3.5,28.0,20,24.9
0.0,0.0,0.0,350.0,840.0,840.0,14.0,140.0,210.0,40.0,0.2,0.032,6.0,3.5,28.0,20,26.0
0.0,0.0,0.0,350.0,840.0,840.0,14.0,140.0,210.0,40.0,0.25,0.032,6.0,3.5,28.0,20,25.3
205.0,205.0,0.0,0.0,554.0,776.0,14.0,41.0,102.0,0.0,0.0,0.0,0.0,0.0,7.0,20,25.9
205.0,205.0,0.0,0.0,554.0,776.0,14.0,41.0,102.0,0.0,0.0,0.0,0.0,0.0,56.0,20,36.2
205.0,205.0,0.0,0.0,554.0,776.0,14.0,41.0,102.0,0.0,0.0,0.0,0.0,0.0,91.0,20,37.9
205.0,205.0,0.0,0.0,554.0,776.0,14.0,41.0,102.0,0.0,0.0,0.0,0.0,0.0,28.0,20,37.9
163.0,652.0,90.0,0.0,905.0,0.0,14.0,45.0,314.0,87.0,2.0,0.12,13.0,28.0,28.0,20,104.0
145.0,580.0,180.0,0.0,905.0,0.0,14.0,45.0,314.0,87.0,2.0,0.12,13.0,28.0,28.0,20,136.0
127.0,508.0,270.0,0.0,905.0,0.0,14.0,45.0,314.0,87.0,2.0,0.12,13.0,28.0,28.0,20,152.0
360.0,90.0,0.0,0.0,672.0,1008.0,12.0,67.5,202.5,45.0,0.0,0.0,0.0,0.0,28.0,20,36.13
338.82,84.71,0.0,0.0,672.0,1008.0,12.0,74.12,222.35,42.35,0.0,0.0,0.0,0.0,28.0,20,32.31
320.0,80.0,0.0,0.0,672.0,1008.0,12.0,80.0,240.0,40.0,0.0,0.0,0.0,0.0,28.0,20,26.04
360.0,90.0,0.0,0.0,672.0,1008.0,12.0,67.5,202.5,45.0,0.5,0.5,35.0,205.0,28.0,20,40.47
338.82,84.71,0.0,0.0,672.0,1008.0,12.0,74.12,222.35,42.35,0.5,0.5,35.0,205.0,28.0,20,35.49
320.0,80.0,0.0,0.0,672.0,1008.0,12.0,80.0,240.0,40.0,0.5,0.5,35.0,205.0,28.0,20,31.18
360.0,90.0,0.0,0.0,672.0,1008.0,12.0,67.5,202.5,45.0,1.0,0.5,35.0,205.0,28.0,20,39.57
338.82,84.71,0.0,0.0,672.0,1008.0,12.0,74.12,222.35,42.35,1.0,0.5,35.0,205.0,28.0,20,36.63
320.0,80.0,0.0,0.0,672.0,1008.0,12.0,80.0,240.0,40.0,1.0,0.5,35.0,205.0,28.0,20,33.16
113.0,315.0,23.8,23.8,776.0,1326.0,14.0,22.6,121.0,161.0,1.0,0.2,13.0,208.0,28.0,20,41.2
113.0,315.0,23.8,23.8,776.0,1326.0,14.0,22.6,121.0,161.0,0.0,0.0,0.0,0.0,28.0,20,39.75
113.0,315.0,23.8,23.8,776.0,1326.0,14.0,22.6,121.0,161.0,0.5,0.2,13.0,208.0,28.0,20,40.45
113.0,315.0,23.8,23.8,776.0,1326.0,14.0,22.6,121.0,161.0,1.5,0.2,13.0,208.0,28.0,20,41.52
180.0,0.0,0.0,435.0,625.0,0.0,12.0,110.0,452.0,110.0,0.0,0.0,0.0,0.0,28.0,20,37.8
180.0,0.0,0.0,435.0,625.0,0.0,12.0,110.0,452.0,110.0,0.25,0.22,12.0,115.0,28.0,20,44.0
180.0,0.0,0.0,435.0,625.0,0.0,12.0,110.0,452.0,110.0,0.5,0.22,12.0,115.0,28.0,20,47.0
180.0,0.0,0.0,435.0,625.0,0.0,12.0,110.0,452.0,110.0,0.75,0.22,12.0,115.0,28.0,20,50.0
180.0,0.0,0.0,435.0,625.0,0.0,12.0,110.0,452.0,110.0,1.0,0.22,12.0,115.0,28.0,20,52.0
180.0,0.0,0.0,435.0,625.0,0.0,12.0,110.0,452.0,110.0,1.25,0.22,12.0,115.0,28.0,20,46.0
180.0,0.0,0.0,435.0,625.0,0.0,12.0,110.0,452.0,110.0,1.5,0.22,12.0,115.0,28.0,20,40.0
385.0,165.0,0.0,0.0,1447.0,0.0,14.0,24.3,168.2,121.2,0.2,0.007,6.0,228.0,28.0,20,31.8
385.0,165.0,0.0,0.0,1447.0,0.0,14.0,24.3,168.2,121.2,0.4,0.007,6.0,228.0,28.0,20,33.1
385.0,165.0,0.0,0.0,1447.0,0.0,14.0,24.3,168.2,121.2,0.6,0.007,6.0,228.0,28.0,20,35.7
385.0,165.0,0.0,0.0,1447.0,0.0,14.0,24.3,168.2,121.2,0.8,0.007,6.0,228.0,28.0,20,34.3
385.0,165.0,0.0,0.0,1447.0,0.0,14.0,24.3,168.2,121.2,1.0,0.007,6.0,228.0,28.0,20,32.2
385.0,165.0,0.0,0.0,1447.0,0.0,14.0,24.3,168.2,121.2,0.2,0.007,12.0,228.0,28.0,20,30.8
385.0,165.0,0.0,0.0,1447.0,0.0,14.0,24.3,168.2,121.2,0.4,0.007,12.0,228.0,28.0,20,32.4
385.0,165.0,0.0,0.0,1447.0,0.0,14.0,24.3,168.2,121.2,0.6,0.007,12.0,228.0,28.0,20,35.0
385.0,165.0,0.0,0.0,1447.0,0.0,14.0,24.3,168.2,121.2,0.8,0.007,12.0,228.0,28.0,20,33.2
385.0,165.0,0.0,0.0,1447.0,0.0,14.0,24.3,168.2,121.2,1.0,0.007,12.0,228.0,28.0,20,31.8
385.0,165.0,0.0,0.0,1447.0,0.0,14.0,24.3,168.2,121.2,0.2,0.007,6.0,228.0,7.0,20,22.7
385.0,165.0,0.0,0.0,1447.0,0.0,14.0,24.3,168.2,121.2,0.4,0.007,6.0,228.0,7.0,20,25.0
385.0,165.0,0.0,0.0,1447.0,0.0,14.0,24.3,168.2,121.2,0.6,0.007,6.0,228.0,7.0,20,26.0
385.0,165.0,0.0,0.0,1447.0,0.0,14.0,24.3,168.2,121.2,0.8,0.007,6.0,228.0,7.0,20,25.4
385.0,165.0,0.0,0.0,1447.0,0.0,14.0,24.3,168.2,121.2,1.0,0.007,6.0,228.0,7.0,20,23.8
385.0,165.0,0.0,0.0,1447.0,0.0,14.0,24.3,168.2,121.2,0.2,0.007,12.0,228.0,7.0,20,22.8
385.0,165.0,0.0,0.0,1447.0,0.0,14.0,24.3,168.2,121.2,0.4,0.007,12.0,228.0,7.0,20,24.2
385.0,165.0,0.0,0.0,1447.0,0.0,14.0,24.3,168.2,121.2,0.6,0.007,12.0,228.0,7.0,20,25.1
385.0,165.0,0.0,0.0,1447.0,0.0,14.0,24.3,168.2,121.2,0.8,0.007,12.0,228.0,7.0,20,24.1
385.0,165.0,0.0,0.0,1447.0,0.0,14.0,24.3,168.2,121.2,1.0,0.007,12.0,228.0,7.0,20,22.6
385.0,165.0,0.0,0.0,1447.0,0.0,14.0,24.3,168.2,121.2,0.2,0.007,6.0,228.0,3.0,20,15.0
385.0,165.0,0.0,0.0,1447.0,0.0,14.0,24.3,168.2,121.2,0.4,0.007,6.0,228.0,3.0,20,16.2
385.0,165.0,0.0,0.0,1447.0,0.0,14.0,24.3,168.2,121.2,0.6,0.007,6.0,228.0,3.0,20,17.0
385.0,165.0,0.0,0.0,1447.0,0.0,14.0,24.3,168.2,121.2,0.8,0.007,6.0,228.0,3.0,20,16.8
385.0,165.0,0.0,0.0,1447.0,0.0,14.0,24.3,168.2,121.2,1.0,0.007,6.0,228.0,3.0,20,16.4
385.0,165.0,0.0,0.0,1447.0,0.0,14.0,24.3,168.2,121.2,0.2,0.007,12.0,228.0,3.0,20,15.0
385.0,165.0,0.0,0.0,1447.0,0.0,14.0,24.3,168.2,121.2,0.4,0.007,12.0,228.0,3.0,20,15.8
385.0,165.0,0.0,0.0,1447.0,0.0,14.0,24.3,168.2,121.2,0.6,0.007,12.0,228.0,3.0,20,16.2
385.0,165.0,0.0,0.0,1447.0,0.0,14.0,24.3,168.2,121.2,0.8,0.007,12.0,228.0,3.0,20,15.9
385.0,165.0,0.0,0.0,1447.0,0.0,14.0,24.3,168.2,121.2,1.0,0.007,12.0,228.0,3.0,20,15.0
75.0,225.0,0.0,0.0,725.0,1210.0,14.0,66.0,99.0,75.0,0.0,0.0,0.0,0.0,28.0,20,33.3
75.0,225.0,0.0,0.0,725.0,1210.0,14.0,66.0,99.0,75.0,0.5,0.7,24.0,80.0,28.0,20,36.9
75.0,225.0,0.0,0.0,725.0,1210.0,14.0,66.0,99.0,75.0,1.0,0.7,24.0,80.0,28.0,20,37.5
75.0,225.0,0.0,0.0,725.0,1210.0,14.0,66.0,99.0,75.0,1.5,0.7,24.0,80.0,28.0,20,39.9
75.0,225.0,0.0,0.0,725.0,1210.0,14.0,66.0,99.0,75.0,0.5,0.7,43.0,80.0,28.0,20,37.4
75.0,225.0,0.0,0.0,725.0,1210.0,14.0,66.0,99.0,75.0,1.0,0.7,43.0,80.0,28.0,20,38.3
75.0,225.0,0.0,0.0,725.0,1210.0,14.0,66.0,99.0,75.0,1.5,0.7,43.0,80.0,28.0,20,40.7
1199.0,0.0,0.0,0.0,0.0,0.0,14.0,221.0,331.0,0.0,0.7,0.173,5.0,1.0,28.0,20,25.0
1199.0,0.0,0.0,0.0,0.0,0.0,14.0,221.0,331.0,0.0,1.4,0.173,5.0,1.0,28.0,20,34.0
1199.0,0.0,0.0,0.0,0.0,0.0,14.0,221.0,331.0,0.0,2.0,0.173,5.0,1.0,28.0,20,27.5
1199.0,0.0,0.0,0.0,0.0,0.0,14.0,221.0,331.0,0.0,0.7,0.173,10.0,1.0,28.0,20,26.5
1199.0,0.0,0.0,0.0,0.0,0.0,14.0,221.0,331.0,0.0,1.4,0.173,10.0,1.0,28.0,20,33.0
1199.0,0.0,0.0,0.0,0.0,0.0,14.0,221.0,331.0,0.0,2.0,0.173,10.0,1.0,28.0,20,23.5
1199.0,0.0,0.0,0.0,0.0,0.0,14.0,221.0,331.0,0.0,0.7,0.173,20.0,1.0,28.0,20,27.8
1199.0,0.0,0.0,0.0,0.0,0.0,14.0,221.0,331.0,0.0,1.4,0.173,20.0,1.0,28.0,20,24.0
1199.0,0.0,0.0,0.0,0.0,0.0,14.0,221.0,331.0,0.0,2.0,0.173,20.0,1.0,28.0,20,23.0
550.0,0.0,0.0,0.0,437.87,937.4,8.0,95.86,239.64,0.0,0.0,0.0,0.0,0.0,28.0,20,13.38
550.0,0.0,0.0,0.0,437.87,937.4,10.0,95.86,239.64,0.0,0.0,0.0,0.0,0.0,28.0,20,15.43
550.0,0.0,0.0,0.0,437.87,937.4,12.0,95.86,239.64,0.0,0.0,0.0,0.0,0.0,28.0,20,16.2
550.0,0.0,0.0,0.0,437.87,937.4,13.0,95.86,239.64,0.0,0.0,0.0,0.0,0.0,28.0,20,17.46
550.0,0.0,0.0,0.0,437.87,937.4,14.0,95.86,239.64,0.0,0.0,0.0,0.0,0.0,28.0,20,17.1
550.0,0.0,0.0,0.0,437.87,937.4,16.0,95.86,239.64,0.0,0.0,0.0,0.0,0.0,28.0,20,16.26
550.0,0.0,0.0,0.0,437.87,937.4,18.0,95.86,239.64,0.0,0.0,0.0,0.0,0.0,28.0,20,13.8
440.0,110.0,0.0,0.0,446.91,957.69,13.0,95.86,239.64,0.0,0.0,0.0,0.0,0.0,28.0,20,21.5
330.0,220.0,0.0,0.0,455.59,776.26,13.0,95.86,239.64,0.0,0.0,0.0,0.0,0.0,28.0,20,25.6
220.0,330.0,0.0,0.0,464.27,994.87,13.0,95.86,239.64,0.0,0.0,0.0,0.0,0.0,28.0,20,34.4
110.0,440.0,0.0,0.0,472.95,1013.47,13.0,95.86,239.64,0.0,0.0,0.0,0.0,0.0,28.0,20,38.2
0.0,550.0,0.0,0.0,481.21,1030.2,13.0,95.86,239.64,0.0,0.0,0.0,0.0,0.0,28.0,20,43.6
440.0,110.0,0.0,0.0,446.91,957.69,13.0,95.86,239.64,0.0,0.25,0.1,6.0,72.0,28.0,20,44.6
440.0,110.0,0.0,0.0,446.91,957.69,13.0,95.86,239.64,0.0,0.5,0.1,6.0,72.0,28.0,20,45.7
440.0,110.0,0.0,0.0,446.91,957.69,13.0,95.86,239.64,0.0,0.75,0.1,6.0,72.0,28.0,20,47.8
440.0,110.0,0.0,0.0,446.91,957.69,13.0,95.86,239.64,0.0,1.0,0.1,6.0,72.0,28.0,20,50.85
440.0,110.0,0.0,0.0,446.91,957.69,13.0,95.86,239.64,0.0,1.25,0.1,6.0,72.0,28.0,20,48.2
0.0,550.0,0.0,0.0,481.21,1030.2,13.0,95.86,239.64,0.0,0.25,0.1,6.0,72.0,28.0,20,47.1
0.0,550.0,0.0,0.0,481.21,1030.2,13.0,95.86,239.64,0.0,0.5,0.1,6.0,72.0,28.0,20,48.2
0.0,550.0,0.0,0.0,481.21,1030.2,13.0,95.86,239.64,0.0,0.75,0.1,6.0,72.0,28.0,20,50.5
0.0,550.0,0.0,0.0,481.21,1030.2,13.0,95.86,239.64,0.0,1.0,0.1,6.0,72.0,28.0,20,53.9
0.0,550.0,0.0,0.0,481.21,1030.2,13.0,95.86,239.64,0.0,1.25,0.1,6.0,72.0,28.0,20,50.9
550.0,0.0,0.0,0.0,437.87,937.4,8.0,95.86,239.64,0.0,0.0,0.0,0.0,0.0,7.0,20,5.64
550.0,0.0,0.0,0.0,437.87,937.4,10.0,95.86,239.64,0.0,0.0,0.0,0.0,0.0,7.0,20,8.01
550.0,0.0,0.0,0.0,437.87,937.4,12.0,95.86,239.64,0.0,0.0,0.0,0.0,0.0,7.0,20,9.2
550.0,0.0,0.0,0.0,437.87,937.4,13.0,95.86,239.64,0.0,0.0,0.0,0.0,0.0,7.0,20,10.78
550.0,0.0,0.0,0.0,437.87,937.4,14.0,95.86,239.64,0.0,0.0,0.0,0.0,0.0,7.0,20,10.5
550.0,0.0,0.0,0.0,437.87,937.4,16.0,95.86,239.64,0.0,0.0,0.0,0.0,0.0,7.0,20,9.82
550.0,0.0,0.0,0.0,437.87,937.4,18.0,95.86,239.64,0.0,0.0,0.0,0.0,0.0,7.0,20,9.56
440.0,110.0,0.0,0.0,446.91,957.69,13.0,95.86,239.64,0.0,0.0,0.0,0.0,0.0,7.0,20,14.65
330.0,220.0,0.0,0.0,455.59,776.26,13.0,95.86,239.64,0.0,0.0,0.0,0.0,0.0,7.0,20,18.36
220.0,330.0,0.0,0.0,464.27,994.87,13.0,95.86,239.64,0.0,0.0,0.0,0.0,0.0,7.0,20,27.64
110.0,440.0,0.0,0.0,472.95,1013.47,13.0,95.86,239.64,0.0,0.0,0.0,0.0,0.0,7.0,20,32.84
0.0,550.0,0.0,0.0,481.21,1030.2,13.0,95.86,239.64,0.0,0.0,0.0,0.0,0.0,7.0,20,39.2
440.0,110.0,0.0,0.0,446.91,957.69,13.0,95.86,239.64,0.0,0.25,0.1,6.0,72.0,7.0,20,40.1
440.0,110.0,0.0,0.0,446.91,957.69,13.0,95.86,239.64,0.0,0.5,0.1,6.0,72.0,7.0,20,41.2
440.0,110.0,0.0,0.0,446.91,957.69,13.0,95.86,239.64,0.0,0.75,0.1,6.0,72.0,7.0,20,42.5
440.0,110.0,0.0,0.0,446.91,957.69,13.0,95.86,239.64,0.0,1.0,0.1,6.0,72.0,7.0,20,45.75
440.0,110.0,0.0,0.0,446.91,957.69,13.0,95.86,239.64,0.0,1.25,0.1,6.0,72.0,7.0,20,43.4
0.0,550.0,0.0,0.0,481.21,1030.2,13.0,95.86,239.64,0.0,0.25,0.1,6.0,72.0,7.0,20,41.9
0.0,550.0,0.0,0.0,481.21,1030.2,13.0,95.86,239.64,0.0,0.5,0.1,6.0,72.0,7.0,20,43.1
0.0,550.0,0.0,0.0,481.21,1030.2,13.0,95.86,239.64,0.0,0.75,0.1,6.0,72.0,7.0,20,44.4
0.0,550.0,0.0,0.0,481.21,1030.2,13.0,95.86,239.64,0.0,1.0,0.1,6.0,72.0,7.0,20,48.0
0.0,550.0,0.0,0.0,481.21,1030.2,13.0,95.86,239.64,0.0,1.25,0.1,6.0,72.0,7.0,20,45.4
488.0,139.0,0.0,0.0,1045.0,0.0,10.0,136.0,182.0,80.0,0.5,0.16,18.0,210.0,28.0,20,50.0
488.0,139.0,0.0,0.0,1045.0,0.0,10.0,136.0,182.0,80.0,1.0,0.16,18.0,210.0,28.0,20,52.0
488.0,139.0,0.0,0.0,1045.0,0.0,10.0,136.0,182.0,80.0,1.5,0.16,18.0,210.0,28.0,20,53.0
488.0,139.0,0.0,0.0,1045.0,0.0,10.0,136.0,182.0,80.0,0.5,40.0,6.0,3.0,28.0,20,50.5
488.0,139.0,0.0,0.0,1045.0,0.0,10.0,136.0,182.0,80.0,1.0,40.0,6.0,3.0,28.0,20,45.0
488.0,139.0,0.0,0.0,1045.0,0.0,10.0,136.0,182.0,80.0,1.5,40.0,6.0,3.0,28.0,20,40.0
488.0,139.0,0.0,0.0,1045.0,0.0,10.0,136.0,182.0,80.0,0.5,0.16,18.0,210.0,7.0,20,38.0
488.0,139.0,0.0,0.0,1045.0,0.0,10.0,136.0,182.0,80.0,1.0,0.16,18.0,210.0,7.0,20,40.0
488.0,139.0,0.0,0.0,1045.0,0.0,10.0,136.0,182.0,80.0,1.5,0.16,18.0,210.0,7.0,20,42.0
488.0,139.0,0.0,0.0,1045.0,0.0,10.0,136.0,182.0,80.0,0.5,40.0,6.0,3.0,7.0,20,40.0
488.0,139.0,0.0,0.0,1045.0,0.0,10.0,136.0,182.0,80.0,1.0,40.0,6.0,3.0,7.0,20,39.0
488.0,139.0,0.0,0.0,1045.0,0.0,10.0,136.0,182.0,80.0,1.5,40.0,6.0,3.0,7.0,20,38.0
488.0,139.0,0.0,0.0,1045.0,0.0,10.0,136.0,182.0,80.0,0.5,0.16,18.0,210.0,1.0,20,15.0
488.0,139.0,0.0,0.0,1045.0,0.0,10.0,136.0,182.0,80.0,1.0,0.16,18.0,210.0,1.0,20,17.0
488.0,139.0,0.0,0.0,1045.0,0.0,10.0,136.0,182.0,80.0,1.5,0.16,18.0,210.0,1.0,20,20.0
488.0,139.0,0.0,0.0,1045.0,0.0,10.0,136.0,182.0,80.0,0.5,40.0,6.0,3.0,1.0,20,18.0
488.0,139.0,0.0,0.0,1045.0,0.0,10.0,136.0,182.0,80.0,1.0,40.0,6.0,3.0,1.0,20,9.0
488.0,139.0,0.0,0.0,1045.0,0.0,10.0,136.0,182.0,80.0,1.5,40.0,6.0,3.0,1.0,20,8.0
495.0,0.0,0.0,0.0,756.0,898.0,12.0,75.0,150.0,0.0,0.0,0.0,0.0,0.0,28.0,20,22.37
396.0,128.7,0.0,0.0,756.0,898.0,12.0,75.0,150.0,0.0,1.0,0.02,12.0,115.0,28.0,20,39.57
396.0,98.5,0.0,0.0,756.0,898.0,12.0,75.0,150.0,0.0,1.0,0.02,12.0,115.0,28.0,20,32.39
396.0,65.8,0.0,0.0,756.0,898.0,12.0,75.0,150.0,0.0,1.0,0.02,12.0,115.0,28.0,20,37.77
396.0,32.7,0.0,0.0,756.0,898.0,12.0,75.0,150.0,0.0,1.0,0.02,12.0,115.0,28.0,20,30.07
396.0,0.0,0.0,0.0,756.0,898.0,12.0,75.0,150.0,0.0,1.0,0.02,12.0,115.0,28.0,20,28.12
495.0,0.0,0.0,0.0,756.0,898.0,12.0,75.0,150.0,0.0,0.0,0.0,0.0,0.0,28.0,20,22.37
396.0,128.7,0.0,0.0,756.0,898.0,12.0,75.0,150.0,0.0,1.0,0.02,12.0,115.0,28.0,20,39.57
396.0,98.5,0.0,0.0,756.0,898.0,12.0,75.0,150.0,0.0,1.0,0.02,12.0,115.0,28.0,20,32.39
396.0,65.8,0.0,0.0,756.0,898.0,12.0,75.0,150.0,0.0,1.0,0.02,12.0,115.0,28.0,20,37.77
396.0,32.7,0.0,0.0,756.0,898.0,12.0,75.0,150.0,0.0,1.0,0.02,12.0,115.0,28.0,20,30.07
396.0,0.0,0.0,0.0,756.0,898.0,12.0,75.0,150.0,0.0,1.0,0.02,12.0,115.0,28.0,20,28.12
495.0,0.0,0.0,0.0,756.0,898.0,12.0,75.0,150.0,0.0,0.0,0.0,0.0,0.0,28.0,20,22.37
396.0,128.7,0.0,0.0,756.0,898.0,12.0,75.0,150.0,0.0,1.0,0.02,12.0,115.0,28.0,20,39.57
396.0,98.5,0.0,0.0,756.0,898.0,12.0,75.0,150.0,0.0,1.0,0.02,12.0,115.0,28.0,20,32.39
396.0,65.8,0.0,0.0,756.0,898.0,12.0,75.0,150.0,0.0,1.0,0.02,12.0,115.0,28.0,20,37.77
396.0,32.7,0.0,0.0,756.0,898.0,12.0,75.0,150.0,0.0,1.0,0.02,12.0,115.0,28.0,20,30.07
396.0,0.0,0.0,0.0,756.0,898.0,12.0,75.0,150.0,0.0,1.0,0.02,12.0,115.0,28.0,20,28.12
0.0,950.0,0.0,0.0,1140.0,0.0,12.0,114.0,171.0,0.0,0.0,0.0,0.0,0.0,7.0,20,53.4
0.0,950.0,0.0,0.0,1140.0,0.0,12.0,114.0,171.0,0.0,1.0,0.2,13.0,203.0,7.0,20,56.8
0.0,950.0,0.0,0.0,1140.0,0.0,12.0,114.0,171.0,0.0,2.0,0.2,13.0,203.0,7.0,20,62.5
0.0,950.0,0.0,0.0,1140.0,0.0,12.0,114.0,171.0,0.0,0.0,0.0,0.0,0.0,7.0,20,59.4
0.0,950.0,0.0,0.0,1140.0,0.0,12.0,114.0,171.0,0.0,1.0,0.2,13.0,203.0,7.0,20,62.3
0.0,950.0,0.0,0.0,1140.0,0.0,12.0,114.0,171.0,0.0,2.0,0.2,13.0,203.0,7.0,20,72.5
0.0,950.0,0.0,0.0,1140.0,0.0,12.0,114.0,171.0,0.0,0.0,0.0,0.0,0.0,7.0,20,71.2
0.0,950.0,0.0,0.0,1140.0,0.0,12.0,114.0,171.0,0.0,1.0,0.2,13.0,203.0,7.0,20,75.0
0.0,950.0,0.0,0.0,1140.0,0.0,12.0,114.0,171.0,0.0,2.0,0.2,13.0,203.0,7.0,20,81.1
0.0,807.5,0.0,142.5,1140.0,0.0,12.0,114.0,171.0,0.0,0.0,0.0,0.0,0.0,7.0,20,53.2
0.0,807.5,0.0,142.5,1140.0,0.0,12.0,114.0,171.0,0.0,1.0,0.2,13.0,203.0,7.0,20,57.6
0.0,807.5,0.0,142.5,1140.0,0.0,12.0,114.0,171.0,0.0,2.0,0.2,13.0,203.0,7.0,20,65.4
0.0,807.5,0.0,142.5,1140.0,0.0,12.0,114.0,171.0,0.0,0.0,0.0,0.0,0.0,7.0,20,72.3
0.0,807.5,0.0,142.5,1140.0,0.0,12.0,114.0,171.0,0.0,1.0,0.2,13.0,203.0,7.0,20,74.3
0.0,807.5,0.0,142.5,1140.0,0.0,12.0,114.0,171.0,0.0,2.0,0.2,13.0,203.0,7.0,20,77.6
0.0,807.5,0.0,142.5,1140.0,0.0,12.0,114.0,171.0,0.0,0.0,0.0,0.0,0.0,7.0,20,75.0
0.0,807.5,0.0,142.5,1140.0,0.0,12.0,114.0,171.0,0.0,1.0,0.2,13.0,203.0,7.0,20,81.5
0.0,807.5,0.0,142.5,1140.0,0.0,12.0,114.0,171.0,0.0,2.0,0.2,13.0,203.0,7.0,20,96.5
0.0,665.0,0.0,285.0,1140.0,0.0,12.0,114.0,171.0,0.0,0.0,0.0,0.0,0.0,7.0,20,73.4
0.0,665.0,0.0,285.0,1140.0,0.0,12.0,114.0,171.0,0.0,1.0,0.2,13.0,203.0,7.0,20,74.9
0.0,665.0,0.0,285.0,1140.0,0.0,12.0,114.0,171.0,0.0,2.0,0.2,13.0,203.0,7.0,20,76.8
0.0,665.0,0.0,285.0,1140.0,0.0,12.0,114.0,171.0,0.0,0.0,0.0,0.0,0.0,7.0,20,74.5
0.0,665.0,0.0,285.0,1140.0,0.0,12.0,114.0,171.0,0.0,1.0,0.2,13.0,203.0,7.0,20,83.6
0.0,665.0,0.0,285.0,1140.0,0.0,12.0,114.0,171.0,0.0,2.0,0.2,13.0,203.0,7.0,20,90.2
0.0,665.0,0.0,285.0,1140.0,0.0,12.0,114.0,171.0,0.0,0.0,0.0,0.0,0.0,7.0,20,82.4
0.0,665.0,0.0,285.0,1140.0,0.0,12.0,114.0,171.0,0.0,1.0,0.2,13.0,203.0,7.0,20,95.7
0.0,665.0,0.0,285.0,1140.0,0.0,12.0,114.0,171.0,0.0,2.0,0.2,13.0,203.0,7.0,20,109.3
0.0,950.0,0.0,0.0,1140.0,0.0,12.0,114.0,171.0,0.0,0.0,0.0,0.0,0.0,28.0,20,75.1
0.0,950.0,0.0,0.0,1140.0,0.0,12.0,114.0,171.0,0.0,1.0,0.2,13.0,203.0,28.0,20,82.3
0.0,950.0,0.0,0.0,1140.0,0.0,12.0,114.0,171.0,0.0,2.0,0.2,13.0,203.0,28.0,20,91.5
0.0,950.0,0.0,0.0,1140.0,0.0,12.0,114.0,171.0,0.0,0.0,0.0,0.0,0.0,28.0,20,80.5
0.0,950.0,0.0,0.0,1140.0,0.0,12.0,114.0,171.0,0.0,1.0,0.2,13.0,203.0,28.0,20,91.1
0.0,950.0,0.0,0.0,1140.0,0.0,12.0,114.0,171.0,0.0,2.0,0.2,13.0,203.0,28.0,20,99.8
0.0,950.0,0.0,0.0,1140.0,0.0,12.0,114.0,171.0,0.0,0.0,0.0,0.0,0.0,28.0,20,96.8
0.0,950.0,0.0,0.0,1140.0,0.0,12.0,114.0,171.0,0.0,1.0,0.2,13.0,203.0,28.0,20,105.6
0.0,950.0,0.0,0.0,1140.0,0.0,12.0,114.0,171.0,0.0,2.0,0.2,13.0,203.0,28.0,20,112.5
0.0,807.5,0.0,142.5,1140.0,0.0,12.0,114.0,171.0,0.0,0.0,0.0,0.0,0.0,28.0,20,85.6
0.0,807.5,0.0,142.5,1140.0,0.0,12.0,114.0,171.0,0.0,1.0,0.2,13.0,203.0,28.0,20,94.3
0.0,807.5,0.0,142.5,1140.0,0.0,12.0,114.0,171.0,0.0,2.0,0.2,13.0,203.0,28.0,20,100.0
0.0,807.5,0.0,142.5,1140.0,0.0,12.0,114.0,171.0,0.0,0.0,0.0,0.0,0.0,28.0,20,93.7
0.0,807.5,0.0,142.5,1140.0,0.0,12.0,114.0,171.0,0.0,1.0,0.2,13.0,203.0,28.0,20,103.5
0.0,807.5,0.0,142.5,1140.0,0.0,12.0,114.0,171.0,0.0,2.0,0.2,13.0,203.0,28.0,20,119.7
0.0,807.5,0.0,142.5,1140.0,0.0,12.0,114.0,171.0,0.0,0.0,0.0,0.0,0.0,28.0,20,106.5
0.0,807.5,0.0,142.5,1140.0,0.0,12.0,114.0,171.0,0.0,1.0,0.2,13.0,203.0,28.0,20,122.7
0.0,807.5,0.0,142.5,1140.0,0.0,12.0,114.0,171.0,0.0,2.0,0.2,13.0,203.0,28.0,20,126.5
0.0,665.0,0.0,285.0,1140.0,0.0,12.0,114.0,171.0,0.0,0.0,0.0,0.0,0.0,28.0,20,105.3
0.0,665.0,0.0,285.0,1140.0,0.0,12.0,114.0,171.0,0.0,1.0,0.2,13.0,203.0,28.0,20,117.4
0.0,665.0,0.0,285.0,1140.0,0.0,12.0,114.0,171.0,0.0,2.0,0.2,13.0,203.0,28.0,20,123.7
0.0,665.0,0.0,285.0,1140.0,0.0,12.0,114.0,171.0,0.0,0.0,0.0,0.0,0.0,28.0,20,107.1
0.0,665.0,0.0,285.0,1140.0,0.0,12.0,114.0,171.0,0.0,1.0,0.2,13.0,203.0,28.0,20,122.8
0.0,665.0,0.0,285.0,1140.0,0.0,12.0,114.0,171.0,0.0,2.0,0.2,13.0,203.0,28.0,20,128.3
0.0,665.0,0.0,285.0,1140.0,0.0,12.0,114.0,171.0,0.0,0.0,0.0,0.0,0.0,28.0,20,124.7
0.0,665.0,0.0,285.0,1140.0,0.0,12.0,114.0,171.0,0.0,1.0,0.2,13.0,203.0,28.0,20,135.5
0.0,665.0,0.0,285.0,1140.0,0.0,12.0,114.0,171.0,0.0,2.0,0.2,13.0,203.0,28.0,20,148.6
0.0,850.23,0.0,283.4,828.5,0.0,8.0,198.38,198.38,0.0,0.0,0.0,0.0,0.0,28.0,20,79.6
0.0,850.23,0.0,283.4,828.5,0.0,12.0,198.38,198.38,0.0,0.0,0.0,0.0,0.0,28.0,20,91.2
0.0,850.23,0.0,283.4,828.5,0.0,16.0,198.38,198.38,0.0,0.0,0.0,0.0,0.0,28.0,20,110.3
0.0,850.23,0.0,283.4,840.5,0.0,8.0,132.25,264.52,0.0,0.0,0.0,0.0,0.0,28.0,20,82.6
0.0,850.23,0.0,283.4,840.5,0.0,12.0,132.25,264.52,0.0,0.0,0.0,0.0,0.0,28.0,20,97.3
0.0,850.23,0.0,283.4,840.5,0.0,16.0,132.25,264.52,0.0,0.0,0.0,0.0,0.0,28.0,20,114.2
0.0,850.23,0.0,283.4,846.65,0.0,8.0,99.19,297.58,0.0,0.0,0.0,0.0,0.0,28.0,20,93.5
0.0,850.23,0.0,283.4,846.65,0.0,12.0,99.19,297.58,0.0,0.0,0.0,0.0,0.0,28.0,20,101.6
0.0,850.23,0.0,283.4,846.65,0.0,16.0,99.19,297.58,0.0,0.0,0.0,0.0,0.0,28.0,20,118.6
0.0,850.23,0.0,283.4,846.65,0.0,16.0,99.19,297.58,0.0,0.75,0.2,13.0,203.0,7.0,20,109.39
0.0,850.23,0.0,283.4,846.65,0.0,16.0,99.19,297.58,0.0,1.25,0.2,13.0,203.0,7.0,20,114.76
0.0,850.23,0.0,283.4,846.65,0.0,16.0,99.19,297.58,0.0,1.75,0.2,13.0,203.0,7.0,20,117.78
0.0,850.23,0.0,283.4,846.65,0.0,16.0,99.19,297.58,0.0,1.0,0.2,13.0,203.0,7.0,20,112.86
0.0,850.23,0.0,283.4,846.65,0.0,16.0,99.19,297.58,0.0,1.5,0.2,13.0,203.0,7.0,20,116.33
0.0,850.23,0.0,283.4,846.65,0.0,16.0,99.19,297.58,0.0,2.0,0.2,13.0,203.0,7.0,20,120.98
0.0,850.23,0.0,283.4,846.65,0.0,16.0,99.19,297.58,0.0,0.75,0.2,13.0,203.0,28.0,20,134.04
0.0,850.23,0.0,283.4,846.65,0.0,16.0,99.19,297.58,0.0,1.25,0.2,13.0,203.0,28.0,20,139.59
0.0,850.23,0.0,283.4,846.65,0.0,16.0,99.19,297.58,0.0,1.75,0.2,13.0,203.0,28.0,20,145.31
0.0,850.23,0.0,283.4,846.65,0.0,16.0,99.19,297.58,0.0,1.0,0.2,13.0,203.0,28.0,20,137.96
0.0,850.23,0.0,283.4,846.65,0.0,16.0,99.19,297.58,0.0,1.5,0.2,13.0,203.0,28.0,20,142.06
0.0,850.23,0.0,283.4,846.65,0.0,16.0,99.19,297.58,0.0,2.0,0.2,13.0,203.0,28.0,20,150.61
0.0,850.23,0.0,283.4,846.65,0.0,16.0,99.19,297.58,0.0,1.0,0.2,13.0,203.0,91.0,20,147.76
0.0,850.23,0.0,283.4,846.65,0.0,16.0,99.19,297.58,0.0,1.25,0.2,13.0,203.0,91.0,20,154.69
0.0,850.23,0.0,283.4,846.65,0.0,16.0,99.19,297.58,0.0,1.75,0.2,13.0,203.0,91.0,20,161.63
0.0,850.23,0.0,283.4,846.65,0.0,16.0,99.19,297.58,0.0,1.0,0.2,13.0,203.0,91.0,20,150.65
0.0,850.23,0.0,283.4,846.65,0.0,16.0,99.19,297.58,0.0,1.5,0.2,13.0,203.0,91.0,20,158.39
0.0,850.23,0.0,283.4,846.65,0.0,16.0,99.19,297.58,0.0,2.0,0.2,13.0,203.0,91.0,20,167.96
0.0,850.23,0.0,283.4,930.4,0.0,8.0,170.04,170.04,0.0,0.0,0.0,0.0,0.0,28.0,20,105.13
0.0,850.23,0.0,283.4,940.9,0.0,8.0,113.36,226.72,0.0,0.0,0.0,0.0,0.0,28.0,20,111.25
0.0,850.23,0.0,283.4,945.9,0.0,8.0,85.02,255.06,0.0,0.0,0.0,0.0,0.0,28.0,20,116.34
0.0,850.23,0.0,283.4,945.9,0.0,12.0,85.02,255.06,0.0,0.0,0.0,0.0,0.0,28.0,20,122.21
0.0,850.23,0.0,283.4,945.9,0.0,16.0,85.02,255.06,0.0,0.0,0.0,0.0,0.0,28.0,20,130.11
0.0,850.23,0.0,283.4,945.9,0.0,16.0,85.02,255.06,0.0,0.0,0.0,0.0,0.0,3.0,20,113.14
0.0,850.23,0.0,283.4,945.9,0.0,16.0,85.02,255.06,0.0,0.0,0.0,0.0,0.0,3.0,20,118.31
190.0,700.0,0.0,0.0,915.0,0.0,12.0,60.0,325.0,0.0,0.0,0.0,0.0,0.0,28.0,20,138.5
190.0,700.0,0.0,55.0,915.0,0.0,12.0,60.0,325.0,0.0,0.0,0.0,0.0,0.0,28.0,20,128.4
175.0,650.0,0.0,100.0,915.0,0.0,12.0,60.0,325.0,0.0,0.0,0.0,0.0,0.0,28.0,20,118.5
155.0,590.0,0.0,190.0,915.0,0.0,12.0,60.0,325.0,0.0,0.0,0.0,0.0,0.0,28.0,20,146.3
135.0,520.0,0.0,280.0,915.0,0.0,12.0,60.0,325.0,0.0,0.0,0.0,0.0,0.0,28.0,20,160.0
298.0,128.0,0.0,0.0,596.0,1108.0,12.0,61.0,152.0,0.0,0.0,0.0,0.0,0.0,28.0,20,36.5
256.0,170.0,0.0,0.0,596.0,1108.0,12.0,61.0,152.0,0.0,0.0,0.0,0.0,0.0,28.0,20,39.2
213.0,213.0,0.0,0.0,596.0,1108.0,12.0,61.0,152.0,0.0,0.0,0.0,0.0,0.0,28.0,20,41.8
170.0,256.0,0.0,0.0,596.0,1108.0,12.0,61.0,152.0,0.0,0.0,0.0,0.0,0.0,28.0,20,38.2
191.0,213.0,0.0,22.0,596.0,1108.0,12.0,61.0,152.0,0.0,0.0,0.0,0.0,0.0,28.0,20,43.2
170.0,213.0,0.0,43.0,596.0,1108.0,12.0,61.0,152.0,0.0,0.0,0.0,0.0,0.0,28.0,20,49.2
149.0,213.0,0.0,64.0,596.0,1108.0,12.0,61.0,152.0,0.0,0.0,0.0,0.0,0.0,28.0,20,52.2
127.0,213.0,0.0,86.0,596.0,1108.0,12.0,61.0,152.0,0.0,0.0,0.0,0.0,0.0,28.0,20,47.5
244.8,122.4,0.0,40.8,554.0,1293.0,12.0,69.93,101.39,0.0,0.0,0.0,0.0,0.0,28.0,20,29.6
224.4,142.8,0.0,40.8,554.0,1293.0,12.0,58.07,113.25,0.0,0.0,0.0,0.0,0.0,28.0,20,30.3
204.0,163.2,0.0,40.8,554.0,1293.0,12.0,49.66,121.66,0.0,0.0,0.0,0.0,0.0,28.0,20,35.7
183.6,183.6,0.0,40.8,554.0,1293.0,12.0,43.37,127.95,0.0,0.0,0.0,0.0,0.0,28.0,20,32.9
224.4,142.8,0.0,40.8,554.0,1293.0,12.0,58.07,113.25,0.0,0.0,0.0,0.0,0.0,28.0,20,38.2
224.4,142.8,0.0,40.8,554.0,1293.0,12.0,69.93,101.39,0.0,0.0,0.0,0.0,0.0,28.0,20,35.5
224.4,142.8,0.0,40.8,554.0,1293.0,12.0,43.37,127.95,0.0,0.0,0.0,0.0,0.0,28.0,20,37.8
224.4,142.8,0.0,40.8,554.0,1293.0,12.0,49.66,121.66,0.0,0.0,0.0,0.0,0.0,28.0,20,31.4
204.0,163.2,0.0,40.8,554.0,1293.0,12.0,49.66,121.66,0.0,0.0,0.0,0.0,0.0,28.0,20,39.0
204.0,163.2,0.0,40.8,554.0,1293.0,12.0,43.37,127.95,0.0,0.0,0.0,0.0,0.0,28.0,20,29.0
204.0,163.2,0.0,40.8,554.0,1293.0,12.0,69.93,101.39,0.0,0.0,0.0,0.0,0.0,28.0,20,42.2
204.0,163.2,0.0,40.8,554.0,1293.0,12.0,58.07,113.25,0.0,0.0,0.0,0.0,0.0,28.0,20,37.2
183.6,183.6,0.0,40.8,554.0,1293.0,12.0,43.37,127.95,0.0,0.0,0.0,0.0,0.0,28.0,20,38.2
183.6,183.6,0.0,40.8,554.0,1293.0,12.0,49.66,121.66,0.0,0.0,0.0,0.0,0.0,28.0,20,36.5
183.6,183.6,0.0,40.8,554.0,1293.0,12.0,58.07,113.25,0.0,0.0,0.0,0.0,0.0,28.0,20,38.2
183.6,183.6,0.0,40.8,554.0,1293.0,12.0,69.93,101.39,0.0,0.0,0.0,0.0,0.0,28.0,20,41.6
388.0,0.0,0.0,0.0,554.0,1293.0,14.0,45.0,113.0,0.0,0.0,0.0,0.0,0.0,3.0,20,29.8
0.0,0.0,388.0,0.0,554.0,1293.0,14.0,45.0,113.0,0.0,0.0,0.0,0.0,0.0,3.0,20,20.0
349.2,0.0,38.8,0.0,554.0,1293.0,14.0,45.0,113.0,0.0,0.0,0.0,0.0,0.0,3.0,20,25.4
388.0,0.0,0.0,0.0,554.0,1293.0,14.0,45.0,113.0,0.0,0.0,0.0,0.0,0.0,7.0,20,30.2
0.0,0.0,388.0,0.0,554.0,1293.0,14.0,45.0,113.0,0.0,0.0,0.0,0.0,0.0,7.0,20,20.3
349.2,0.0,38.8,0.0,554.0,1293.0,14.0,45.0,113.0,0.0,0.0,0.0,0.0,0.0,7.0,20,28.9
388.0,0.0,0.0,0.0,554.0,1293.0,14.0,45.0,113.0,0.0,0.0,0.0,0.0,0.0,14.0,20,31.5
0.0,0.0,388.0,0.0,554.0,1293.0,14.0,45.0,113.0,0.0,0.0,0.0,0.0,0.0,14.0,20,22.5
349.2,0.0,38.8,0.0,554.0,1293.0,14.0,45.0,113.0,0.0,0.0,0.0,0.0,0.0,14.0,20,30.0
388.0,0.0,0.0,0.0,554.0,1293.0,14.0,45.0,113.0,0.0,0.0,0.0,0.0,0.0,20.0,20,33.7
0.0,0.0,388.0,0.0,554.0,1293.0,14.0,45.0,113.0,0.0,0.0,0.0,0.0,0.0,20.0,20,23.4
349.2,0.0,38.8,0.0,554.0,1293.0,14.0,45.0,113.0,0.0,0.0,0.0,0.0,0.0,20.0,20,31.5
388.0,0.0,0.0,0.0,554.0,1293.0,14.0,45.0,113.0,0.0,0.0,0.0,0.0,0.0,28.0,20,36.9
0.0,0.0,388.0,0.0,554.0,1293.0,14.0,45.0,113.0,0.0,0.0,0.0,0.0,0.0,28.0,20,24.8
349.2,0.0,38.8,0.0,554.0,1293.0,14.0,45.0,113.0,0.0,0.0,0.0,0.0,0.0,28.0,20,33.6
0.0,80.0,320.0,0.0,724.0,1312.0,10.0,37.0,93.0,0.0,0.0,0.0,0.0,0.0,7.0,20,19.2
0.0,200.0,200.0,0.0,724.0,1312.0,10.0,37.0,93.0,0.0,0.0,0.0,0.0,0.0,7.0,20,24.3
0.0,320.0,80.0,0.0,724.0,1312.0,10.0,37.0,93.0,0.0,0.0,0.0,0.0,0.0,7.0,20,37.4
0.0,80.0,320.0,0.0,724.0,1312.0,10.0,37.0,93.0,0.0,0.0,0.0,0.0,0.0,28.0,20,27.6
0.0,200.0,200.0,0.0,724.0,1312.0,10.0,37.0,93.0,0.0,0.0,0.0,0.0,0.0,28.0,20,32.5
0.0,320.0,80.0,0.0,724.0,1312.0,10.0,37.0,93.0,0.0,0.0,0.0,0.0,0.0,28.0,20,49.2
0.0,0.0,350.0,0.0,599.0,1272.0,14.0,142.0,165.0,0.0,0.0,0.0,0.0,0.0,7.0,20,53.6
0.0,0.0,350.0,0.0,599.0,1272.0,14.0,126.0,181.0,0.0,0.0,0.0,0.0,0.0,7.0,20,56.5
0.0,0.0,350.0,0.0,599.0,1272.0,14.0,110.0,197.0,0.0,0.0,0.0,0.0,0.0,7.0,20,52.1
0.0,0.0,350.0,0.0,599.0,1272.0,14.0,95.0,212.0,0.0,0.0,0.0,0.0,0.0,7.0,20,43.4
0.0,0.0,350.0,0.0,599.0,1272.0,14.0,83.0,224.0,0.0,0.0,0.0,0.0,0.0,7.0,20,34.3
0.0,0.0,325.0,0.0,599.0,1272.0,14.0,112.0,200.0,0.0,0.0,0.0,0.0,0.0,7.0,20,40.3
0.0,0.0,375.0,0.0,599.0,1272.0,14.0,94.0,168.0,0.0,0.0,0.0,0.0,0.0,7.0,20,35.4
0.0,0.0,400.0,0.0,599.0,1272.0,14.0,85.0,152.0,0.0,0.0,0.0,0.0,0.0,7.0,20,25.1
0.0,0.0,425.0,0.0,599.0,1272.0,14.0,76.0,136.0,0.0,0.0,0.0,0.0,0.0,7.0,20,14.8
0.0,0.0,420.0,0.0,533.0,1133.0,14.0,130.0,234.0,0.0,0.0,0.0,0.0,0.0,7.0,20,42.5
0.0,0.0,365.0,0.0,564.0,1200.0,14.0,115.0,206.0,0.0,0.0,0.0,0.0,0.0,7.0,20,44.5
0.0,0.0,315.0,0.0,596.0,1266.0,14.0,98.0,175.0,0.0,0.0,0.0,0.0,0.0,7.0,20,43.4
0.0,0.0,262.0,0.0,627.0,1333.0,14.0,82.0,146.0,0.0,0.0,0.0,0.0,0.0,7.0,20,37.8
0.0,0.0,350.0,0.0,599.0,1272.0,14.0,110.0,197.0,0.0,0.0,0.0,0.0,0.0,7.0,20,35.8
0.0,0.0,350.0,0.0,599.0,1272.0,14.0,110.0,197.0,0.0,0.0,0.0,0.0,0.0,7.0,20,32.7
0.0,0.0,350.0,0.0,599.0,1272.0,14.0,110.0,197.0,0.0,0.0,0.0,0.0,0.0,7.0,20,24.6
0.0,0.0,350.0,0.0,599.0,1272.0,14.0,110.0,197.0,0.0,0.0,0.0,0.0,0.0,7.0,20,19.9
0.0,0.0,350.0,0.0,599.0,1272.0,14.0,142.0,165.0,0.0,0.0,0.0,0.0,0.0,14.0,20,55.2
0.0,0.0,350.0,0.0,599.0,1272.0,14.0,126.0,181.0,0.0,0.0,0.0,0.0,0.0,14.0,20,61.1
0.0,0.0,350.0,0.0,599.0,1272.0,14.0,110.0,197.0,0.0,0.0,0.0,0.0,0.0,14.0,20,58.4
0.0,0.0,350.0,0.0,599.0,1272.0,14.0,95.0,212.0,0.0,0.0,0.0,0.0,0.0,14.0,20,46.5
0.0,0.0,350.0,0.0,599.0,1272.0,14.0,83.0,224.0,0.0,0.0,0.0,0.0,0.0,14.0,20,36.8
0.0,0.0,325.0,0.0,599.0,1272.0,14.0,112.0,200.0,0.0,0.0,0.0,0.0,0.0,14.0,20,43.8
0.0,0.0,375.0,0.0,599.0,1272.0,14.0,94.0,168.0,0.0,0.0,0.0,0.0,0.0,14.0,20,38.7
0.0,0.0,400.0,0.0,599.0,1272.0,14.0,85.0,152.0,0.0,0.0,0.0,0.0,0.0,14.0,20,27.9
0.0,0.0,425.0,0.0,599.0,1272.0,14.0,76.0,136.0,0.0,0.0,0.0,0.0,0.0,14.0,20,15.3
0.0,0.0,420.0,0.0,533.0,1133.0,14.0,130.0,234.0,0.0,0.0,0.0,0.0,0.0,14.0,20,43.2
0.0,0.0,365.0,0.0,564.0,1200.0,14.0,115.0,206.0,0.0,0.0,0.0,0.0,0.0,14.0,20,46.7
0.0,0.0,315.0,0.0,596.0,1266.0,14.0,98.0,175.0,0.0,0.0,0.0,0.0,0.0,14.0,20,44.2
0.0,0.0,262.0,0.0,627.0,1333.0,14.0,82.0,146.0,0.0,0.0,0.0,0.0,0.0,14.0,20,38.9
0.0,0.0,350.0,0.0,599.0,1272.0,14.0,110.0,197.0,0.0,0.0,0.0,0.0,0.0,14.0,20,36.5
0.0,0.0,350.0,0.0,599.0,1272.0,14.0,110.0,197.0,0.0,0.0,0.0,0.0,0.0,14.0,20,33.6
0.0,0.0,350.0,0.0,599.0,1272.0,14.0,110.0,197.0,0.0,0.0,0.0,0.0,0.0,14.0,20,25.2
0.0,0.0,350.0,0.0,599.0,1272.0,14.0,110.0,197.0,0.0,0.0,0.0,0.0,0.0,14.0,20,20.1
0.0,0.0,350.0,0.0,599.0,1272.0,14.0,142.0,165.0,0.0,0.0,0.0,0.0,0.0,28.0,20,57.8
0.0,0.0,350.0,0.0,599.0,1272.0,14.0,126.0,181.0,0.0,0.0,0.0,0.0,0.0,28.0,20,60.3
0.0,0.0,350.0,0.0,599.0,1272.0,14.0,110.0,197.0,0.0,0.0,0.0,0.0,0.0,28.0,20,58.6
0.0,0.0,350.0,0.0,599.0,1272.0,14.0,95.0,212.0,0.0,0.0,0.0,0.0,0.0,28.0,20,47.4
0.0,0.0,350.0,0.0,599.0,1272.0,14.0,83.0,224.0,0.0,0.0,0.0,0.0,0.0,28.0,20,38.5
0.0,0.0,325.0,0.0,599.0,1272.0,14.0,112.0,200.0,0.0,0.0,0.0,0.0,0.0,28.0,20,44.2
0.0,0.0,375.0,0.0,599.0,1272.0,14.0,94.0,168.0,0.0,0.0,0.0,0.0,0.0,28.0,20,38.1
0.0,0.0,400.0,0.0,599.0,1272.0,14.0,85.0,152.0,0.0,0.0,0.0,0.0,0.0,28.0,20,28.2
0.0,0.0,425.0,0.0,599.0,1272.0,14.0,76.0,136.0,0.0,0.0,0.0,0.0,0.0,28.0,20,15.6
0.0,0.0,420.0,0.0,533.0,1133.0,14.0,130.0,234.0,0.0,0.0,0.0,0.0,0.0,28.0,20,44.7
0.0,0.0,365.0,0.0,564.0,1200.0,14.0,115.0,206.0,0.0,0.0,0.0,0.0,0.0,28.0,20,48.9
0.0,0.0,315.0,0.0,596.0,1266.0,14.0,98.0,175.0,0.0,0.0,0.0,0.0,0.0,28.0,20,45.6
0.0,0.0,262.0,0.0,627.0,1333.0,14.0,82.0,146.0,0.0,0.0,0.0,0.0,0.0,28.0,20,39.6
0.0,0.0,350.0,0.0,599.0,1272.0,14.0,110.0,197.0,0.0,0.0,0.0,0.0,0.0,28.0,20,36.8
0.0,0.0,350.0,0.0,599.0,1272.0,14.0,110.0,197.0,0.0,0.0,0.0,0.0,0.0,28.0,20,34.5
0.0,0.0,350.0,0.0,599.0,1272.0,14.0,110.0,197.0,0.0,0.0,0.0,0.0,0.0,28.0,20,26.3
0.0,0.0,350.0,0.0,599.0,1272.0,14.0,110.0,197.0,0.0,0.0,0.0,0.0,0.0,28.0,20,22.3
0.0,0.0,800.0,0.0,1900.0,0.0,12.0,500.0,500.0,0.0,0.0,0.0,0.0,0.0,28.0,20,33.4
0.0,0.0,800.0,0.0,1900.0,0.0,12.0,445.0,555.0,0.0,0.0,0.0,0.0,0.0,28.0,20,34.8
0.0,0.0,800.0,0.0,1900.0,0.0,12.0,400.0,600.0,0.0,0.0,0.0,0.0,0.0,28.0,20,35.2
0.0,0.0,800.0,0.0,1900.0,0.0,12.0,363.0,637.0,0.0,0.0,0.0,0.0,0.0,28.0,20,35.1
0.0,0.0,800.0,0.0,1900.0,0.0,12.0,333.0,667.0,0.0,0.0,0.0,0.0,0.0,28.0,20,38.3
0.0,0.0,800.0,0.0,1900.0,0.0,12.0,308.0,692.0,0.0,0.0,0.0,0.0,0.0,28.0,20,33.2
0.0,0.0,800.0,0.0,1900.0,0.0,12.0,286.0,714.0,0.0,0.0,0.0,0.0,0.0,28.0,20,22.6
0.0,0.0,800.0,0.0,1900.0,0.0,12.0,267.0,733.0,0.0,0.0,0.0,0.0,0.0,28.0,20,18.6
0.0,0.0,800.0,0.0,1900.0,0.0,12.0,250.0,750.0,0.0,0.0,0.0,0.0,0.0,28.0,20,17.5
528.0,0.0,0.0,0.0,1453.0,0.0,12.0,13.4,72.3,178.3,0.0,0.0,0.0,0.0,7.0,20,11.2
369.6,158.4,0.0,0.0,1453.0,0.0,12.0,13.4,72.3,178.3,0.0,0.0,0.0,0.0,7.0,20,21.3
264.0,264.0,0.0,0.0,1453.0,0.0,12.0,13.4,72.3,178.3,0.0,0.0,0.0,0.0,7.0,20,58.3
158.4,369.6,0.0,0.0,1453.0,0.0,12.0,13.4,72.3,178.3,0.0,0.0,0.0,0.0,7.0,20,56.5
0.0,528.0,0.0,0.0,1453.0,0.0,12.0,13.4,72.3,178.3,0.0,0.0,0.0,0.0,7.0,20,56.3
550.0,0.0,0.0,0.0,1453.0,0.0,12.0,20.1,108.5,135.4,0.0,0.0,0.0,0.0,7.0,20,18.9
385.0,165.0,0.0,0.0,1453.0,0.0,12.0,20.1,108.5,135.4,0.0,0.0,0.0,0.0,7.0,20,66.5
275.0,275.0,0.0,0.0,1453.0,0.0,12.0,20.1,108.5,135.4,0.0,0.0,0.0,0.0,7.0,20,95.1
165.0,385.0,0.0,0.0,1453.0,0.0,12.0,20.1,108.5,135.4,0.0,0.0,0.0,0.0,7.0,20,84.5
0.0,550.0,0.0,0.0,1453.0,0.0,12.0,20.1,108.5,135.4,0.0,0.0,0.0,0.0,7.0,20,82.6
528.0,0.0,0.0,0.0,1453.0,0.0,12.0,13.4,72.3,178.3,0.0,0.0,0.0,0.0,14.0,20,16.5
369.6,158.4,0.0,0.0,1453.0,0.0,12.0,13.4,72.3,178.3,0.0,0.0,0.0,0.0,14.0,20,24.8
264.0,264.0,0.0,0.0,1453.0,0.0,12.0,13.4,72.3,178.3,0.0,0.0,0.0,0.0,14.0,20,62.1
158.4,369.6,0.0,0.0,1453.0,0.0,12.0,13.4,72.3,178.3,0.0,0.0,0.0,0.0,14.0,20,62.0
0.0,528.0,0.0,0.0,1453.0,0.0,12.0,13.4,72.3,178.3,0.0,0.0,0.0,0.0,14.0,20,61.8
550.0,0.0,0.0,0.0,1453.0,0.0,12.0,20.1,108.5,135.4,0.0,0.0,0.0,0.0,14.0,20,21.1
385.0,165.0,0.0,0.0,1453.0,0.0,12.0,20.1,108.5,135.4,0.0,0.0,0.0,0.0,14.0,20,70.2
275.0,275.0,0.0,0.0,1453.0,0.0,12.0,20.1,108.5,135.4,0.0,0.0,0.0,0.0,14.0,20,102.3
165.0,385.0,0.0,0.0,1453.0,0.0,12.0,20.1,108.5,135.4,0.0,0.0,0.0,0.0,14.0,20,98.6
0.0,550.0,0.0,0.0,1453.0,0.0,12.0,20.1,108.5,135.4,0.0,0.0,0.0,0.0,14.0,20,85.4
528.0,0.0,0.0,0.0,1453.0,0.0,12.0,13.4,72.3,178.3,0.0,0.0,0.0,0.0,28.0,20,18.9
369.6,158.4,0.0,0.0,1453.0,0.0,12.0,13.4,72.3,178.3,0.0,0.0,0.0,0.0,28.0,20,32.3
264.0,264.0,0.0,0.0,1453.0,0.0,12.0,13.4,72.3,178.3,0.0,0.0,0.0,0.0,28.0,20,88.0
158.4,369.6,0.0,0.0,1453.0,0.0,12.0,13.4,72.3,178.3,0.0,0.0,0.0,0.0,28.0,20,70.5
0.0,528.0,0.0,0.0,1453.0,0.0,12.0,13.4,72.3,178.3,0.0,0.0,0.0,0.0,28.0,20,64.1
550.0,0.0,0.0,0.0,1453.0,0.0,12.0,20.1,108.5,135.4,0.0,0.0,0.0,0.0,28.0,20,23.2
385.0,165.0,0.0,0.0,1453.0,0.0,12.0,20.1,108.5,135.4,0.0,0.0,0.0,0.0,28.0,20,74.3
275.0,275.0,0.0,0.0,1453.0,0.0,12.0,20.1,108.5,135.4,0.0,0.0,0.0,0.0,28.0,20,105.8
165.0,385.0,0.0,0.0,1453.0,0.0,12.0,20.1,108.5,135.4,0.0,0.0,0.0,0.0,28.0,20,103.4
0.0,550.0,0.0,0.0,1453.0,0.0,12.0,20.1,108.5,135.4,0.0,0.0,0.0,0.0,28.0,20,96.3
474.0,0.0,0.0,46.2,793.0,793.0,12.0,61.6,0.0,163.0,0.0,0.0,0.0,0.0,1.0,20,26.5
474.0,0.0,0.0,46.2,793.0,793.0,12.0,61.6,0.0,163.0,0.0,0.0,0.0,0.0,7.0,20,28.3
474.0,0.0,0.0,46.2,793.0,793.0,12.0,61.6,0.0,163.0,0.0,0.0,0.0,0.0,28.0,20,29.4
474.0,0.0,0.0,46.2,793.0,793.0,12.0,61.6,0.0,163.0,0.0,0.0,0.0,0.0,1.0,20,20.1
474.0,0.0,0.0,46.2,793.0,793.0,12.0,61.6,0.0,163.0,0.0,0.0,0.0,0.0,7.0,20,21.4
474.0,0.0,0.0,46.2,793.0,793.0,12.0,61.6,0.0,163.0,0.0,0.0,0.0,0.0,28.0,20,22.0
474.0,0.0,0.0,46.2,793.0,793.0,12.0,61.6,0.0,163.0,0.0,0.0,0.0,0.0,1.0,20,45.1
474.0,0.0,0.0,46.2,793.0,793.0,12.0,61.6,0.0,163.0,0.0,0.0,0.0,0.0,7.0,20,47.5
474.0,0.0,0.0,46.2,793.0,793.0,12.0,61.6,0.0,163.0,0.0,0.0,0.0,0.0,28.0,20,48.9
474.0,0.0,0.0,46.2,793.0,793.0,12.0,61.6,0.0,163.0,0.0,0.0,0.0,0.0,1.0,20,64.7
474.0,0.0,0.0,46.2,793.0,793.0,12.0,61.6,0.0,163.0,0.0,0.0,0.0,0.0,7.0,20,66.7
474.0,0.0,0.0,46.2,793.0,793.0,12.0,61.6,0.0,163.0,0.0,0.0,0.0,0.0,28.0,20,67.3
525.0,0.0,0.0,0.0,707.0,1060.0,12.0,64.0,96.0,74.0,0.0,0.0,0.0,0.0,7.0,20,25.1
510.0,0.0,0.0,0.0,707.0,1060.0,12.0,64.0,96.0,74.0,0.0,0.0,0.0,0.0,7.0,20,24.1
495.0,0.0,0.0,0.0,707.0,1060.0,12.0,64.0,96.0,74.0,0.0,0.0,0.0,0.0,7.0,20,23.4
487.0,0.0,0.0,0.0,707.0,1060.0,12.0,64.0,96.0,74.0,0.0,0.0,0.0,0.0,7.0,20,23.0
475.0,0.0,0.0,0.0,707.0,1060.0,12.0,64.0,96.0,74.0,0.0,0.0,0.0,0.0,7.0,20,22.6
450.0,0.0,0.0,0.0,707.0,1060.0,12.0,64.0,96.0,74.0,0.0,0.0,0.0,0.0,7.0,20,21.7
440.0,0.0,0.0,0.0,707.0,1060.0,12.0,64.0,96.0,74.0,0.0,0.0,0.0,0.0,7.0,20,19.2
430.0,0.0,0.0,0.0,707.0,1060.0,12.0,64.0,96.0,74.0,0.0,0.0,0.0,0.0,7.0,20,17.5
400.0,0.0,0.0,0.0,707.0,1060.0,12.0,64.0,96.0,74.0,0.0,0.0,0.0,0.0,7.0,20,13.7
525.0,0.0,0.0,0.0,707.0,1060.0,12.0,64.0,96.0,74.0,0.0,0.0,0.0,0.0,28.0,20,38.2
510.0,0.0,0.0,0.0,707.0,1060.0,12.0,64.0,96.0,74.0,0.0,0.0,0.0,0.0,28.0,20,34.6
495.0,0.0,0.0,0.0,707.0,1060.0,12.0,64.0,96.0,74.0,0.0,0.0,0.0,0.0,28.0,20,33.7
487.0,0.0,0.0,0.0,707.0,1060.0,12.0,64.0,96.0,74.0,0.0,0.0,0.0,0.0,28.0,20,33.2
475.0,0.0,0.0,0.0,707.0,1060.0,12.0,64.0,96.0,74.0,0.0,0.0,0.0,0.0,28.0,20,32.0
450.0,0.0,0.0,0.0,707.0,1060.0,12.0,64.0,96.0,74.0,0.0,0.0,0.0,0.0,28.0,20,30.7
440.0,0.0,0.0,0.0,707.0,1060.0,12.0,64.0,96.0,74.0,0.0,0.0,0.0,0.0,28.0,20,29.8
430.0,0.0,0.0,0.0,707.0,1060.0,12.0,64.0,96.0,74.0,0.0,0.0,0.0,0.0,28.0,20,28.2
400.0,0.0,0.0,0.0,707.0,1060.0,12.0,64.0,96.0,74.0,0.0,0.0,0.0,0.0,28.0,20,21.9
175.0,75.0,0.0,0.0,806.0,1088.0,16.0,80.0,120.0,0.0,0.0,0.0,0.0,0.0,3.0,20,27.2
200.0,85.0,0.0,0.0,793.0,1070.0,16.0,80.0,120.0,0.0,0.0,0.0,0.0,0.0,3.0,20,26.4
233.0,100.0,0.0,0.0,776.0,1046.0,16.0,80.0,120.0,0.0,0.0,0.0,0.0,0.0,3.0,20,24.6
280.0,120.0,0.0,0.0,751.0,1013.0,16.0,80.0,120.0,0.0,0.0,0.0,0.0,0.0,3.0,20,18.9
350.0,150.0,0.0,0.0,714.0,963.0,16.0,80.0,120.0,0.0,0.0,0.0,0.0,0.0,3.0,20,17.8
466.0,200.0,0.0,0.0,652.0,880.0,16.0,80.0,120.0,0.0,0.0,0.0,0.0,0.0,3.0,20,13.9
175.0,75.0,0.0,0.0,806.0,1088.0,16.0,80.0,120.0,0.0,0.0,0.0,0.0,0.0,7.0,20,46.1
200.0,85.0,0.0,0.0,793.0,1070.0,16.0,80.0,120.0,0.0,0.0,0.0,0.0,0.0,7.0,20,42.6
233.0,100.0,0.0,0.0,776.0,1046.0,16.0,80.0,120.0,0.0,0.0,0.0,0.0,0.0,7.0,20,37.5
280.0,120.0,0.0,0.0,751.0,1013.0,16.0,80.0,120.0,0.0,0.0,0.0,0.0,0.0,7.0,20,28.6
350.0,150.0,0.0,0.0,714.0,963.0,16.0,80.0,120.0,0.0,0.0,0.0,0.0,0.0,7.0,20,24.7
466.0,200.0,0.0,0.0,652.0,880.0,16.0,80.0,120.0,0.0,0.0,0.0,0.0,0.0,7.0,20,22.5
175.0,75.0,0.0,0.0,806.0,1088.0,16.0,80.0,120.0,0.0,0.0,0.0,0.0,0.0,28.0,20,60.0
200.0,85.0,0.0,0.0,793.0,1070.0,16.0,80.0,120.0,0.0,0.0,0.0,0.0,0.0,28.0,20,52.5
233.0,100.0,0.0,0.0,776.0,1046.0,16.0,80.0,120.0,0.0,0.0,0.0,0.0,0.0,28.0,20,46.2
280.0,120.0,0.0,0.0,751.0,1013.0,16.0,80.0,120.0,0.0,0.0,0.0,0.0,0.0,28.0,20,38.2
350.0,150.0,0.0,0.0,714.0,963.0,16.0,80.0,120.0,0.0,0.0,0.0,0.0,0.0,28.0,20,34.6
466.0,200.0,0.0,0.0,652.0,880.0,16.0,80.0,120.0,0.0,0.0,0.0,0.0,0.0,28.0,20,30.6
175.0,75.0,0.0,0.0,806.0,1088.0,16.0,80.0,120.0,0.0,0.0,0.0,0.0,0.0,56.0,20,64.1
200.0,85.0,0.0,0.0,793.0,1070.0,16.0,80.0,120.0,0.0,0.0,0.0,0.0,0.0,56.0,20,56.3
233.0,100.0,0.0,0.0,776.0,1046.0,16.0,80.0,120.0,0.0,0.0,0.0,0.0,0.0,56.0,20,48.9
280.0,120.0,0.0,0.0,751.0,1013.0,16.0,80.0,120.0,0.0,0.0,0.0,0.0,0.0,56.0,20,45.0
350.0,150.0,0.0,0.0,714.0,963.0,16.0,80.0,120.0,0.0,0.0,0.0,0.0,0.0,56.0,20,39.5
466.0,200.0,0.0,0.0,652.0,880.0,16.0,80.0,120.0,0.0,0.0,0.0,0.0,0.0,56.0,20,31.8
170.0,690.0,0.0,46.0,900.0,0.0,12.0,46.0,316.0,88.0,0.0,0.0,0.0,0.0,28.0,20,102.0
170.0,690.0,0.0,46.0,900.0,0.0,12.0,46.0,316.0,88.0,1.0,0.2,13.0,203.0,28.0,20,110.0
170.0,690.0,0.0,46.0,900.0,0.0,12.0,46.0,316.0,88.0,2.0,0.2,13.0,203.0,28.0,20,129.0
170.0,690.0,0.0,46.0,900.0,0.0,12.0,46.0,316.0,88.0,3.0,0.2,13.0,203.0,28.0,20,156.0
165.0,650.0,0.0,90.0,900.0,0.0,12.0,46.0,316.0,88.0,2.0,0.2,13.0,203.0,28.0,20,103.0
146.0,585.0,0.0,181.0,900.0,0.0,12.0,46.0,316.0,88.0,2.0,0.2,13.0,203.0,28.0,20,142.0
126.0,505.0,0.0,272.0,900.0,0.0,12.0,46.0,316.0,88.0,2.0,0.2,13.0,203.0,28.0,20,156.0
300.0,100.0,0.0,0.0,525.0,1225.0,8.0,78.0,195.0,0.0,0.0,0.0,0.0,0.0,28.0,20,25.2
375.0,125.0,0.0,0.0,495.0,1155.0,8.0,78.0,195.0,0.0,0.0,0.0,0.0,0.0,28.0,20,27.4
500.0,167.0,0.0,0.0,445.0,1038.0,8.0,78.0,195.0,0.0,0.0,0.0,0.0,0.0,28.0,20,28.5
200.0,200.0,0.0,0.0,525.0,1225.0,8.0,78.0,195.0,0.0,0.0,0.0,0.0,0.0,28.0,20,49.8
250.0,250.0,0.0,0.0,495.0,1155.0,8.0,78.0,195.0,0.0,0.0,0.0,0.0,0.0,28.0,20,58.1
333.0,333.0,0.0,0.0,445.0,1038.0,8.0,78.0,195.0,0.0,0.0,0.0,0.0,0.0,28.0,20,61.3
100.0,300.0,0.0,0.0,525.0,1225.0,8.0,78.0,195.0,0.0,0.0,0.0,0.0,0.0,28.0,20,65.2
125.0,375.0,0.0,0.0,495.0,1155.0,8.0,78.0,195.0,0.0,0.0,0.0,0.0,0.0,28.0,20,71.2
167.0,500.0,0.0,0.0,445.0,1038.0,8.0,78.0,195.0,0.0,0.0,0.0,0.0,0.0,28.0,20,79.6
175.0,75.0,0.0,0.0,806.0,1088.0,12.0,80.0,120.0,0.0,0.0,0.0,0.0,0.0,28.0,20,64.3
200.0,85.0,0.0,0.0,793.0,1070.0,12.0,80.0,120.0,0.0,0.0,0.0,0.0,0.0,28.0,20,47.2
233.0,100.0,0.0,0.0,776.0,1046.0,12.0,80.0,120.0,0.0,0.0,0.0,0.0,0.0,28.0,20,38.6
280.0,120.0,0.0,0.0,751.0,1013.0,12.0,80.0,120.0,0.0,0.0,0.0,0.0,0.0,28.0,20,33.2
350.0,150.0,0.0,0.0,714.0,1003.0,12.0,80.0,120.0,0.0,0.0,0.0,0.0,0.0,28.0,20,29.8
466.0,200.0,0.0,0.0,652.0,880.0,12.0,80.0,120.0,0.0,0.0,0.0,0.0,0.0,28.0,20,26.5
0.0,300.0,0.0,0.0,990.0,990.0,0.0,0.0,111.0,66.0,0.0,0.0,0.0,0.0,28.0,20,48.5
0.0,400.0,0.0,0.0,885.0,885.0,0.0,0.0,148.0,88.0,0.0,0.0,0.0,0.0,28.0,20,69.2
0.0,500.0,0.0,0.0,780.0,780.0,0.0,0.0,185.0,110.0,0.0,0.0,0.0,0.0,28.0,20,73.8
0.0,300.0,0.0,0.0,990.0,990.0,0.0,0.0,111.0,66.0,0.0,0.0,0.0,0.0,28.0,20,67.5
0.0,400.0,0.0,0.0,885.0,885.0,0.0,0.0,148.0,88.0,0.0,0.0,0.0,0.0,28.0,20,73.6
0.0,500.0,0.0,0.0,780.0,780.0,0.0,0.0,185.0,110.0,0.0,0.0,0.0,0.0,28.0,20,89.8
160.0,1000.0,0.0,100.0,1060.0,0.0,12.0,480.0,74.0,74.0,3.0,0.2,13.0,203.0,7.0,20,124.5
160.0,1000.0,0.0,100.0,1060.0,0.0,12.0,480.0,74.0,74.0,3.0,0.2,13.0,203.0,14.0,20,134.2
160.0,1000.0,0.0,100.0,1060.0,0.0,12.0,480.0,74.0,74.0,3.0,0.2,13.0,203.0,28.0,20,151.2
160.0,1000.0,0.0,100.0,1060.0,0.0,12.0,480.0,74.0,74.0,3.0,0.2,13.0,203.0,56.0,20,154.2
172.0,688.0,0.0,45.0,905.0,0.0,12.0,45.0,314.0,87.0,1.0,0.2,13.0,203.0,28.0,20,108.5
172.0,688.0,0.0,45.0,905.0,0.0,12.0,45.0,314.0,87.0,2.0,0.2,13.0,203.0,28.0,20,127.6
172.0,688.0,0.0,45.0,905.0,0.0,12.0,45.0,314.0,87.0,3.0,0.2,13.0,203.0,28.0,20,154.9
172.0,652.0,0.0,90.0,905.0,0.0,12.0,45.0,314.0,87.0,2.0,0.2,13.0,203.0,28.0,20,104.5
172.0,580.0,0.0,180.0,905.0,0.0,12.0,45.0,314.0,87.0,2.0,0.2,13.0,203.0,28.0,20,137.9
172.0,508.0,0.0,270.0,905.0,0.0,12.0,45.0,314.0,87.0,2.0,0.2,13.0,203.0,28.0,20,153.9
172.0,688.0,0.0,45.0,905.0,0.0,12.0,45.0,314.0,97.0,1.0,0.2,13.0,203.0,28.0,20,143.5
172.0,688.0,0.0,45.0,905.0,0.0,12.0,45.0,314.0,97.0,2.0,0.2,13.0,203.0,28.0,20,149.7
172.0,688.0,0.0,45.0,905.0,0.0,12.0,45.0,314.0,97.0,3.0,0.2,13.0,203.0,28.0,20,156.2
172.0,688.0,0.0,45.0,905.0,0.0,12.0,45.0,314.0,97.0,1.0,0.2,13.0,203.0,28.0,20,142.1
172.0,688.0,0.0,45.0,905.0,0.0,12.0,45.0,314.0,97.0,2.0,0.2,13.0,203.0,28.0,20,158.9
172.0,688.0,0.0,45.0,905.0,0.0,12.0,45.0,314.0,97.0,3.0,0.2,13.0,203.0,28.0,20,168.5
172.0,688.0,0.0,45.0,905.0,0.0,12.0,45.0,314.0,97.0,1.0,0.2,13.0,203.0,28.0,20,145.9
172.0,688.0,0.0,45.0,905.0,0.0,12.0,45.0,314.0,97.0,2.0,0.2,13.0,203.0,28.0,20,161.6
172.0,688.0,0.0,45.0,905.0,0.0,12.0,45.0,314.0,97.0,3.0,0.2,13.0,203.0,28.0,20,170.4
640.0,0.0,0.0,0.0,91.4,228.6,10.0,576.0,864.0,0.0,0.0,0.0,0.0,0.0,28.0,20,48.0
560.0,0.0,0.0,0.0,80.0,200.0,10.0,624.0,936.0,0.0,0.0,0.0,0.0,0.0,28.0,20,53.0
480.0,0.0,0.0,0.0,68.6,171.4,10.0,672.0,1008.0,0.0,0.0,0.0,0.0,0.0,28.0,20,58.0
400.0,0.0,0.0,0.0,57.0,143.0,10.0,720.0,1080.0,0.0,0.0,0.0,0.0,0.0,28.0,20,45.0
640.0,0.0,0.0,0.0,91.4,228.6,12.0,576.0,864.0,0.0,0.0,0.0,0.0,0.0,28.0,20,63.0
560.0,0.0,0.0,0.0,80.0,200.0,12.0,624.0,936.0,0.0,0.0,0.0,0.0,0.0,28.0,20,70.0
480.0,0.0,0.0,0.0,68.6,171.4,12.0,672.0,1008.0,0.0,0.0,0.0,0.0,0.0,28.0,20,75.0
400.0,0.0,0.0,0.0,57.0,143.0,12.0,720.0,1080.0,0.0,0.0,0.0,0.0,0.0,28.0,20,68.0
640.0,0.0,0.0,0.0,91.4,228.6,14.0,576.0,864.0,0.0,0.0,0.0,0.0,0.0,28.0,20,68.0
560.0,0.0,0.0,0.0,80.0,200.0,14.0,624.0,936.0,0.0,0.0,0.0,0.0,0.0,28.0,20,72.0
480.0,0.0,0.0,0.0,68.6,171.4,14.0,672.0,1008.0,0.0,0.0,0.0,0.0,0.0,28.0,20,85.0
400.0,0.0,0.0,0.0,57.0,143.0,14.0,720.0,1080.0,0.0,0.0,0.0,0.0,0.0,28.0,20,70.0
640.0,0.0,0.0,0.0,91.4,228.6,16.0,576.0,864.0,0.0,0.0,0.0,0.0,0.0,28.0,20,60.0
560.0,0.0,0.0,0.0,80.0,200.0,16.0,624.0,936.0,0.0,0.0,0.0,0.0,0.0,28.0,20,65.0
480.0,0.0,0.0,0.0,68.6,171.4,16.0,672.0,1008.0,0.0,0.0,0.0,0.0,0.0,28.0,20,70.0
400.0,0.0,0.0,0.0,57.0,143.0,16.0,720.0,1080.0,0.0,0.0,0.0,0.0,0.0,28.0,20,68.0
490.0,0.0,0.0,0.0,73.0,154.0,12.0,490.0,1470.0,0.0,0.0,0.0,0.0,0.0,3.0,20,8.95
490.0,0.0,0.0,0.0,73.0,154.0,12.0,490.0,1470.0,0.0,0.0,0.0,0.0,0.0,28.0,20,62.8
500.0,0.0,0.0,0.0,62.5,187.5,12.0,790.0,907.0,0.0,0.0,0.0,0.0,0.0,7.0,20,29.0
500.0,0.0,0.0,0.0,62.5,187.5,12.0,790.0,907.0,0.0,0.0,0.0,0.0,0.0,28.0,20,48.0
440.0,0.0,0.0,0.0,64.0,112.0,12.0,723.0,1085.0,0.0,0.0,0.0,0.0,0.0,3.0,20,21.7
414.0,0.0,0.0,0.0,46.6,139.7,4.0,692.0,1240.0,0.0,0.0,0.0,0.0,0.0,28.0,20,52.0
414.0,0.0,0.0,0.0,44.2,132.6,4.0,684.0,1233.0,0.0,0.0,0.0,0.0,0.0,56.0,20,76.5
450.0,0.0,0.0,0.0,135.0,135.0,10.0,500.0,970.0,0.0,0.0,0.0,0.0,0.0,7.0,20,18.6
300.0,0.0,0.0,0.0,85.0,95.0,12.0,800.0,1200.0,0.0,0.0,0.0,0.0,0.0,7.0,20,18.9
300.0,0.0,0.0,0.0,85.0,95.0,12.0,800.0,1200.0,0.0,0.0,0.0,0.0,0.0,28.0,20,45.9
450.0,0.0,0.0,0.0,75.0,150.0,12.0,750.0,1000.0,0.0,0.0,0.0,0.0,0.0,7.0,20,21.9
450.0,0.0,0.0,0.0,75.0,150.0,12.0,750.0,1000.0,0.0,0.0,0.0,0.0,0.0,28.0,20,50.4
394.29,0.0,0.0,0.0,45.06,112.64,12.0,554.4,1293.6,0.0,0.0,0.0,0.0,0.0,28.0,20,44.3
394.29,0.0,0.0,0.0,45.06,112.64,12.0,554.4,1293.6,0.0,0.0,0.0,0.0,0.0,28.0,20,48.6
370.0,0.0,0.0,0.0,60.0,150.0,14.0,620.0,1152.0,0.0,0.0,0.0,0.0,0.0,3.0,20,4.3
362.8,0.0,0.0,0.0,122.4,40.8,4.0,990.0,810.0,0.0,0.0,0.0,0.0,0.0,7.0,20,35.5
405.8,0.0,0.0,0.0,53.2,133.0,12.0,888.0,945.0,0.0,0.0,0.0,0.0,0.0,28.0,20,37.1
413.8,0.0,0.0,0.0,53.2,133.0,12.0,888.0,945.0,0.0,0.0,0.0,0.0,0.0,90.0,20,52.3
327.19,140.23,0.0,0.0,1168.55,0.0,8.0,53.42,133.55,0.0,0.0,0.0,0.0,0.0,28.0,20,54.3
327.19,140.23,0.0,0.0,1168.55,0.0,8.0,53.42,133.55,0.0,0.0,0.0,0.0,0.0,7.0,20,38.7
327.19,140.23,0.0,0.0,1168.55,0.0,8.0,53.42,133.55,0.0,0.5,0.007,9.0,1.3,7.0,20,36.6
327.19,140.23,0.0,0.0,1168.55,0.0,8.0,53.42,133.55,0.0,1.0,0.007,9.0,1.3,7.0,20,37.6
327.19,140.23,0.0,0.0,1168.55,0.0,8.0,53.42,133.55,0.0,1.5,0.007,9.0,1.3,7.0,20,39.8
327.19,140.23,0.0,0.0,1168.55,0.0,8.0,53.42,133.55,0.0,2.0,0.007,9.0,1.3,7.0,20,41.4
327.19,140.23,0.0,0.0,1168.55,0.0,8.0,53.42,133.55,0.0,2.5,0.007,9.0,1.3,7.0,20,33.2
327.19,140.23,0.0,0.0,1168.55,0.0,8.0,53.42,133.55,0.0,0.5,0.15,6.0,203.0,7.0,20,38.5
327.19,140.23,0.0,0.0,1168.55,0.0,8.0,53.42,133.55,0.0,1.0,0.15,6.0,203.0,7.0,20,43.2
327.19,140.23,0.0,0.0,1168.55,0.0,8.0,53.42,133.55,0.0,1.5,0.15,6.0,203.0,7.0,20,44.2
327.19,140.23,0.0,0.0,1168.55,0.0,8.0,53.42,133.55,0.0,2.0,0.15,6.0,203.0,7.0,20,45.4
327.19,140.23,0.0,0.0,1168.55,0.0,8.0,53.42,133.55,0.0,2.5,0.15,6.0,203.0,7.0,20,47.2
190.0,700.0,0.0,0.0,915.0,0.0,12.0,60.0,325.0,100.0,0.0,0.0,0.0,0.0,28.0,20,135.2
190.0,700.0,0.0,0.0,915.0,0.0,12.0,60.0,325.0,100.0,1.28,0.032,50.0,2.95,28.0,20,141.7
190.0,700.0,0.0,0.0,915.0,0.0,12.0,60.0,325.0,100.0,2.34,0.032,50.0,2.95,28.0,20,148.8
190.0,700.0,0.0,0.0,915.0,0.0,12.0,60.0,325.0,100.0,3.09,0.032,50.0,2.95,28.0,20,155.1
190.0,700.0,55.0,0.0,915.0,0.0,12.0,60.0,325.0,100.0,0.0,0.0,0.0,0.0,28.0,20,127.8
190.0,700.0,55.0,0.0,915.0,0.0,12.0,60.0,325.0,100.0,1.28,0.032,50.0,2.95,28.0,20,139.5
190.0,700.0,55.0,0.0,915.0,0.0,12.0,60.0,325.0,100.0,2.34,0.032,50.0,2.95,28.0,20,143.2
190.0,700.0,55.0,0.0,915.0,0.0,12.0,60.0,325.0,100.0,3.09,0.032,50.0,2.95,28.0,20,156.3
175.0,660.0,100.0,0.0,915.0,0.0,12.0,60.0,325.0,100.0,0.0,0.0,0.0,0.0,28.0,20,113.4
175.0,660.0,100.0,0.0,915.0,0.0,12.0,60.0,325.0,100.0,1.28,0.032,50.0,2.95,28.0,20,122.4
175.0,660.0,100.0,0.0,915.0,0.0,12.0,60.0,325.0,100.0,2.34,0.032,50.0,2.95,28.0,20,137.2
175.0,660.0,100.0,0.0,915.0,0.0,12.0,60.0,325.0,100.0,3.09,0.032,50.0,2.95,28.0,20,157.7
155.0,590.0,190.0,0.0,915.0,0.0,12.0,60.0,325.0,100.0,0.0,0.0,0.0,0.0,28.0,20,145.1
155.0,590.0,190.0,0.0,915.0,0.0,12.0,60.0,325.0,100.0,1.28,0.032,50.0,2.95,28.0,20,152.5
155.0,590.0,190.0,0.0,915.0,0.0,12.0,60.0,325.0,100.0,2.34,0.032,50.0,2.95,28.0,20,163.7
155.0,590.0,190.0,0.0,915.0,0.0,12.0,60.0,325.0,100.0,3.09,0.032,50.0,2.95,28.0,20,172.8
135.0,520.0,280.0,0.0,915.0,0.0,12.0,60.0,325.0,100.0,0.0,0.0,0.0,0.0,28.0,20,161.2
135.0,520.0,280.0,0.0,915.0,0.0,12.0,60.0,325.0,100.0,1.28,0.032,50.0,2.95,28.0,20,166.7
135.0,520.0,280.0,0.0,915.0,0.0,12.0,60.0,325.0,100.0,2.34,0.032,50.0,2.95,28.0,20,174.3
135.0,520.0,280.0,0.0,915.0,0.0,12.0,60.0,325.0,100.0,3.09,0.032,50.0,2.95,28.0,20,180.0
0.0,0.0,0.0,440.0,610.0,1260.0,14.0,80.0,160.0,190.0,0.0,0.0,0.0,0.0,28.0,20,53.0
0.0,0.0,0.0,440.0,610.0,1260.0,14.0,80.0,160.0,190.0,1.0,1.1,35.0,203.0,28.0,20,54.5
0.0,0.0,0.0,440.0,610.0,1260.0,14.0,80.0,160.0,190.0,2.0,1.1,35.0,203.0,28.0,20,56.2
0.0,0.0,0.0,440.0,610.0,1260.0,14.0,80.0,160.0,190.0,3.0,1.1,35.0,203.0,28.0,20,57.0
0.0,0.0,0.0,440.0,610.0,1260.0,14.0,80.0,160.0,190.0,4.0,1.1,35.0,203.0,28.0,20,52.0
230.0,767.0,53.0,0.0,922.0,0.0,12.0,84.0,336.0,58.0,0.0,0.0,0.0,0.0,28.0,20,132.7
230.0,767.0,53.0,0.0,922.0,0.0,12.0,84.0,336.0,58.0,1.0,0.2,6.0,203.0,28.0,20,136.9
230.0,767.0,53.0,0.0,922.0,0.0,12.0,84.0,336.0,58.0,2.0,0.2,6.0,203.0,28.0,20,141.9
230.0,767.0,53.0,0.0,922.0,0.0,12.0,84.0,336.0,58.0,3.0,0.2,6.0,203.0,28.0,20,139.1
230.0,767.0,53.0,0.0,922.0,0.0,12.0,84.0,336.0,58.0,1.0,0.2,13.0,203.0,28.0,20,141.8
230.0,767.0,53.0,0.0,922.0,0.0,12.0,84.0,336.0,58.0,2.0,0.2,13.0,203.0,28.0,20,159.2
230.0,767.0,53.0,0.0,922.0,0.0,12.0,84.0,336.0,58.0,3.0,0.2,13.0,203.0,28.0,20,157.7
230.0,767.0,53.0,0.0,922.0,0.0,12.0,84.0,336.0,58.0,0.0,0.0,0.0,0.0,7.0,20,112.4
230.0,767.0,53.0,0.0,922.0,0.0,12.0,84.0,336.0,58.0,1.0,0.2,6.0,200.0,7.0,20,114.2
230.0,767.0,53.0,0.0,922.0,0.0,12.0,84.0,336.0,58.0,2.0,0.2,6.0,200.0,7.0,20,119.5
230.0,767.0,53.0,0.0,922.0,0.0,12.0,84.0,336.0,58.0,3.0,0.2,6.0,200.0,7.0,20,118.5
230.0,767.0,53.0,0.0,922.0,0.0,12.0,84.0,336.0,58.0,1.0,0.2,13.0,200.0,7.0,20,122.2
230.0,767.0,53.0,0.0,922.0,0.0,12.0,84.0,336.0,58.0,2.0,0.2,13.0,200.0,7.0,20,131.8
230.0,767.0,53.0,0.0,922.0,0.0,12.0,84.0,336.0,58.0,3.0,0.2,13.0,200.0,7.0,20,129.1
647.0,0.0,216.0,0.0,1180.0,0.0,16.0,55.0,176.0,74.0,3.0,0.12,13.0,200.0,7.0,20,123.5
647.0,0.0,216.0,0.0,1180.0,0.0,16.0,55.0,176.0,74.0,3.0,0.12,13.0,200.0,14.0,20,137.8
647.0,0.0,216.0,0.0,1180.0,0.0,16.0,55.0,176.0,74.0,3.0,0.12,13.0,200.0,28.0,20,153.6
647.0,0.0,216.0,0.0,1180.0,0.0,16.0,55.0,176.0,74.0,3.0,0.12,13.0,200.0,56.0,20,158.9
394.0,0.0,0.0,0.0,554.0,1294.0,8.0,63.0,94.6,0.0,0.0,0.0,0.0,0.0,28.0,20,12.535
394.0,0.0,0.0,0.0,554.0,1294.0,8.0,52.5,105.1,0.0,0.0,0.0,0.0,0.0,28.0,20,10.58
394.0,0.0,0.0,0.0,554.0,1294.0,8.0,45.0,112.6,0.0,0.0,0.0,0.0,0.0,28.0,20,9.2
368.0,0.0,0.0,0.0,554.0,1294.0,8.0,73.6,110.4,0.0,0.0,0.0,0.0,0.0,28.0,20,8.74
368.0,0.0,0.0,0.0,554.0,1294.0,8.0,61.3,122.6,0.0,0.0,0.0,0.0,0.0,28.0,20,9.775
368.0,0.0,0.0,0.0,554.0,1294.0,8.0,52.5,131.4,0.0,0.0,0.0,0.0,0.0,28.0,20,9.775
345.0,0.0,0.0,0.0,554.0,1294.0,8.0,82.8,124.2,0.0,0.0,0.0,0.0,0.0,28.0,20,8.74
345.0,0.0,0.0,0.0,554.0,1294.0,8.0,69.0,138.0,0.0,0.0,0.0,0.0,0.0,28.0,20,9.2
345.0,0.0,0.0,0.0,554.0,1294.0,8.0,59.1,147.8,0.0,0.0,0.0,0.0,0.0,28.0,20,9.2
394.0,0.0,0.0,0.0,554.0,1294.0,10.0,63.0,94.6,0.0,0.0,0.0,0.0,0.0,28.0,20,16.56
394.0,0.0,0.0,0.0,554.0,1294.0,10.0,52.5,105.1,0.0,0.0,0.0,0.0,0.0,28.0,20,15.985
394.0,0.0,0.0,0.0,554.0,1294.0,10.0,45.0,112.6,0.0,0.0,0.0,0.0,0.0,28.0,20,15.065
368.0,0.0,0.0,0.0,554.0,1294.0,10.0,73.6,110.4,0.0,0.0,0.0,0.0,0.0,28.0,20,16.33
368.0,0.0,0.0,0.0,554.0,1294.0,10.0,61.3,122.6,0.0,0.0,0.0,0.0,0.0,28.0,20,14.835
368.0,0.0,0.0,0.0,554.0,1294.0,10.0,52.5,131.4,0.0,0.0,0.0,0.0,0.0,28.0,20,14.835
345.0,0.0,0.0,0.0,554.0,1294.0,10.0,82.8,124.2,0.0,0.0,0.0,0.0,0.0,28.0,20,14.95
345.0,0.0,0.0,0.0,554.0,1294.0,10.0,69.0,138.0,0.0,0.0,0.0,0.0,0.0,28.0,20,13.455
345.0,0.0,0.0,0.0,554.0,1294.0,10.0,59.1,147.8,0.0,0.0,0.0,0.0,0.0,28.0,20,13.57
394.0,0.0,0.0,0.0,554.0,1294.0,12.0,63.0,94.6,0.0,0.0,0.0,0.0,0.0,28.0,20,17.25
394.0,0.0,0.0,0.0,554.0,1294.0,12.0,52.5,105.1,0.0,0.0,0.0,0.0,0.0,28.0,20,16.675
394.0,0.0,0.0,0.0,554.0,1294.0,12.0,45.0,112.6,0.0,0.0,0.0,0.0,0.0,28.0,20,14.95
368.0,0.0,0.0,0.0,554.0,1294.0,12.0,73.6,110.4,0.0,0.0,0.0,0.0,0.0,28.0,20,19.55
368.0,0.0,0.0,0.0,554.0,1294.0,12.0,61.3,122.6,0.0,0.0,0.0,0.0,0.0,28.0,20,17.25
368.0,0.0,0.0,0.0,554.0,1294.0,12.0,52.5,131.4,0.0,0.0,0.0,0.0,0.0,28.0,20,14.835
345.0,0.0,0.0,0.0,554.0,1294.0,12.0,82.8,124.2,0.0,0.0,0.0,0.0,0.0,28.0,20,14.375
345.0,0.0,0.0,0.0,554.0,1294.0,12.0,69.0,138.0,0.0,0.0,0.0,0.0,0.0,28.0,20,14.95
345.0,0.0,0.0,0.0,554.0,1294.0,12.0,59.1,147.8,0.0,0.0,0.0,0.0,0.0,28.0,20,14.605
394.0,0.0,0.0,0.0,554.0,1294.0,14.0,63.0,94.6,0.0,0.0,0.0,0.0,0.0,28.0,20,20.815
394.0,0.0,0.0,0.0,554.0,1294.0,14.0,52.5,105.1,0.0,0.0,0.0,0.0,0.0,28.0,20,20.7
394.0,0.0,0.0,0.0,554.0,1294.0,14.0,45.0,112.6,0.0,0.0,0.0,0.0,0.0,28.0,20,20.125
368.0,0.0,0.0,0.0,554.0,1294.0,14.0,73.6,110.4,0.0,0.0,0.0,0.0,0.0,28.0,20,21.505
368.0,0.0,0.0,0.0,554.0,1294.0,14.0,61.3,122.6,0.0,0.0,0.0,0.0,0.0,28.0,20,24.035
368.0,0.0,0.0,0.0,554.0,1294.0,14.0,52.5,131.4,0.0,0.0,0.0,0.0,0.0,28.0,20,19.665
345.0,0.0,0.0,0.0,554.0,1294.0,14.0,82.8,124.2,0.0,0.0,0.0,0.0,0.0,28.0,20,24.725
345.0,0.0,0.0,0.0,554.0,1294.0,14.0,69.0,138.0,0.0,0.0,0.0,0.0,0.0,28.0,20,18.4
345.0,0.0,0.0,0.0,554.0,1294.0,14.0,59.1,147.8,0.0,0.0,0.0,0.0,0.0,28.0,20,14.605
394.0,0.0,0.0,0.0,554.0,1294.0,16.0,63.0,94.6,0.0,0.0,0.0,0.0,0.0,28.0,20,19.32
394.0,0.0,0.0,0.0,554.0,1294.0,16.0,52.5,105.1,0.0,0.0,0.0,0.0,0.0,28.0,20,20.24
394.0,0.0,0.0,0.0,554.0,1294.0,16.0,45.0,112.6,0.0,0.0,0.0,0.0,0.0,28.0,20,19.55
368.0,0.0,0.0,0.0,554.0,1294.0,16.0,73.6,110.4,0.0,0.0,0.0,0.0,0.0,28.0,20,24.725
368.0,0.0,0.0,0.0,554.0,1294.0,16.0,61.3,122.6,0.0,0.0,0.0,0.0,0.0,28.0,20,20.585
368.0,0.0,0.0,0.0,554.0,1294.0,16.0,52.5,131.4,0.0,0.0,0.0,0.0,0.0,28.0,20,18.17
345.0,0.0,0.0,0.0,554.0,1294.0,16.0,82.8,124.2,0.0,0.0,0.0,0.0,0.0,28.0,20,19.55
345.0,0.0,0.0,0.0,554.0,1294.0,16.0,69.0,138.0,0.0,0.0,0.0,0.0,0.0,28.0,20,17.825
345.0,0.0,0.0,0.0,554.0,1294.0,16.0,59.1,147.8,0.0,0.0,0.0,0.0,0.0,28.0,20,16.79
500.0,0.0,0.0,0.0,320.0,1321.0,16.0,80.0,120.0,0.0,0.0,0.0,0.0,0.0,91.0,20,55.33
400.0,0.0,0.0,0.0,344.0,1419.0,16.0,80.0,120.0,0.0,0.0,0.0,0.0,0.0,91.0,20,47.49
333.0,0.0,0.0,0.0,360.0,1485.0,16.0,80.0,120.0,0.0,0.0,0.0,0.0,0.0,91.0,20,39.96
286.0,0.0,0.0,0.0,371.0,1533.0,16.0,80.0,120.0,0.0,0.0,0.0,0.0,0.0,91.0,20,36.85
250.0,0.0,0.0,0.0,380.0,1567.0,16.0,80.0,120.0,0.0,0.0,0.0,0.0,0.0,91.0,20,28.26
500.0,0.0,0.0,0.0,320.0,1321.0,16.0,80.0,120.0,0.0,0.0,0.0,0.0,0.0,28.0,20,53.56
400.0,0.0,0.0,0.0,344.0,1419.0,16.0,80.0,120.0,0.0,0.0,0.0,0.0,0.0,28.0,20,45.95
333.0,0.0,0.0,0.0,360.0,1485.0,16.0,80.0,120.0,0.0,0.0,0.0,0.0,0.0,28.0,20,37.12
286.0,0.0,0.0,0.0,371.0,1533.0,16.0,80.0,120.0,0.0,0.0,0.0,0.0,0.0,28.0,20,33.41
250.0,0.0,0.0,0.0,380.0,1567.0,16.0,80.0,120.0,0.0,0.0,0.0,0.0,0.0,28.0,20,23.45
400.0,0.0,0.0,0.0,547.0,1280.0,14.0,19.8,49.6,0.0,0.0,0.0,0.0,0.0,7.0,20,7.3
400.0,0.0,0.0,0.0,547.0,1280.0,14.0,19.8,49.6,0.0,0.0,0.0,0.0,0.0,7.0,20,7.1
475.0,0.0,0.0,0.0,539.0,1253.0,14.0,11.781,29.512,0.0,0.0,0.0,0.0,0.0,7.0,20,11.0
475.0,0.0,0.0,0.0,535.0,1248.0,14.0,13.86,34.72,0.0,0.0,0.0,0.0,0.0,7.0,20,12.6
475.0,0.0,0.0,0.0,529.0,1235.0,14.0,16.434,41.168,0.0,0.0,0.0,0.0,0.0,7.0,20,9.4
400.0,0.0,0.0,0.0,547.0,1280.0,14.0,19.8,49.6,0.0,0.0,0.0,0.0,0.0,28.0,20,18.8
400.0,0.0,0.0,0.0,547.0,1280.0,14.0,19.8,49.6,0.0,0.0,0.0,0.0,0.0,28.0,20,19.5
475.0,0.0,0.0,0.0,539.0,1253.0,14.0,11.781,29.512,0.0,0.0,0.0,0.0,0.0,28.0,20,30.4
475.0,0.0,0.0,0.0,535.0,1248.0,14.0,13.86,34.72,0.0,0.0,0.0,0.0,0.0,28.0,20,34.3
475.0,0.0,0.0,0.0,529.0,1235.0,14.0,16.434,41.168,0.0,0.0,0.0,0.0,0.0,28.0,20,27.2
400.0,0.0,0.0,0.0,547.0,1280.0,14.0,19.8,49.6,0.0,0.0,0.0,0.0,0.0,56.0,20,29.3
400.0,0.0,0.0,0.0,547.0,1280.0,14.0,19.8,49.6,0.0,0.0,0.0,0.0,0.0,56.0,20,29.7
475.0,0.0,0.0,0.0,539.0,1253.0,14.0,11.781,29.512,0.0,0.0,0.0,0.0,0.0,56.0,20,44.4
400.0,0.0,0.0,0.0,547.0,1280.0,14.0,19.8,49.6,0.0,0.0,0.0,0.0,0.0,70.0,20,32.1
400.0,0.0,0.0,0.0,547.0,1280.0,14.0,19.8,49.6,0.0,0.0,0.0,0.0,0.0,70.0,20,33.2
475.0,0.0,0.0,0.0,539.0,1253.0,14.0,11.781,29.512,0.0,0.0,0.0,0.0,0.0,70.0,20,48.2
400.0,0.0,0.0,0.0,875.0,875.0,16.0,40.0,100.0,35.0,0.0,0.0,0.0,0.0,28.0,20,27.5
400.0,0.0,0.0,0.0,880.0,880.0,16.0,40.0,100.0,30.0,0.0,0.0,0.0,0.0,28.0,20,33.0
400.0,0.0,0.0,0.0,895.0,895.0,16.0,40.0,100.0,20.0,0.0,0.0,0.0,0.0,28.0,20,34.5
400.0,0.0,0.0,0.0,910.0,910.0,16.0,40.0,100.0,10.0,0.0,0.0,0.0,0.0,28.0,20,36.0
400.0,0.0,0.0,0.0,875.0,875.0,16.0,40.0,100.0,35.0,0.0,0.0,0.0,0.0,7.0,20,25.2
400.0,0.0,0.0,0.0,880.0,880.0,16.0,40.0,100.0,30.0,0.0,0.0,0.0,0.0,7.0,20,30.1
400.0,0.0,0.0,0.0,895.0,895.0,16.0,40.0,100.0,20.0,0.0,0.0,0.0,0.0,7.0,20,32.7
400.0,0.0,0.0,0.0,910.0,910.0,16.0,40.0,100.0,10.0,0.0,0.0,0.0,0.0,7.0,20,33.6
400.0,0.0,0.0,0.0,875.0,875.0,18.0,40.0,100.0,35.0,0.0,0.0,0.0,0.0,28.0,20,20.6
400.0,0.0,0.0,0.0,875.0,875.0,12.0,40.0,100.0,35.0,0.0,0.0,0.0,0.0,28.0,20,18.4
400.0,0.0,0.0,0.0,875.0,875.0,18.0,40.0,100.0,35.0,0.0,0.0,0.0,0.0,7.0,20,19.8
400.0,0.0,0.0,0.0,875.0,875.0,12.0,40.0,100.0,35.0,0.0,0.0,0.0,0.0,7.0,20,15.7
400.0,0.0,0.0,0.0,840.0,840.0,16.0,51.5,128.5,35.0,0.0,0.0,0.0,0.0,28.0,20,28.4
400.0,0.0,0.0,0.0,860.0,860.0,16.0,46.0,114.0,35.0,0.0,0.0,0.0,0.0,28.0,20,27.2
400.0,0.0,0.0,0.0,895.0,895.0,16.0,34.5,85.5,35.0,0.0,0.0,0.0,0.0,28.0,20,18.0
400.0,0.0,0.0,0.0,840.0,840.0,16.0,51.5,128.5,35.0,0.0,0.0,0.0,0.0,7.0,20,16.2
400.0,0.0,0.0,0.0,860.0,860.0,16.0,46.0,114.0,35.0,0.0,0.0,0.0,0.0,7.0,20,25.4
400.0,0.0,0.0,0.0,895.0,895.0,16.0,34.5,85.5,35.0,0.0,0.0,0.0,0.0,7.0,20,28.9
400.0,0.0,0.0,0.0,875.0,875.0,16.0,32.5,107.5,35.0,0.0,0.0,0.0,0.0,28.0,20,35.5
400.0,0.0,0.0,0.0,875.0,875.0,16.0,47.0,93.0,35.0,0.0,0.0,0.0,0.0,28.0,20,25.0
400.0,0.0,0.0,0.0,875.0,875.0,16.0,32.5,107.5,35.0,0.0,0.0,0.0,0.0,7.0,20,31.9
400.0,0.0,0.0,0.0,875.0,875.0,16.0,47.0,93.0,35.0,0.0,0.0,0.0,0.0,7.0,20,22.5
416.0,0.0,0.0,0.0,699.0,927.0,15.0,65.0,292.0,8.0,0.0,0.0,0.0,0.0,3.0,20,41.5
416.0,0.0,0.0,0.0,699.0,927.0,15.0,65.0,292.0,8.0,0.0,0.0,0.0,0.0,3.0,20,35.3
420.0,0.0,0.0,0.0,706.0,936.0,15.0,92.0,241.0,15.0,0.0,0.0,0.0,0.0,3.0,20,30.9
412.0,0.0,0.0,0.0,693.0,918.0,15.0,39.0,342.0,0.0,0.0,0.0,0.0,0.0,3.0,20,22.5
416.0,0.0,0.0,0.0,699.0,927.0,15.0,65.0,292.0,8.0,0.0,0.0,0.0,0.0,7.0,20,43.2
416.0,0.0,0.0,0.0,699.0,927.0,15.0,65.0,292.0,8.0,0.0,0.0,0.0,0.0,7.0,20,42.1
420.0,0.0,0.0,0.0,706.0,936.0,15.0,92.0,241.0,15.0,0.0,0.0,0.0,0.0,7.0,20,32.2
412.0,0.0,0.0,0.0,693.0,918.0,15.0,39.0,342.0,0.0,0.0,0.0,0.0,0.0,7.0,20,23.5
416.0,0.0,0.0,0.0,699.0,927.0,15.0,65.0,292.0,8.0,0.0,0.0,0.0,0.0,28.0,20,48.7
416.0,0.0,0.0,0.0,699.0,927.0,15.0,65.0,292.0,8.0,0.0,0.0,0.0,0.0,28.0,20,42.9
420.0,0.0,0.0,0.0,706.0,936.0,15.0,92.0,241.0,15.0,0.0,0.0,0.0,0.0,28.0,20,32.2
412.0,0.0,0.0,0.0,693.0,918.0,15.0,39.0,342.0,0.0,0.0,0.0,0.0,0.0,28.0,20,23.5
416.0,0.0,0.0,0.0,699.0,927.0,15.0,65.0,292.0,8.0,0.0,0.0,0.0,0.0,91.0,20,57.3
416.0,0.0,0.0,0.0,699.0,927.0,15.0,65.0,292.0,8.0,0.0,0.0,0.0,0.0,91.0,20,43.2
420.0,0.0,0.0,0.0,706.0,936.0,15.0,92.0,241.0,15.0,0.0,0.0,0.0,0.0,91.0,20,37.8
412.0,0.0,0.0,0.0,693.0,918.0,15.0,39.0,342.0,0.0,0.0,0.0,0.0,0.0,91.0,20,25.2
416.0,0.0,0.0,0.0,699.0,927.0,15.0,65.0,292.0,8.0,0.0,0.0,0.0,0.0,365.0,20,60.7
416.0,0.0,0.0,0.0,699.0,927.0,15.0,65.0,292.0,8.0,0.0,0.0,0.0,0.0,365.0,20,47.9
420.0,0.0,0.0,0.0,706.0,936.0,15.0,92.0,241.0,15.0,0.0,0.0,0.0,0.0,365.0,20,43.9
412.0,0.0,0.0,0.0,693.0,918.0,15.0,39.0,342.0,0.0,0.0,0.0,0.0,0.0,365.0,20,26.9
414.0,0.0,0.0,0.0,588.0,1091.0,10.0,104.0,104.0,0.0,0.0,0.0,0.0,0.0,7.0,20,19.89
414.0,0.0,0.0,0.0,588.0,1091.0,15.0,104.0,104.0,0.0,0.0,0.0,0.0,0.0,7.0,20,22.3
414.0,0.0,0.0,0.0,588.0,1091.0,20.0,104.0,104.0,0.0,0.0,0.0,0.0,0.0,7.0,20,20.5
414.0,0.0,0.0,0.0,588.0,1091.0,10.0,69.0,138.0,0.0,0.0,0.0,0.0,0.0,7.0,20,21.27
414.0,0.0,0.0,0.0,588.0,1091.0,15.0,69.0,138.0,0.0,0.0,0.0,0.0,0.0,7.0,20,22.99
414.0,0.0,0.0,0.0,588.0,1091.0,20.0,69.0,138.0,0.0,0.0,0.0,0.0,0.0,7.0,20,23.06
414.0,0.0,0.0,0.0,588.0,1091.0,10.0,104.0,104.0,0.0,0.0,0.0,0.0,0.0,28.0,20,39.67
414.0,0.0,0.0,0.0,588.0,1091.0,15.0,104.0,104.0,0.0,0.0,0.0,0.0,0.0,28.0,20,45.34
414.0,0.0,0.0,0.0,588.0,1091.0,20.0,104.0,104.0,0.0,0.0,0.0,0.0,0.0,28.0,20,37.64
414.0,0.0,0.0,0.0,588.0,1091.0,10.0,69.0,138.0,0.0,0.0,0.0,0.0,0.0,28.0,20,33.8
414.0,0.0,0.0,0.0,588.0,1091.0,15.0,69.0,138.0,0.0,0.0,0.0,0.0,0.0,28.0,20,39.02
414.0,0.0,0.0,0.0,588.0,1091.0,20.0,69.0,138.0,0.0,0.0,0.0,0.0,0.0,28.0,20,46.69
523.0,0.0,0.0,0.0,459.0,1124.0,10.0,118.0,118.0,0.0,0.0,0.0,0.0,0.0,28.0,20,36.5
500.0,0.0,0.0,0.0,475.0,1166.0,10.0,113.0,113.0,0.0,0.0,0.0,0.0,0.0,28.0,20,33.0
478.0,0.0,0.0,0.0,490.0,1211.0,10.0,108.0,108.0,0.0,0.0,0.0,0.0,0.0,28.0,20,26.0
470.0,0.0,0.0,0.0,474.0,1161.0,10.0,118.0,118.0,0.0,0.0,0.0,0.0,0.0,28.0,20,32.5
450.0,0.0,0.0,0.0,489.0,1201.0,10.0,113.0,113.0,0.0,0.0,0.0,0.0,0.0,28.0,20,32.0
430.0,0.0,0.0,0.0,504.0,1245.0,10.0,108.0,108.0,0.0,0.0,0.0,0.0,0.0,28.0,20,27.5
428.0,0.0,0.0,0.0,487.0,1191.0,10.0,118.0,118.0,0.0,0.0,0.0,0.0,0.0,28.0,20,32.0
409.0,0.0,0.0,0.0,501.0,1231.0,10.0,113.0,113.0,0.0,0.0,0.0,0.0,0.0,28.0,20,29.9
391.0,0.0,0.0,0.0,515.0,1273.0,10.0,108.0,108.0,0.0,0.0,0.0,0.0,0.0,28.0,20,27.5
392.0,0.0,0.0,0.0,497.0,1216.0,10.0,118.0,118.0,0.0,0.0,0.0,0.0,0.0,28.0,20,25.0
375.0,0.0,0.0,0.0,511.0,1255.0,10.0,113.0,113.0,0.0,0.0,0.0,0.0,0.0,28.0,20,21.0
359.0,0.0,0.0,0.0,525.0,1296.0,10.0,108.0,108.0,0.0,0.0,0.0,0.0,0.0,28.0,20,20.0
523.0,0.0,0.0,0.0,460.0,1126.0,15.0,118.0,118.0,0.0,0.0,0.0,0.0,0.0,28.0,20,35.5
500.0,0.0,0.0,0.0,475.0,1168.0,15.0,113.0,113.0,0.0,0.0,0.0,0.0,0.0,28.0,20,32.5
478.0,0.0,0.0,0.0,491.0,1212.0,15.0,108.0,108.0,0.0,0.0,0.0,0.0,0.0,28.0,20,31.0
470.0,0.0,0.0,0.0,475.0,1163.0,15.0,118.0,118.0,0.0,0.0,0.0,0.0,0.0,28.0,20,36.0
450.0,0.0,0.0,0.0,490.0,1203.0,15.0,113.0,113.0,0.0,0.0,0.0,0.0,0.0,28.0,20,34.5
430.0,0.0,0.0,0.0,505.0,1246.0,15.0,108.0,108.0,0.0,0.0,0.0,0.0,0.0,28.0,20,33.0
428.0,0.0,0.0,0.0,487.0,1193.0,15.0,118.0,118.0,0.0,0.0,0.0,0.0,0.0,28.0,20,32.5
409.0,0.0,0.0,0.0,502.0,1232.0,15.0,113.0,113.0,0.0,0.0,0.0,0.0,0.0,28.0,20,33.0
391.0,0.0,0.0,0.0,516.0,1274.0,15.0,108.0,108.0,0.0,0.0,0.0,0.0,0.0,28.0,20,32.5
392.0,0.0,0.0,0.0,498.0,1218.0,15.0,118.0,118.0,0.0,0.0,0.0,0.0,0.0,28.0,20,18.5
375.0,0.0,0.0,0.0,512.0,1257.0,15.0,113.0,113.0,0.0,0.0,0.0,0.0,0.0,28.0,20,19.0
359.0,0.0,0.0,0.0,525.0,1298.0,15.0,108.0,108.0,0.0,0.0,0.0,0.0,0.0,28.0,20,16.0
859.0,0.0,0.0,0.0,308.0,716.0,16.0,61.0,183.0,82.0,0.0,0.0,0.0,0.0,28.0,20,98.0
816.0,0.0,0.0,0.0,308.0,716.0,16.0,61.0,183.0,82.0,0.0,0.0,0.0,0.0,28.0,20,117.0
773.1,0.0,0.0,0.0,308.0,716.0,16.0,61.0,183.0,82.0,0.0,0.0,0.0,0.0,28.0,20,119.0
730.1,0.0,0.0,0.0,308.0,716.0,16.0,61.0,183.0,82.0,0.0,0.0,0.0,0.0,28.0,20,142.0
687.2,0.0,0.0,0.0,308.0,716.0,16.0,61.0,183.0,82.0,0.0,0.0,0.0,0.0,28.0,20,138.0
644.3,0.0,0.0,0.0,308.0,716.0,16.0,61.0,183.0,82.0,0.0,0.0,0.0,0.0,28.0,20,133.0
687.2,34.5,0.0,0.0,308.0,716.0,16.0,61.0,183.0,82.0,0.0,0.0,0.0,0.0,28.0,20,146.0
644.3,68.7,0.0,0.0,308.0,716.0,16.0,61.0,183.0,82.0,0.0,0.0,0.0,0.0,28.0,20,136.0
601.3,103.1,0.0,0.0,308.0,716.0,16.0,61.0,183.0,82.0,0.0,0.0,0.0,0.0,28.0,20,127.0
730.1,0.0,0.0,0.0,308.0,716.0,16.0,61.0,183.0,82.0,2.0,0.2,13.0,200.0,28.0,20,147.0
859.0,0.0,0.0,0.0,308.0,716.0,16.0,61.0,183.0,82.0,0.0,0.0,0.0,0.0,7.0,20,80.0
816.0,0.0,0.0,0.0,308.0,716.0,16.0,61.0,183.0,82.0,0.0,0.0,0.0,0.0,7.0,20,95.0
773.1,0.0,0.0,0.0,308.0,716.0,16.0,61.0,183.0,82.0,0.0,0.0,0.0,0.0,7.0,20,98.0
730.1,0.0,0.0,0.0,308.0,716.0,16.0,61.0,183.0,82.0,0.0,0.0,0.0,0.0,7.0,20,117.0
687.2,0.0,0.0,0.0,308.0,716.0,16.0,61.0,183.0,82.0,0.0,0.0,0.0,0.0,7.0,20,114.0
644.3,0.0,0.0,0.0,308.0,716.0,16.0,61.0,183.0,82.0,0.0,0.0,0.0,0.0,7.0,20,107.0
687.2,34.5,0.0,0.0,308.0,716.0,16.0,61.0,183.0,82.0,0.0,0.0,0.0,0.0,7.0,20,120.0
644.3,68.7,0.0,0.0,308.0,716.0,16.0,61.0,183.0,82.0,0.0,0.0,0.0,0.0,7.0,20,115.0
601.3,103.1,0.0,0.0,308.0,716.0,16.0,61.0,183.0,82.0,0.0,0.0,0.0,0.0,7.0,20,107.0
730.1,0.0,0.0,0.0,308.0,716.0,16.0,61.0,183.0,82.0,2.0,0.2,13.0,200.0,7.0,20,138.0
380.0,0.0,0.0,0.0,899.0,1045.0,12.0,20.74,146.4,37.86,0.0,0.0,0.0,0.0,7.0,20,30.33
380.0,0.0,0.0,0.0,899.0,1045.0,14.0,23.44,146.4,35.16,0.0,0.0,0.0,0.0,7.0,20,33.33
380.0,0.0,0.0,0.0,899.0,1045.0,16.0,25.96,146.4,32.64,0.0,0.0,0.0,0.0,7.0,20,29.99
380.0,0.0,0.0,0.0,899.0,1045.0,12.0,20.74,146.4,37.86,0.0,0.0,0.0,0.0,28.0,20,43.38
380.0,0.0,0.0,0.0,899.0,1045.0,14.0,23.44,146.4,35.16,0.0,0.0,0.0,0.0,28.0,20,45.45
380.0,0.0,0.0,0.0,899.0,1045.0,16.0,25.96,146.4,32.64,0.0,0.0,0.0,0.0,28.0,20,42.57
380.0,0.0,0.0,0.0,899.0,1045.0,12.0,20.74,146.4,37.86,0.0,0.0,0.0,0.0,56.0,20,45.49
380.0,0.0,0.0,0.0,899.0,1045.0,14.0,23.44,146.4,35.16,0.0,0.0,0.0,0.0,56.0,20,45.98
390.0,0.0,0.0,0.0,899.0,1045.0,16.0,25.96,146.4,32.64,0.0,0.0,0.0,0.0,56.0,20,43.25
380.0,0.0,0.0,0.0,899.0,1045.0,12.0,20.74,146.4,37.86,0.0,0.0,0.0,0.0,91.0,20,46.68
380.0,0.0,0.0,0.0,899.0,1045.0,14.0,23.44,146.4,35.16,0.0,0.0,0.0,0.0,91.0,20,48.53
380.0,0.0,0.0,0.0,899.0,1045.0,16.0,25.96,146.4,32.64,0.0,0.0,0.0,0.0,91.0,20,44.11
488.0,0.0,0.0,0.0,805.0,1045.0,12.0,20.74,146.4,37.86,0.0,0.0,0.0,0.0,7.0,20,36.99
488.0,0.0,0.0,0.0,805.0,1045.0,14.0,23.44,146.4,35.16,0.0,0.0,0.0,0.0,7.0,20,38.89
488.0,0.0,0.0,0.0,805.0,1045.0,16.0,25.96,146.4,32.64,0.0,0.0,0.0,0.0,7.0,20,38.03
488.0,0.0,0.0,0.0,805.0,1045.0,12.0,20.74,146.4,37.86,0.0,0.0,0.0,0.0,28.0,20,52.59
488.0,0.0,0.0,0.0,805.0,1045.0,14.0,23.44,146.4,35.16,0.0,0.0,0.0,0.0,28.0,20,55.27
488.0,0.0,0.0,0.0,805.0,1045.0,16.0,25.96,146.4,32.64,0.0,0.0,0.0,0.0,28.0,20,53.74
488.0,0.0,0.0,0.0,805.0,1045.0,12.0,20.74,146.4,37.86,0.0,0.0,0.0,0.0,56.0,20,54.22
488.0,0.0,0.0,0.0,805.0,1045.0,14.0,23.44,146.4,35.16,0.0,0.0,0.0,0.0,56.0,20,57.43
488.0,0.0,0.0,0.0,805.0,1045.0,16.0,25.96,146.4,32.64,0.0,0.0,0.0,0.0,56.0,20,54.25
488.0,0.0,0.0,0.0,805.0,1045.0,12.0,20.74,146.4,37.86,0.0,0.0,0.0,0.0,91.0,20,62.0
488.0,0.0,0.0,0.0,805.0,1045.0,14.0,23.44,146.4,35.16,0.0,0.0,0.0,0.0,91.0,20,64.0
488.0,0.0,0.0,0.0,805.0,1045.0,16.0,25.96,146.4,32.64,0.0,0.0,0.0,0.0,91.0,20,59.76
0.0,0.0,0.0,350.0,599.0,1272.0,14.0,142.0,165.0,3.7,0.0,0.0,0.0,0.0,7.0,20,63.96
0.0,0.0,0.0,350.0,599.0,1272.0,14.0,142.0,165.0,3.7,0.0,0.0,0.0,0.0,14.0,20,62.68
0.0,0.0,0.0,350.0,599.0,1272.0,14.0,142.0,165.0,3.7,0.0,0.0,0.0,0.0,28.0,20,69.09
0.0,0.0,0.0,350.0,599.0,1272.0,14.0,126.0,181.0,4.7,0.0,0.0,0.0,0.0,7.0,20,66.85
0.0,0.0,0.0,350.0,599.0,1272.0,14.0,126.0,181.0,4.7,0.0,0.0,0.0,0.0,14.0,20,70.85
0.0,0.0,0.0,350.0,599.0,1272.0,14.0,126.0,181.0,4.7,0.0,0.0,0.0,0.0,28.0,20,70.37
0.0,0.0,0.0,350.0,599.0,1272.0,14.0,110.0,197.0,5.7,0.0,0.0,0.0,0.0,7.0,20,70.37
0.0,0.0,0.0,350.0,599.0,1272.0,14.0,110.0,197.0,5.7,0.0,0.0,0.0,0.0,14.0,20,62.68
0.0,0.0,0.0,350.0,599.0,1272.0,14.0,110.0,197.0,5.7,0.0,0.0,0.0,0.0,28.0,20,69.09
0.0,0.0,0.0,350.0,599.0,1272.0,14.0,95.0,212.0,6.7,0.0,0.0,0.0,0.0,7.0,20,51.78
0.0,0.0,0.0,350.0,599.0,1272.0,14.0,95.0,212.0,6.7,0.0,0.0,0.0,0.0,14.0,20,53.54
0.0,0.0,0.0,350.0,599.0,1272.0,14.0,95.0,212.0,6.7,0.0,0.0,0.0,0.0,28.0,20,55.63
0.0,0.0,0.0,350.0,599.0,1272.0,14.0,83.0,224.0,7.5,0.0,0.0,0.0,0.0,7.0,20,41.2
0.0,0.0,0.0,350.0,599.0,1272.0,14.0,83.0,224.0,7.5,0.0,0.0,0.0,0.0,14.0,20,42.96
0.0,0.0,0.0,350.0,599.0,1272.0,14.0,83.0,224.0,7.5,0.0,0.0,0.0,0.0,28.0,20,44.08
0.0,0.0,0.0,325.0,599.0,1272.0,14.0,112.0,200.0,0.0,0.0,0.0,0.0,0.0,7.0,20,47.38
0.0,0.0,0.0,325.0,599.0,1272.0,14.0,112.0,200.0,0.0,0.0,0.0,0.0,0.0,14.0,20,51.56
0.0,0.0,0.0,325.0,599.0,1272.0,14.0,112.0,200.0,0.0,0.0,0.0,0.0,0.0,28.0,20,47.66
0.0,0.0,0.0,375.0,599.0,1272.0,14.0,94.0,168.0,34.0,0.0,0.0,0.0,0.0,7.0,20,41.64
0.0,0.0,0.0,375.0,599.0,1272.0,14.0,94.0,168.0,34.0,0.0,0.0,0.0,0.0,14.0,20,46.46
0.0,0.0,0.0,375.0,599.0,1272.0,14.0,94.0,168.0,34.0,0.0,0.0,0.0,0.0,28.0,20,44.79
0.0,0.0,0.0,400.0,599.0,1272.0,14.0,85.0,152.0,54.0,0.0,0.0,0.0,0.0,7.0,20,29.85
0.0,0.0,0.0,400.0,599.0,1272.0,14.0,85.0,152.0,54.0,0.0,0.0,0.0,0.0,14.0,20,32.28
0.0,0.0,0.0,400.0,599.0,1272.0,14.0,85.0,152.0,54.0,0.0,0.0,0.0,0.0,28.0,20,29.01
0.0,0.0,0.0,425.0,599.0,1272.0,14.0,76.0,136.0,74.0,0.0,0.0,0.0,0.0,7.0,20,16.94
0.0,0.0,0.0,425.0,599.0,1272.0,14.0,76.0,136.0,74.0,0.0,0.0,0.0,0.0,14.0,20,16.18
0.0,0.0,0.0,425.0,599.0,1272.0,14.0,76.0,136.0,74.0,0.0,0.0,0.0,0.0,28.0,20,17.05
0.0,0.0,0.0,420.0,533.0,1133.0,14.0,130.0,234.0,8.7,0.0,0.0,0.0,0.0,7.0,20,49.22
0.0,0.0,0.0,420.0,533.0,1133.0,14.0,130.0,234.0,8.7,0.0,0.0,0.0,0.0,14.0,20,46.68
0.0,0.0,0.0,420.0,533.0,1133.0,14.0,130.0,234.0,8.7,0.0,0.0,0.0,0.0,28.0,20,44.3
0.0,0.0,0.0,365.0,564.0,1200.0,14.0,115.0,206.0,5.7,0.0,0.0,0.0,0.0,7.0,20,54.15
0.0,0.0,0.0,365.0,564.0,1200.0,14.0,115.0,206.0,5.7,0.0,0.0,0.0,0.0,14.0,20,53.35
0.0,0.0,0.0,365.0,564.0,1200.0,14.0,115.0,206.0,5.7,0.0,0.0,0.0,0.0,28.0,20,47.0
0.0,0.0,0.0,315.0,596.0,1266.0,14.0,98.0,175.0,6.5,0.0,0.0,0.0,0.0,7.0,20,52.88
0.0,0.0,0.0,315.0,596.0,1266.0,14.0,98.0,175.0,6.5,0.0,0.0,0.0,0.0,14.0,20,56.69
0.0,0.0,0.0,315.0,596.0,1266.0,14.0,98.0,175.0,6.5,0.0,0.0,0.0,0.0,28.0,20,48.75
0.0,0.0,0.0,262.0,627.0,1333.0,14.0,82.0,146.0,5.1,0.0,0.0,0.0,0.0,7.0,20,45.41
0.0,0.0,0.0,262.0,627.0,1333.0,14.0,82.0,146.0,5.1,0.0,0.0,0.0,0.0,14.0,20,41.92
0.0,0.0,0.0,262.0,627.0,1333.0,14.0,82.0,146.0,5.1,0.0,0.0,0.0,0.0,28.0,20,46.37
0.0,0.0,0.0,350.0,599.0,1272.0,14.0,110.0,197.0,25.0,0.0,0.0,0.0,0.0,7.0,20,43.64
0.0,0.0,0.0,350.0,599.0,1272.0,14.0,110.0,197.0,25.0,0.0,0.0,0.0,0.0,14.0,20,52.3
0.0,0.0,0.0,350.0,599.0,1272.0,14.0,110.0,197.0,25.0,0.0,0.0,0.0,0.0,28.0,20,48.23
0.0,0.0,0.0,350.0,599.0,1272.0,14.0,110.0,197.0,44.2,0.0,0.0,0.0,0.0,7.0,20,36.93
0.0,0.0,0.0,350.0,599.0,1272.0,14.0,110.0,197.0,44.2,0.0,0.0,0.0,0.0,14.0,20,43.52
0.0,0.0,0.0,350.0,599.0,1272.0,14.0,110.0,197.0,44.2,0.0,0.0,0.0,0.0,28.0,20,40.08
0.0,0.0,0.0,350.0,599.0,1272.0,14.0,110.0,197.0,63.4,0.0,0.0,0.0,0.0,7.0,20,29.9
0.0,0.0,0.0,350.0,599.0,1272.0,14.0,110.0,197.0,63.4,0.0,0.0,0.0,0.0,14.0,20,32.98
0.0,0.0,0.0,350.0,599.0,1272.0,14.0,110.0,197.0,63.4,0.0,0.0,0.0,0.0,28.0,20,29.38
0.0,0.0,0.0,350.0,599.0,1272.0,14.0,110.0,197.0,82.6,0.0,0.0,0.0,0.0,7.0,20,22.88
0.0,0.0,0.0,350.0,599.0,1272.0,14.0,110.0,197.0,82.6,0.0,0.0,0.0,0.0,14.0,20,24.51
0.0,0.0,0.0,350.0,599.0,1272.0,14.0,110.0,197.0,82.6,0.0,0.0,0.0,0.0,28.0,20,20.44
0.0,0.0,0.0,369.7,575.8,1224.0,14.0,116.2,208.1,6.1,0.0,0.0,0.0,0.0,7.0,20,66.91
0.0,0.0,0.0,369.7,575.8,1224.0,14.0,116.2,208.1,6.1,0.0,0.0,0.0,0.0,28.0,20,66.04
0.0,0.0,0.0,350.0,575.8,1224.0,14.0,140.0,197.0,13.0,0.0,0.0,0.0,0.0,7.0,20,30.4
0.0,0.0,0.0,350.0,575.8,1224.0,14.0,140.0,197.0,13.0,0.0,0.0,0.0,0.0,28.0,20,42.04
0.0,0.0,0.0,383.4,575.8,1224.0,14.0,98.6,215.8,2.2,0.0,0.0,0.0,0.0,7.0,20,58.62
0.0,0.0,0.0,383.4,575.8,1224.0,14.0,98.6,215.8,2.2,0.0,0.0,0.0,0.0,28.0,20,60.22
0.0,0.0,0.0,355.9,575.8,1224.0,14.0,83.1,261.0,0.0,0.0,0.0,0.0,0.0,7.0,20,57.75
0.0,0.0,0.0,355.9,575.8,1224.0,14.0,83.1,261.0,0.0,0.0,0.0,0.0,0.0,28.0,20,57.45
0.0,0.0,0.0,391.3,575.8,1224.0,14.0,184.3,87.0,37.4,0.0,0.0,0.0,0.0,7.0,20,20.36
0.0,0.0,0.0,391.3,575.8,1224.0,14.0,184.3,87.0,37.4,0.0,0.0,0.0,0.0,28.0,20,26.04
0.0,0.0,0.0,400.0,600.0,1073.1,8.0,90.0,180.0,0.0,0.0,0.0,0.0,0.0,28.0,20,30.39
0.0,0.0,0.0,490.3,736.5,979.6,20.0,234.4,277.9,0.0,0.0,0.0,0.0,0.0,28.0,20,53.24
0.0,0.0,0.0,490.3,736.5,979.6,14.0,217.5,277.9,0.0,0.0,0.0,0.0,0.0,28.0,20,58.0
0.0,0.0,0.0,400.0,600.0,1250.0,8.0,169.5,134.2,0.0,0.0,0.0,0.0,0.0,28.0,20,19.82
0.0,0.0,0.0,400.0,600.0,1250.0,8.0,169.5,265.3,0.0,0.0,0.0,0.0,0.0,28.0,20,26.42
0.0,0.0,0.0,400.0,600.0,1250.0,8.0,60.1,231.7,10.0,0.0,0.0,0.0,0.0,7.0,20,6.77
0.0,0.0,0.0,400.0,600.0,1250.0,8.0,60.1,231.7,10.0,0.0,0.0,0.0,0.0,28.0,20,13.95
0.0,0.0,0.0,300.0,600.0,1250.0,8.0,60.1,188.3,0.0,0.0,0.0,0.0,0.0,7.0,20,13.82
0.0,0.0,0.0,300.0,600.0,1250.0,8.0,60.1,188.3,0.0,0.0,0.0,0.0,0.0,28.0,20,19.13
0.0,0.0,0.0,400.0,600.0,1250.0,8.0,75.2,192.8,0.0,0.0,0.0,0.0,0.0,7.0,20,11.42
0.0,0.0,0.0,400.0,600.0,1250.0,8.0,75.2,192.8,0.0,0.0,0.0,0.0,0.0,28.0,20,18.07
0.0,0.0,0.0,400.0,600.0,1250.0,14.0,60.1,231.7,25.0,0.0,0.0,0.0,0.0,7.0,20,20.72
0.0,0.0,0.0,400.0,600.0,1250.0,14.0,60.1,231.7,25.0,0.0,0.0,0.0,0.0,28.0,20,23.91
0.0,0.0,0.0,300.0,600.0,1250.0,14.0,60.1,165.3,30.0,0.0,0.0,0.0,0.0,7.0,20,34.14
0.0,0.0,0.0,300.0,600.0,1250.0,14.0,60.1,165.3,30.0,0.0,0.0,0.0,0.0,28.0,20,36.0
0.0,0.0,0.0,400.0,600.0,1250.0,14.0,60.1,203.4,30.0,0.0,0.0,0.0,0.0,7.0,20,23.38
0.0,0.0,0.0,400.0,600.0,1250.0,14.0,60.1,203.4,30.0,0.0,0.0,0.0,0.0,28.0,20,29.49
0.0,0.0,0.0,400.0,600.0,1250.0,14.0,80.0,220.0,75.0,0.0,0.0,0.0,0.0,7.0,20,15.12
0.0,0.0,0.0,400.0,600.0,1250.0,14.0,80.0,220.0,75.0,0.0,0.0,0.0,0.0,28.0,20,18.6
0.0,0.0,0.0,400.0,600.0,1250.0,14.0,150.0,220.0,30.0,0.0,0.0,0.0,0.0,7.0,20,46.84
0.0,0.0,0.0,400.0,600.0,1250.0,14.0,150.0,220.0,30.0,0.0,0.0,0.0,0.0,28.0,20,54.6
0.0,0.0,0.0,350.0,600.0,1250.0,14.0,75.0,192.0,60.0,0.0,0.0,0.0,0.0,7.0,20,20.88
0.0,0.0,0.0,350.0,600.0,1250.0,14.0,75.0,192.0,60.0,0.0,0.0,0.0,0.0,28.0,20,24.09
0.0,0.0,0.0,350.0,600.0,1250.0,14.0,135.0,192.0,0.0,0.0,0.0,0.0,0.0,7.0,20,48.04
0.0,0.0,0.0,350.0,600.0,1250.0,14.0,135.0,192.0,0.0,0.0,0.0,0.0,0.0,28.0,20,55.67
0.0,0.0,0.0,300.0,600.0,1250.0,14.0,60.0,165.0,30.0,0.0,0.0,0.0,0.0,7.0,20,22.62
0.0,0.0,0.0,300.0,600.0,1250.0,14.0,60.0,165.0,30.0,0.0,0.0,0.0,0.0,28.0,20,25.43
0.0,0.0,0.0,340.55,623.21,807.1,12.0,170.27,323.52,0.0,0.0,0.0,0.0,0.0,3.0,20,31.17
0.0,0.0,0.0,340.55,623.21,807.1,12.0,170.27,323.52,0.0,0.0,0.0,0.0,0.0,7.0,20,35.49
0.0,0.0,0.0,340.55,623.21,807.1,12.0,170.27,323.52,0.0,0.0,0.0,0.0,0.0,14.0,20,35.97
0.0,0.0,0.0,340.55,623.21,807.1,12.0,170.27,323.52,0.0,0.0,0.0,0.0,0.0,28.0,20,36.26
0.0,0.0,0.0,355.93,651.35,843.55,12.0,177.96,265.88,0.0,0.0,0.0,0.0,0.0,3.0,20,41.24
0.0,0.0,0.0,355.93,651.35,843.55,12.0,177.96,265.88,0.0,0.0,0.0,0.0,0.0,7.0,20,43.64
0.0,0.0,0.0,355.93,651.35,843.55,12.0,177.96,265.88,0.0,0.0,0.0,0.0,0.0,14.0,20,44.22
0.0,0.0,0.0,355.93,651.35,843.55,12.0,177.96,265.88,0.0,0.0,0.0,0.0,0.0,28.0,20,45.56
0.0,0.0,0.0,320.0,530.0,1240.0,16.0,68.0,170.0,20.0,0.0,0.0,0.0,0.0,3.0,20,25.0
0.0,0.0,0.0,320.0,530.0,1240.0,16.0,68.0,170.0,20.0,0.0,0.0,0.0,0.0,7.0,20,30.3
0.0,0.0,0.0,320.0,530.0,1240.0,16.0,68.0,170.0,20.0,0.0,0.0,0.0,0.0,14.0,20,31.3
0.0,0.0,0.0,320.0,530.0,1240.0,16.0,68.0,170.0,20.0,0.0,0.0,0.0,0.0,28.0,20,32.3
495.0,0.0,0.0,0.0,756.0,898.0,12.0,75.0,150.0,0.0,0.0,0.0,0.0,0.0,7.0,20,15.0
495.0,0.0,0.0,0.0,756.0,898.0,12.0,75.0,150.0,0.0,0.0,0.0,0.0,0.0,28.0,20,22.3
495.0,0.0,0.0,0.0,756.0,898.0,12.0,75.0,150.0,0.0,0.0,0.0,0.0,0.0,91.0,20,23.8
396.0,128.7,0.0,0.0,756.0,898.0,12.0,75.0,150.0,0.0,1.0,0.0217,12.0,115.0,7.0,20,28.8
396.0,128.7,0.0,0.0,756.0,898.0,12.0,75.0,150.0,0.0,1.0,0.0217,12.0,115.0,28.0,20,39.4
396.0,128.7,0.0,0.0,756.0,898.0,12.0,75.0,150.0,0.0,1.0,0.0217,12.0,115.0,91.0,20,43.0
0.0,750.0,235.0,0.0,1105.0,0.0,12.0,85.7,214.3,150.0,0.0,0.0,0.0,0.0,3.0,20,36.7
0.0,750.0,235.0,0.0,1105.0,0.0,12.0,85.7,214.3,150.0,0.0,0.0,0.0,0.0,7.0,20,38.6
0.0,750.0,235.0,0.0,1105.0,0.0,12.0,85.7,214.3,150.0,0.0,0.0,0.0,0.0,28.0,20,43.2
360.0,40.0,0.0,0.0,651.0,1209.0,14.0,45.7,114.3,0.0,0.0,0.0,0.0,0.0,7.0,20,27.0
320.0,80.0,0.0,0.0,651.0,1209.0,14.0,45.7,114.3,0.0,0.0,0.0,0.0,0.0,7.0,20,31.0
360.0,40.0,0.0,0.0,651.0,1209.0,14.0,64.0,96.0,0.0,0.0,0.0,0.0,0.0,7.0,20,25.0
320.0,80.0,0.0,0.0,651.0,1209.0,14.0,64.0,96.0,0.0,0.0,0.0,0.0,0.0,7.0,20,29.0
400.0,0.0,0.0,0.0,658.0,1222.0,14.0,40.0,100.0,0.0,0.0,0.0,0.0,0.0,7.0,20,11.0
360.0,40.0,0.0,0.0,655.0,1216.0,14.0,40.0,100.0,8.0,0.0,0.0,0.0,0.0,7.0,20,15.0
320.0,80.0,0.0,0.0,655.0,1216.0,14.0,40.0,100.0,8.0,0.0,0.0,0.0,0.0,7.0,20,22.0
400.0,0.0,0.0,0.0,658.0,1222.0,14.0,56.0,84.0,0.0,0.0,0.0,0.0,0.0,7.0,20,8.0
360.0,40.0,0.0,0.0,655.0,1216.0,14.0,56.0,84.0,8.0,0.0,0.0,0.0,0.0,7.0,20,14.0
320.0,80.0,0.0,0.0,655.0,1216.0,14.0,56.0,84.0,8.0,0.0,0.0,0.0,0.0,7.0,20,25.0
360.0,40.0,0.0,0.0,651.0,1209.0,14.0,45.7,114.3,0.0,0.0,0.0,0.0,0.0,28.0,20,40.0
320.0,80.0,0.0,0.0,651.0,1209.0,14.0,45.7,114.3,0.0,0.0,0.0,0.0,0.0,28.0,20,47.0
360.0,40.0,0.0,0.0,651.0,1209.0,14.0,64.0,96.0,0.0,0.0,0.0,0.0,0.0,28.0,20,43.0
320.0,80.0,0.0,0.0,651.0,1209.0,14.0,64.0,96.0,0.0,0.0,0.0,0.0,0.0,28.0,20,54.0
400.0,0.0,0.0,0.0,658.0,1222.0,14.0,40.0,100.0,0.0,0.0,0.0,0.0,0.0,28.0,20,25.0
360.0,40.0,0.0,0.0,655.0,1216.0,14.0,40.0,100.0,8.0,0.0,0.0,0.0,0.0,28.0,20,27.0
320.0,80.0,0.0,0.0,655.0,1216.0,14.0,40.0,100.0,8.0,0.0,0.0,0.0,0.0,28.0,20,35.0
400.0,0.0,0.0,0.0,658.0,1222.0,14.0,56.0,84.0,0.0,0.0,0.0,0.0,0.0,28.0,20,27.0
360.0,40.0,0.0,0.0,655.0,1216.0,14.0,56.0,84.0,8.0,0.0,0.0,0.0,0.0,28.0,20,27.0
320.0,80.0,0.0,0.0,655.0,1216.0,14.0,56.0,84.0,8.0,0.0,0.0,0.0,0.0,28.0,20,45.0
360.0,40.0,0.0,0.0,651.0,1209.0,14.0,45.7,114.3,0.0,0.0,0.0,0.0,0.0,56.0,20,45.0
320.0,80.0,0.0,0.0,651.0,1209.0,14.0,45.7,114.3,0.0,0.0,0.0,0.0,0.0,56.0,20,50.0
360.0,40.0,0.0,0.0,651.0,1209.0,14.0,64.0,96.0,0.0,0.0,0.0,0.0,0.0,56.0,20,50.0
320.0,80.0,0.0,0.0,651.0,1209.0,14.0,64.0,96.0,0.0,0.0,0.0,0.0,0.0,56.0,20,63.0
400.0,0.0,0.0,0.0,658.0,1222.0,14.0,40.0,100.0,0.0,0.0,0.0,0.0,0.0,56.0,20,30.0
360.0,40.0,0.0,0.0,655.0,1216.0,14.0,40.0,100.0,8.0,0.0,0.0,0.0,0.0,56.0,20,35.0
320.0,80.0,0.0,0.0,655.0,1216.0,14.0,40.0,100.0,8.0,0.0,0.0,0.0,0.0,56.0,20,40.0
400.0,0.0,0.0,0.0,658.0,1222.0,14.0,56.0,84.0,0.0,0.0,0.0,0.0,0.0,56.0,20,32.0
360.0,40.0,0.0,0.0,655.0,1216.0,14.0,56.0,84.0,8.0,0.0,0.0,0.0,0.0,56.0,20,35.0
320.0,80.0,0.0,0.0,655.0,1216.0,14.0,56.0,84.0,8.0,0.0,0.0,0.0,0.0,56.0,20,52.0
360.0,40.0,0.0,0.0,651.0,1209.0,14.0,45.7,114.3,0.0,0.0,0.0,0.0,0.0,91.0,20,47.0
320.0,80.0,0.0,0.0,651.0,1209.0,14.0,45.7,114.3,0.0,0.0,0.0,0.0,0.0,91.0,20,54.0
360.0,40.0,0.0,0.0,651.0,1209.0,14.0,64.0,96.0,0.0,0.0,0.0,0.0,0.0,91.0,20,52.0
320.0,80.0,0.0,0.0,651.0,1209.0,14.0,64.0,96.0,0.0,0.0,0.0,0.0,0.0,91.0,20,68.0
400.0,0.0,0.0,0.0,658.0,1222.0,14.0,40.0,100.0,0.0,0.0,0.0,0.0,0.0,91.0,20,33.0
360.0,40.0,0.0,0.0,655.0,1216.0,14.0,40.0,100.0,8.0,0.0,0.0,0.0,0.0,91.0,20,38.0
320.0,80.0,0.0,0.0,655.0,1216.0,14.0,40.0,100.0,8.0,0.0,0.0,0.0,0.0,91.0,20,43.0
400.0,0.0,0.0,0.0,658.0,1222.0,14.0,56.0,84.0,0.0,0.0,0.0,0.0,0.0,91.0,20,34.0
360.0,40.0,0.0,0.0,655.0,1216.0,14.0,56.0,84.0,8.0,0.0,0.0,0.0,0.0,91.0,20,41.0
320.0,80.0,0.0,0.0,655.0,1216.0,14.0,56.0,84.0,8.0,0.0,0.0,0.0,0.0,91.0,20,54.0
360.0,40.0,0.0,0.0,651.0,1209.0,14.0,45.7,114.3,0.0,0.0,0.0,0.0,0.0,180.0,20,49.0
320.0,80.0,0.0,0.0,651.0,1209.0,14.0,45.7,114.3,0.0,0.0,0.0,0.0,0.0,180.0,20,59.0
360.0,40.0,0.0,0.0,651.0,1209.0,14.0,64.0,96.0,0.0,0.0,0.0,0.0,0.0,180.0,20,54.0
320.0,80.0,0.0,0.0,651.0,1209.0,14.0,64.0,96.0,0.0,0.0,0.0,0.0,0.0,180.0,20,70.0
400.0,0.0,0.0,0.0,658.0,1222.0,14.0,40.0,100.0,0.0,0.0,0.0,0.0,0.0,180.0,20,35.0
360.0,40.0,0.0,0.0,655.0,1216.0,14.0,40.0,100.0,8.0,0.0,0.0,0.0,0.0,180.0,20,39.0
320.0,80.0,0.0,0.0,655.0,1216.0,14.0,40.0,100.0,8.0,0.0,0.0,0.0,0.0,180.0,20,44.0
400.0,0.0,0.0,0.0,658.0,1222.0,14.0,56.0,84.0,0.0,0.0,0.0,0.0,0.0,180.0,20,37.0
360.0,40.0,0.0,0.0,655.0,1216.0,14.0,56.0,84.0,8.0,0.0,0.0,0.0,0.0,180.0,20,44.0
320.0,80.0,0.0,0.0,655.0,1216.0,14.0,56.0,84.0,8.0,0.0,0.0,0.0,0.0,180.0,20,57.0
400.0,0.0,0.0,0.0,554.0,1293.0,14.0,45.0,113.0,0.0,0.0,0.0,0.0,0.0,3.0,20,30.6
380.0,0.0,20.0,0.0,554.0,1293.0,14.0,45.0,113.0,0.0,0.0,0.0,0.0,0.0,3.0,20,45.0
360.0,0.0,40.0,0.0,554.0,1293.0,14.0,45.0,113.0,0.0,0.0,0.0,0.0,0.0,3.0,20,37.2
340.0,0.0,60.0,0.0,554.0,1293.0,14.0,45.0,113.0,0.0,0.0,0.0,0.0,0.0,3.0,20,35.0
320.0,0.0,80.0,0.0,554.0,1293.0,14.0,45.0,113.0,0.0,0.0,0.0,0.0,0.0,3.0,20,63.8
400.0,0.0,0.0,0.0,554.0,1293.0,14.0,45.0,113.0,0.0,0.0,0.0,0.0,0.0,7.0,20,36.8
380.0,0.0,20.0,0.0,554.0,1293.0,14.0,45.0,113.0,0.0,0.0,0.0,0.0,0.0,7.0,20,45.2
360.0,0.0,40.0,0.0,554.0,1293.0,14.0,45.0,113.0,0.0,0.0,0.0,0.0,0.0,7.0,20,50.0
340.0,0.0,60.0,0.0,554.0,1293.0,14.0,45.0,113.0,0.0,0.0,0.0,0.0,0.0,7.0,20,45.2
320.0,0.0,80.0,0.0,554.0,1293.0,14.0,45.0,113.0,0.0,0.0,0.0,0.0,0.0,7.0,20,65.0
400.0,0.0,0.0,0.0,554.0,1293.0,14.0,45.0,113.0,0.0,0.0,0.0,0.0,0.0,14.0,20,41.9
380.0,0.0,20.0,0.0,554.0,1293.0,14.0,45.0,113.0,0.0,0.0,0.0,0.0,0.0,14.0,20,45.6
360.0,0.0,40.0,0.0,554.0,1293.0,14.0,45.0,113.0,0.0,0.0,0.0,0.0,0.0,14.0,20,51.94
340.0,0.0,60.0,0.0,554.0,1293.0,14.0,45.0,113.0,0.0,0.0,0.0,0.0,0.0,14.0,20,46.4
320.0,0.0,80.0,0.0,554.0,1293.0,14.0,45.0,113.0,0.0,0.0,0.0,0.0,0.0,14.0,20,67.5
400.0,0.0,0.0,0.0,554.0,1293.0,14.0,45.0,113.0,0.0,0.0,0.0,0.0,0.0,21.0,20,41.5
380.0,0.0,20.0,0.0,554.0,1293.0,14.0,45.0,113.0,0.0,0.0,0.0,0.0,0.0,21.0,20,46.7
360.0,0.0,40.0,0.0,554.0,1293.0,14.0,45.0,113.0,0.0,0.0,0.0,0.0,0.0,21.0,20,52.8
340.0,0.0,60.0,0.0,554.0,1293.0,14.0,45.0,113.0,0.0,0.0,0.0,0.0,0.0,21.0,20,47.5
320.0,0.0,80.0,0.0,554.0,1293.0,14.0,45.0,113.0,0.0,0.0,0.0,0.0,0.0,21.0,20,68.4
400.0,0.0,0.0,0.0,554.0,1293.0,14.0,45.0,113.0,0.0,0.0,0.0,0.0,0.0,28.0,20,44.9
380.0,0.0,20.0,0.0,554.0,1293.0,14.0,45.0,113.0,0.0,0.0,0.0,0.0,0.0,28.0,20,47.4
360.0,0.0,40.0,0.0,554.0,1293.0,14.0,45.0,113.0,0.0,0.0,0.0,0.0,0.0,28.0,20,49.4
340.0,0.0,60.0,0.0,554.0,1293.0,14.0,45.0,113.0,0.0,0.0,0.0,0.0,0.0,28.0,20,53.4
320.0,0.0,80.0,0.0,554.0,1293.0,14.0,45.0,113.0,0.0,0.0,0.0,0.0,0.0,28.0,20,70.0
340.0,60.0,0.0,0.0,795.0,963.0,12.0,51.3,128.7,38.6,0.0,0.0,0.0,0.0,1.0,20,48.4
340.0,60.0,0.0,0.0,795.0,963.0,12.0,51.3,128.7,38.6,0.0,0.0,0.0,0.0,7.0,20,49.2
340.0,60.0,0.0,0.0,795.0,963.0,12.0,51.3,128.7,38.6,0.0,0.0,0.0,0.0,28.0,20,50.4
340.0,60.0,0.0,0.0,795.0,963.0,12.0,51.3,128.7,38.6,0.0,0.0,0.0,0.0,56.0,20,50.5
340.0,60.0,0.0,0.0,795.0,963.0,12.0,51.3,128.7,38.6,5.0,0.022,18.0,3.5,1.0,20,47.9
340.0,60.0,0.0,0.0,795.0,963.0,12.0,51.3,128.7,38.6,5.0,0.022,18.0,3.5,7.0,20,47.9
340.0,60.0,0.0,0.0,795.0,963.0,12.0,51.3,128.7,38.6,5.0,0.022,18.0,3.5,28.0,20,48.0
340.0,60.0,0.0,0.0,795.0,963.0,12.0,51.3,128.7,38.6,5.0,0.022,18.0,3.5,56.0,20,48.3
400.0,0.0,0.0,0.0,800.0,950.0,12.0,57.0,143.0,40.0,0.0,0.0,0.0,0.0,1.0,70,53.46
400.0,0.0,0.0,0.0,800.0,950.0,12.0,57.0,143.0,48.0,0.0,0.0,0.0,0.0,1.0,70,45.01
400.0,0.0,0.0,0.0,800.0,950.0,12.0,57.0,143.0,60.0,0.0,0.0,0.0,0.0,1.0,70,37.31
400.0,0.0,0.0,0.0,800.0,950.0,12.0,57.0,143.0,80.0,0.0,0.0,0.0,0.0,1.0,70,22.58
400.0,0.0,0.0,0.0,800.0,950.0,12.0,57.0,143.0,48.0,0.0,0.0,0.0,0.0,2.0,70,51.03
400.0,0.0,0.0,0.0,800.0,950.0,12.0,57.0,143.0,48.0,0.0,0.0,0.0,0.0,3.0,70,51.41
400.0,0.0,0.0,0.0,800.0,950.0,12.0,57.0,143.0,48.0,0.0,0.0,0.0,0.0,5.0,70,51.68
400.0,0.0,0.0,0.0,800.0,950.0,12.0,57.0,143.0,48.0,0.0,0.0,0.0,0.0,2.0,70,44.81
400.0,0.0,0.0,0.0,800.0,950.0,12.0,57.0,143.0,48.0,0.0,0.0,0.0,0.0,2.0,70,48.56
400.0,0.0,0.0,0.0,800.0,950.0,12.0,57.0,143.0,48.0,0.0,0.0,0.0,0.0,2.0,70,47.99
366.1,40.68,0.0,0.0,610.2,1220.35,8.0,46.48,116.2,0.0,0.0,0.0,0.0,0.0,3.0,20,15.46
366.1,40.68,0.0,0.0,610.2,1220.35,8.0,46.48,116.2,0.0,0.0,0.0,0.0,0.0,7.0,20,28.18
366.1,40.68,0.0,0.0,610.2,1220.35,8.0,46.48,116.2,0.0,0.0,0.0,0.0,0.0,28.0,20,39.53
366.1,40.68,0.0,0.0,610.2,1220.35,8.0,46.48,116.2,0.0,0.0,0.0,0.0,0.0,56.0,20,42.12
325.42,81.36,0.0,0.0,610.2,1220.35,8.0,46.48,116.2,0.0,0.0,0.0,0.0,0.0,3.0,20,18.25
325.42,81.36,0.0,0.0,610.2,1220.35,8.0,46.48,116.2,0.0,0.0,0.0,0.0,0.0,7.0,20,30.45
325.42,81.36,0.0,0.0,610.2,1220.35,8.0,46.48,116.2,0.0,0.0,0.0,0.0,0.0,28.0,20,42.36
325.42,81.36,0.0,0.0,610.2,1220.35,8.0,46.48,116.2,0.0,0.0,0.0,0.0,0.0,56.0,20,44.36
284.74,122.03,0.0,0.0,610.2,1220.35,8.0,46.48,116.2,0.0,0.0,0.0,0.0,0.0,3.0,20,21.34
284.74,122.03,0.0,0.0,610.2,1220.35,8.0,46.48,116.2,0.0,0.0,0.0,0.0,0.0,7.0,20,34.18
284.74,122.03,0.0,0.0,610.2,1220.35,8.0,46.48,116.2,0.0,0.0,0.0,0.0,0.0,28.0,20,46.51
284.74,122.03,0.0,0.0,610.2,1220.35,8.0,46.48,116.2,0.0,0.0,0.0,0.0,0.0,60.0,20,48.26
383.0,0.0,0.0,0.0,546.0,1188.0,8.0,80.0,120.0,0.0,0.0,0.0,0.0,0.0,3.0,20,13.48
383.0,0.0,0.0,0.0,546.0,1188.0,10.0,80.0,120.0,0.0,0.0,0.0,0.0,0.0,3.0,20,15.26
383.0,0.0,0.0,0.0,546.0,1188.0,12.0,80.0,120.0,0.0,0.0,0.0,0.0,0.0,3.0,20,17.03
383.0,0.0,0.0,0.0,546.0,1188.0,8.0,80.0,120.0,0.0,0.0,0.0,0.0,0.0,28.0,20,29.62
383.0,0.0,0.0,0.0,546.0,1188.0,10.0,80.0,120.0,0.0,0.0,0.0,0.0,0.0,28.0,20,31.39
383.0,0.0,0.0,0.0,546.0,1188.0,12.0,80.0,120.0,0.0,0.0,0.0,0.0,0.0,28.0,20,33.17
463.5,0.0,0.0,0.0,530.7,1154.1,8.0,80.0,120.0,0.0,0.0,0.0,0.0,0.0,3.0,20,16.8
463.5,0.0,0.0,0.0,530.7,1154.1,10.0,80.0,120.0,0.0,0.0,0.0,0.0,0.0,3.0,20,18.57
463.5,0.0,0.0,0.0,530.7,1154.1,12.0,80.0,120.0,0.0,0.0,0.0,0.0,0.0,3.0,20,20.35
463.5,0.0,0.0,0.0,530.7,1154.1,8.0,80.0,120.0,0.0,0.0,0.0,0.0,0.0,28.0,20,32.423
463.5,0.0,0.0,0.0,530.7,1154.1,10.0,80.0,120.0,0.0,0.0,0.0,0.0,0.0,28.0,20,34.21
463.5,0.0,0.0,0.0,530.7,1154.1,12.0,80.0,120.0,0.0,0.0,0.0,0.0,0.0,28.0,20,35.98
530.0,0.0,0.0,0.0,514.0,1117.0,8.0,80.0,120.0,0.0,0.0,0.0,0.0,0.0,3.0,20,20.41
530.0,0.0,0.0,0.0,514.0,1117.0,10.0,80.0,120.0,0.0,0.0,0.0,0.0,0.0,3.0,20,22.19
530.0,0.0,0.0,0.0,514.0,1117.0,12.0,80.0,120.0,0.0,0.0,0.0,0.0,0.0,3.0,20,23.97
530.0,0.0,0.0,0.0,514.0,1117.0,8.0,80.0,120.0,0.0,0.0,0.0,0.0,0.0,28.0,20,42.8
530.0,0.0,0.0,0.0,514.0,1117.0,10.0,80.0,120.0,0.0,0.0,0.0,0.0,0.0,28.0,20,45.02
530.0,0.0,0.0,0.0,514.0,1117.0,12.0,80.0,120.0,0.0,0.0,0.0,0.0,0.0,28.0,20,47.24
204.5,204.5,0.0,0.0,549.0,1290.0,8.0,41.0,102.0,92.5,0.0,0.0,0.0,0.0,7.0,20,23.27
204.5,204.5,0.0,0.0,549.0,1290.0,8.0,41.0,102.0,92.5,0.0,0.0,0.0,0.0,28.0,20,36.69
204.5,204.5,0.0,0.0,549.0,1290.0,8.0,41.0,102.0,92.5,0.0,0.0,0.0,0.0,91.0,20,42.82
410.0,0.0,0.0,0.0,627.0,1164.0,12.0,61.5,123.0,45.0,0.0,0.0,0.0,0.0,7.0,20,33.9
400.0,0.0,0.0,0.0,636.0,1169.0,12.0,52.0,128.0,48.0,0.0,0.0,0.0,0.0,7.0,20,29.03
480.0,0.0,0.0,0.0,606.0,1140.0,12.0,56.0,112.0,35.0,0.0,0.0,0.0,0.0,7.0,20,61.71
450.0,0.0,0.0,0.0,625.0,1154.0,12.0,53.0,106.0,40.0,0.0,0.0,0.0,0.0,7.0,20,65.28
410.0,0.0,0.0,0.0,627.0,1164.0,12.0,61.5,123.0,45.0,0.0,0.0,0.0,0.0,28.0,20,35.91
400.0,0.0,0.0,0.0,636.0,1169.0,12.0,52.0,128.0,48.0,0.0,0.0,0.0,0.0,28.0,20,36.44
480.0,0.0,0.0,0.0,606.0,1140.0,12.0,56.0,112.0,35.0,0.0,0.0,0.0,0.0,28.0,20,53.68
450.0,0.0,0.0,0.0,625.0,1154.0,12.0,53.0,106.0,40.0,0.0,0.0,0.0,0.0,28.0,20,66.12
0.0,400.0,0.0,0.0,650.0,1208.0,10.0,56.0,84.0,48.0,0.0,0.0,0.0,0.0,7.0,20,40.89
0.0,400.0,0.0,0.0,636.0,1182.0,12.0,60.0,120.0,48.0,0.0,0.0,0.0,0.0,7.0,20,38.47
0.0,400.0,0.0,0.0,622.0,1156.0,14.0,63.0,157.0,48.0,0.0,0.0,0.0,0.0,7.0,20,36.94
0.0,450.0,0.0,0.0,625.0,1161.0,14.0,53.0,105.0,54.0,0.0,0.0,0.0,0.0,7.0,20,56.05
0.0,450.0,0.0,0.0,609.0,1132.0,10.0,58.0,145.0,54.0,0.0,0.0,0.0,0.0,7.0,20,41.4
0.0,450.0,0.0,0.0,594.0,1102.0,12.0,99.0,149.0,54.0,0.0,0.0,0.0,0.0,7.0,20,35.03
0.0,500.0,0.0,0.0,600.0,1115.0,12.0,50.0,125.0,60.0,0.0,0.0,0.0,0.0,7.0,20,52.23
0.0,500.0,0.0,0.0,583.0,1082.0,14.0,90.0,135.0,60.0,0.0,0.0,0.0,0.0,7.0,20,40.13
0.0,500.0,0.0,0.0,565.0,1050.0,10.0,92.0,183.0,60.0,0.0,0.0,0.0,0.0,7.0,20,32.61
0.0,400.0,0.0,0.0,650.0,1208.0,10.0,56.0,84.0,48.0,0.0,0.0,0.0,0.0,28.0,20,46.75
0.0,400.0,0.0,0.0,636.0,1182.0,12.0,60.0,120.0,48.0,0.0,0.0,0.0,0.0,28.0,20,38.98
0.0,400.0,0.0,0.0,622.0,1156.0,14.0,63.0,157.0,48.0,0.0,0.0,0.0,0.0,28.0,20,42.55
0.0,450.0,0.0,0.0,625.0,1161.0,14.0,53.0,105.0,54.0,0.0,0.0,0.0,0.0,28.0,20,61.15
0.0,450.0,0.0,0.0,609.0,1132.0,10.0,58.0,145.0,54.0,0.0,0.0,0.0,0.0,28.0,20,42.24
0.0,450.0,0.0,0.0,594.0,1102.0,12.0,99.0,149.0,54.0,0.0,0.0,0.0,0.0,28.0,20,37.32
0.0,500.0,0.0,0.0,600.0,1115.0,12.0,50.0,125.0,60.0,0.0,0.0,0.0,0.0,28.0,20,59.5
0.0,500.0,0.0,0.0,583.0,1082.0,14.0,90.0,135.0,60.0,0.0,0.0,0.0,0.0,28.0,20,42.93
0.0,500.0,0.0,0.0,565.0,1050.0,10.0,92.0,183.0,60.0,0.0,0.0,0.0,0.0,28.0,20,34.4
296.25,98.75,0.0,0.0,605.0,1174.0,8.0,59.0,118.0,0.0,0.0,0.0,0.0,0.0,7.0,20,33.04
296.25,98.75,0.0,0.0,605.0,1174.0,8.0,59.0,118.0,0.0,0.5,0.25,16.0,200.0,7.0,20,36.3
256.75,138.25,0.0,0.0,605.0,1174.0,8.0,59.0,118.0,0.0,0.5,0.25,16.0,200.0,7.0,20,41.1
217.25,177.75,0.0,0.0,605.0,1174.0,8.0,59.0,118.0,0.0,0.5,0.25,16.0,200.0,7.0,20,44.7
296.25,98.75,0.0,0.0,605.0,1174.0,8.0,59.0,118.0,0.0,0.0,0.0,0.0,0.0,28.0,20,43.1
296.25,98.75,0.0,0.0,605.0,1174.0,8.0,59.0,118.0,0.0,0.5,0.25,16.0,200.0,28.0,20,44.7
256.75,138.25,0.0,0.0,605.0,1174.0,8.0,59.0,118.0,0.0,0.5,0.25,16.0,200.0,28.0,20,45.4
217.25,177.75,0.0,0.0,605.0,1174.0,8.0,59.0,118.0,0.0,0.5,0.25,16.0,200.0,28.0,20,50.36
296.25,98.75,0.0,0.0,605.0,1174.0,8.0,59.0,118.0,0.0,0.0,0.0,0.0,0.0,91.0,20,49.12
296.25,98.75,0.0,0.0,605.0,1174.0,8.0,59.0,118.0,0.0,0.5,0.25,16.0,200.0,91.0,20,49.81
256.75,138.25,0.0,0.0,605.0,1174.0,8.0,59.0,118.0,0.0,0.5,0.25,16.0,200.0,91.0,20,52.63
217.25,177.75,0.0,0.0,605.0,1174.0,8.0,59.0,118.0,0.0,0.5,0.25,16.0,200.0,91.0,20,55.91
460.0,0.0,0.0,0.0,539.0,1201.0,8.0,57.1,142.9,0.0,0.0,0.0,0.0,0.0,1.0,80,39.4
460.0,0.0,0.0,0.0,539.0,1201.0,8.0,57.1,142.9,0.0,0.0,0.0,0.0,0.0,3.0,20,35.2
460.0,0.0,0.0,0.0,539.0,1201.0,14.0,50.0,150.0,0.0,0.0,0.0,0.0,0.0,1.0,80,72.8
460.0,0.0,0.0,0.0,539.0,1201.0,14.0,50.0,150.0,0.0,0.0,0.0,0.0,0.0,3.0,20,43.2
414.0,0.0,0.0,0.0,794.0,984.0,12.0,53.0,133.0,44.6,0.0,0.0,0.0,0.0,1.0,90,14.52
207.0,207.0,0.0,0.0,794.0,984.0,12.0,53.0,133.0,44.6,0.0,0.0,0.0,0.0,1.0,90,46.94
0.0,414.0,0.0,0.0,794.0,984.0,12.0,53.0,133.0,44.6,0.0,0.0,0.0,0.0,1.0,90,58.34
414.0,0.0,0.0,0.0,794.0,984.0,12.0,53.0,133.0,54.4,0.0,0.0,0.0,0.0,1.0,90,12.22
207.0,207.0,0.0,0.0,794.0,984.0,12.0,53.0,133.0,54.4,0.0,0.0,0.0,0.0,1.0,90,43.04
0.0,414.0,0.0,0.0,794.0,984.0,12.0,53.0,133.0,54.4,0.0,0.0,0.0,0.0,1.0,90,56.85
0.0,415.0,0.0,0.0,784.0,1039.0,10.0,46.0,71.0,136.0,0.0,0.0,0.0,0.0,28.0,20,22.4
0.0,415.0,0.0,0.0,784.0,1039.0,10.0,46.0,71.0,136.0,0.0,0.0,0.0,0.0,56.0,20,25.1
0.0,415.0,0.0,0.0,784.0,1039.0,10.0,46.0,71.0,136.0,0.0,0.0,0.0,0.0,90.0,20,27.0
0.0,415.0,0.0,0.0,784.0,1039.0,10.0,46.0,71.0,136.0,0.0,0.0,0.0,0.0,180.0,20,31.1
0.0,415.0,0.0,0.0,784.0,1039.0,10.0,46.0,71.0,136.0,0.0,0.0,0.0,0.0,360.0,20,33.2
409.0,0.0,0.0,0.0,686.0,909.0,10.0,129.0,204.0,10.0,0.0,0.0,0.0,0.0,28.0,20,39.5
409.0,0.0,0.0,0.0,686.0,909.0,10.0,129.0,204.0,10.0,0.0,0.0,0.0,0.0,56.0,20,41.6
409.0,0.0,0.0,0.0,686.0,909.0,10.0,129.0,204.0,10.0,0.0,0.0,0.0,0.0,90.0,20,41.3
409.0,0.0,0.0,0.0,686.0,909.0,10.0,129.0,204.0,10.0,0.0,0.0,0.0,0.0,180.0,20,40.2
409.0,0.0,0.0,0.0,686.0,909.0,10.0,129.0,204.0,10.0,0.0,0.0,0.0,0.0,360.0,20,40.4
172.0,688.0,45.0,0.0,905.0,0.0,14.0,45.0,314.0,97.0,0.0,0.0,0.0,0.0,1.0,80,101.5
172.0,688.0,45.0,0.0,905.0,0.0,14.0,45.0,314.0,97.0,1.0,0.12,6.0,200.0,1.0,80,142.1
172.0,688.0,45.0,0.0,905.0,0.0,14.0,45.0,314.0,97.0,2.0,0.12,6.0,200.0,1.0,80,158.9
172.0,688.0,45.0,0.0,905.0,0.0,14.0,45.0,314.0,97.0,3.0,0.12,6.0,200.0,1.0,80,171.2
172.0,688.0,45.0,0.0,905.0,0.0,14.0,45.0,314.0,97.0,1.0,0.12,8.0,200.0,1.0,80,133.4
172.0,688.0,45.0,0.0,905.0,0.0,14.0,45.0,314.0,97.0,2.0,0.12,8.0,200.0,1.0,80,147.2
172.0,688.0,45.0,0.0,905.0,0.0,14.0,45.0,314.0,97.0,3.0,0.12,8.0,200.0,1.0,80,163.5
172.0,688.0,45.0,0.0,905.0,0.0,14.0,45.0,314.0,97.0,1.0,0.12,13.0,200.0,1.0,80,138.6
172.0,688.0,45.0,0.0,905.0,0.0,14.0,45.0,314.0,97.0,2.0,0.12,13.0,200.0,1.0,80,148.3
172.0,688.0,45.0,0.0,905.0,0.0,14.0,45.0,314.0,97.0,3.0,0.12,13.0,200.0,1.0,80,166.2
450.0,0.0,0.0,0.0,1036.0,0.0,12.0,108.0,162.0,0.0,0.0,0.0,0.0,0.0,2.0,80,32.9
405.0,0.0,0.0,45.0,1036.0,0.0,12.0,108.0,162.0,0.0,0.0,0.0,0.0,0.0,2.0,80,40.4
360.0,0.0,0.0,90.0,1036.0,0.0,12.0,108.0,162.0,0.0,0.0,0.0,0.0,0.0,2.0,80,45.0
315.0,0.0,0.0,135.0,1036.0,0.0,12.0,108.0,162.0,0.0,0.0,0.0,0.0,0.0,2.0,80,47.2
342.0,114.0,0.0,0.0,591.0,1138.0,14.0,51.75,154.25,0.0,0.0,0.0,0.0,0.0,7.0,20,22.23
228.0,228.0,0.0,0.0,591.0,1138.0,14.0,51.75,154.25,0.0,0.0,0.0,0.0,0.0,7.0,20,13.69
114.0,342.0,0.0,0.0,591.0,1138.0,14.0,51.75,154.25,0.0,0.0,0.0,0.0,0.0,7.0,20,5.21
342.0,114.0,0.0,0.0,591.0,1138.0,14.0,51.75,154.25,0.0,0.0,0.0,0.0,0.0,28.0,20,33.7
228.0,228.0,0.0,0.0,591.0,1138.0,14.0,51.75,154.25,0.0,0.0,0.0,0.0,0.0,28.0,20,30.1
114.0,342.0,0.0,0.0,591.0,1138.0,14.0,51.75,154.25,0.0,0.0,0.0,0.0,0.0,28.0,20,32.5
411.0,0.0,0.0,0.0,822.0,1333.0,8.0,46.97,117.43,0.0,0.0,0.0,0.0,0.0,7.0,20,16.4
369.9,41.1,0.0,0.0,822.0,1333.0,8.0,46.97,117.43,0.0,0.0,0.0,0.0,0.0,7.0,20,18.5
328.8,82.2,0.0,0.0,822.0,1333.0,8.0,46.97,117.43,0.0,0.0,0.0,0.0,0.0,7.0,20,22.1
287.7,123.3,0.0,0.0,822.0,1333.0,8.0,46.97,117.43,0.0,0.0,0.0,0.0,0.0,7.0,20,24.5
246.6,164.4,0.0,0.0,822.0,1333.0,8.0,46.97,117.43,0.0,0.0,0.0,0.0,0.0,7.0,20,27.6
411.0,0.0,0.0,0.0,822.0,1333.0,10.0,46.97,117.43,0.0,0.0,0.0,0.0,0.0,7.0,20,17.4
369.9,41.1,0.0,0.0,822.0,1333.0,10.0,46.97,117.43,0.0,0.0,0.0,0.0,0.0,7.0,20,23.5
328.8,82.2,0.0,0.0,822.0,1333.0,10.0,46.97,117.43,0.0,0.0,0.0,0.0,0.0,7.0,20,26.9
287.7,123.3,0.0,0.0,822.0,1333.0,10.0,46.97,117.43,0.0,0.0,0.0,0.0,0.0,7.0,20,27.7
246.6,164.4,0.0,0.0,822.0,1333.0,10.0,46.97,117.43,0.0,0.0,0.0,0.0,0.0,7.0,20,33.8
411.0,0.0,0.0,0.0,822.0,1333.0,8.0,46.97,117.43,0.0,0.0,0.0,0.0,0.0,14.0,20,25.7
369.9,41.1,0.0,0.0,822.0,1333.0,8.0,46.97,117.43,0.0,0.0,0.0,0.0,0.0,14.0,20,36.9
328.8,82.2,0.0,0.0,822.0,1333.0,8.0,46.97,117.43,0.0,0.0,0.0,0.0,0.0,14.0,20,40.0
287.7,123.3,0.0,0.0,822.0,1333.0,8.0,46.97,117.43,0.0,0.0,0.0,0.0,0.0,14.0,20,43.1
246.6,164.4,0.0,0.0,822.0,1333.0,8.0,46.97,117.43,0.0,0.0,0.0,0.0,0.0,14.0,20,47.6
411.0,0.0,0.0,0.0,822.0,1333.0,10.0,46.97,117.43,0.0,0.0,0.0,0.0,0.0,14.0,20,28.4
369.9,41.1,0.0,0.0,822.0,1333.0,10.0,46.97,117.43,0.0,0.0,0.0,0.0,0.0,14.0,20,43.4
328.8,82.2,0.0,0.0,822.0,1333.0,10.0,46.97,117.43,0.0,0.0,0.0,0.0,0.0,14.0,20,46.8
287.7,123.3,0.0,0.0,822.0,1333.0,10.0,46.97,117.43,0.0,0.0,0.0,0.0,0.0,14.0,20,51.2
246.6,164.4,0.0,0.0,822.0,1333.0,10.0,46.97,117.43,0.0,0.0,0.0,0.0,0.0,14.0,20,54.3
411.0,0.0,0.0,0.0,822.0,1333.0,8.0,46.97,117.43,0.0,0.0,0.0,0.0,0.0,28.0,20,25.6
369.9,41.1,0.0,0.0,822.0,1333.0,8.0,46.97,117.43,0.0,0.0,0.0,0.0,0.0,28.0,20,35.4
328.8,82.2,0.0,0.0,822.0,1333.0,8.0,46.97,117.43,0.0,0.0,0.0,0.0,0.0,28.0,20,41.0
287.7,123.3,0.0,0.0,822.0,1333.0,8.0,46.97,117.43,0.0,0.0,0.0,0.0,0.0,28.0,20,44.0
246.6,164.4,0.0,0.0,822.0,1333.0,8.0,46.97,117.43,0.0,0.0,0.0,0.0,0.0,28.0,20,48.3
411.0,0.0,0.0,0.0,822.0,1333.0,10.0,46.97,117.43,0.0,0.0,0.0,0.0,0.0,28.0,20,33.1
369.9,41.1,0.0,0.0,822.0,1333.0,10.0,46.97,117.43,0.0,0.0,0.0,0.0,0.0,28.0,20,44.1
328.8,82.2,0.0,0.0,822.0,1333.0,10.0,46.97,117.43,0.0,0.0,0.0,0.0,0.0,28.0,20,48.6
287.7,123.3,0.0,0.0,822.0,1333.0,10.0,46.97,117.43,0.0,0.0,0.0,0.0,0.0,28.0,20,49.5
246.6,164.4,0.0,0.0,822.0,1333.0,10.0,46.97,117.43,0.0,0.0,0.0,0.0,0.0,28.0,20,50.0
411.0,0.0,0.0,0.0,822.0,1333.0,8.0,46.97,117.43,0.0,0.0,0.0,0.0,0.0,56.0,20,30.0
369.9,41.1,0.0,0.0,822.0,1333.0,8.0,46.97,117.43,0.0,0.0,0.0,0.0,0.0,56.0,20,40.0
328.8,82.2,0.0,0.0,822.0,1333.0,8.0,46.97,117.43,0.0,0.0,0.0,0.0,0.0,56.0,20,43.0
287.7,123.3,0.0,0.0,822.0,1333.0,8.0,46.97,117.43,0.0,0.0,0.0,0.0,0.0,56.0,20,46.2
246.6,164.4,0.0,0.0,822.0,1333.0,8.0,46.97,117.43,0.0,0.0,0.0,0.0,0.0,56.0,20,49.6
411.0,0.0,0.0,0.0,822.0,1333.0,10.0,46.97,117.43,0.0,0.0,0.0,0.0,0.0,56.0,20,33.9
369.9,41.1,0.0,0.0,822.0,1333.0,10.0,46.97,117.43,0.0,0.0,0.0,0.0,0.0,56.0,20,45.0
328.8,82.2,0.0,0.0,822.0,1333.0,10.0,46.97,117.43,0.0,0.0,0.0,0.0,0.0,56.0,20,48.9
287.7,123.3,0.0,0.0,822.0,1333.0,10.0,46.97,117.43,0.0,0.0,0.0,0.0,0.0,56.0,20,54.7
246.6,164.4,0.0,0.0,822.0,1333.0,10.0,46.97,117.43,0.0,0.0,0.0,0.0,0.0,56.0,20,56.3
411.0,0.0,0.0,0.0,822.0,1333.0,8.0,46.97,117.43,0.0,0.0,0.0,0.0,0.0,91.0,20,35.4
369.9,41.1,0.0,0.0,822.0,1333.0,8.0,46.97,117.43,0.0,0.0,0.0,0.0,0.0,91.0,20,42.7
328.8,82.2,0.0,0.0,822.0,1333.0,8.0,46.97,117.43,0.0,0.0,0.0,0.0,0.0,91.0,20,47.1
287.7,123.3,0.0,0.0,822.0,1333.0,8.0,46.97,117.43,0.0,0.0,0.0,0.0,0.0,91.0,20,49.6
246.6,164.4,0.0,0.0,822.0,1333.0,8.0,46.97,117.43,0.0,0.0,0.0,0.0,0.0,91.0,20,55.0
411.0,0.0,0.0,0.0,822.0,1333.0,10.0,46.97,117.43,0.0,0.0,0.0,0.0,0.0,91.0,20,40.0
369.9,41.1,0.0,0.0,822.0,1333.0,10.0,46.97,117.43,0.0,0.0,0.0,0.0,0.0,91.0,20,50.0
328.8,82.2,0.0,0.0,822.0,1333.0,10.0,46.97,117.43,0.0,0.0,0.0,0.0,0.0,91.0,20,53.0
287.7,123.3,0.0,0.0,822.0,1333.0,10.0,46.97,117.43,0.0,0.0,0.0,0.0,0.0,91.0,20,58.6
246.6,164.4,0.0,0.0,822.0,1333.0,10.0,46.97,117.43,0.0,0.0,0.0,0.0,0.0,91.0,20,63.4
342.0,38.0,0.0,0.0,570.0,1140.0,8.0,43.43,108.57,0.0,0.0,0.0,0.0,0.0,28.0,20,27.0
304.0,76.0,0.0,0.0,570.0,1140.0,8.0,43.43,108.57,0.0,0.0,0.0,0.0,0.0,28.0,20,32.4
266.0,114.0,0.0,0.0,570.0,1140.0,8.0,43.43,108.57,0.0,0.0,0.0,0.0,0.0,28.0,20,35.67
228.0,152.0,0.0,0.0,570.0,1140.0,8.0,43.43,108.57,0.0,0.0,0.0,0.0,0.0,28.0,20,39.21
190.0,190.0,0.0,0.0,570.0,1140.0,8.0,43.43,108.57,0.0,0.0,0.0,0.0,0.0,28.0,20,49.0
342.0,38.0,0.0,0.0,570.0,1140.0,8.0,43.43,108.57,0.0,0.0,0.0,0.0,0.0,28.0,20,28.8
304.0,76.0,0.0,0.0,570.0,1140.0,8.0,43.43,108.57,0.0,0.0,0.0,0.0,0.0,28.0,20,32.5
266.0,114.0,0.0,0.0,570.0,1140.0,8.0,43.43,108.57,0.0,0.0,0.0,0.0,0.0,28.0,20,49.0
228.0,152.0,0.0,0.0,570.0,1140.0,8.0,43.43,108.57,0.0,0.0,0.0,0.0,0.0,28.0,20,51.8
190.0,190.0,0.0,0.0,570.0,1140.0,8.0,43.43,108.57,0.0,0.0,0.0,0.0,0.0,28.0,20,57.6
342.0,38.0,0.0,0.0,570.0,1140.0,8.0,43.43,108.57,0.0,0.0,0.0,0.0,0.0,7.0,20,16.7
304.0,76.0,0.0,0.0,570.0,1140.0,8.0,43.43,108.57,0.0,0.0,0.0,0.0,0.0,7.0,20,21.8
266.0,114.0,0.0,0.0,570.0,1140.0,8.0,43.43,108.57,0.0,0.0,0.0,0.0,0.0,7.0,20,22.1
228.0,152.0,0.0,0.0,570.0,1140.0,8.0,43.43,108.57,0.0,0.0,0.0,0.0,0.0,7.0,20,23.6
190.0,190.0,0.0,0.0,570.0,1140.0,8.0,43.43,108.57,0.0,0.0,0.0,0.0,0.0,7.0,20,34.3
342.0,38.0,0.0,0.0,570.0,1140.0,8.0,43.43,108.57,0.0,0.0,0.0,0.0,0.0,7.0,20,25.0
304.0,76.0,0.0,0.0,570.0,1140.0,8.0,43.43,108.57,0.0,0.0,0.0,0.0,0.0,7.0,20,26.8
266.0,114.0,0.0,0.0,570.0,1140.0,8.0,43.43,108.57,0.0,0.0,0.0,0.0,0.0,7.0,20,34.4
228.0,152.0,0.0,0.0,570.0,1140.0,8.0,43.43,108.57,0.0,0.0,0.0,0.0,0.0,7.0,20,38.9
190.0,190.0,0.0,0.0,570.0,1140.0,8.0,43.43,108.57,0.0,0.0,0.0,0.0,0.0,7.0,20,43.8
407.0,0.0,0.0,0.0,610.5,1221.0,8.0,54.26,108.5,0.0,0.0,0.0,0.0,0.0,7.0,20,3.6
366.3,40.7,0.0,0.0,610.5,1221.0,8.0,54.26,108.5,0.0,0.0,0.0,0.0,0.0,7.0,20,5.0
325.6,81.4,0.0,0.0,610.5,1221.0,8.0,54.26,108.5,0.0,0.0,0.0,0.0,0.0,7.0,20,6.7
284.9,122.1,0.0,0.0,610.5,1221.0,8.0,54.26,108.5,0.0,0.0,0.0,0.0,0.0,7.0,20,9.4
244.2,162.8,0.0,0.0,610.5,1221.0,8.0,54.26,108.5,0.0,0.0,0.0,0.0,0.0,7.0,20,10.0
203.5,203.5,0.0,0.0,610.5,1221.0,8.0,54.26,108.5,0.0,0.0,0.0,0.0,0.0,7.0,20,12.8
162.8,244.2,0.0,0.0,610.5,1221.0,8.0,54.26,108.5,0.0,0.0,0.0,0.0,0.0,7.0,20,14.1
122.1,284.9,0.0,0.0,610.5,1221.0,8.0,54.26,108.5,0.0,0.0,0.0,0.0,0.0,7.0,20,15.0
407.0,0.0,0.0,0.0,610.5,1221.0,8.0,54.26,108.5,0.0,0.0,0.0,0.0,0.0,14.0,20,7.9
366.3,40.7,0.0,0.0,610.5,1221.0,8.0,54.26,108.5,0.0,0.0,0.0,0.0,0.0,14.0,20,10.6
325.6,81.4,0.0,0.0,610.5,1221.0,8.0,54.26,108.5,0.0,0.0,0.0,0.0,0.0,14.0,20,13.4
284.9,122.1,0.0,0.0,610.5,1221.0,8.0,54.26,108.5,0.0,0.0,0.0,0.0,0.0,14.0,20,15.2
244.2,162.8,0.0,0.0,610.5,1221.0,8.0,54.26,108.5,0.0,0.0,0.0,0.0,0.0,14.0,20,21.7
203.5,203.5,0.0,0.0,610.5,1221.0,8.0,54.26,108.5,0.0,0.0,0.0,0.0,0.0,14.0,20,22.5
162.8,244.2,0.0,0.0,610.5,1221.0,8.0,54.26,108.5,0.0,0.0,0.0,0.0,0.0,14.0,20,23.7
122.1,284.9,0.0,0.0,610.5,1221.0,8.0,54.26,108.5,0.0,0.0,0.0,0.0,0.0,14.0,20,25.0
407.0,0.0,0.0,0.0,610.5,1221.0,8.0,54.26,108.5,0.0,0.0,0.0,0.0,0.0,21.0,20,13.6
366.3,40.7,0.0,0.0,610.5,1221.0,8.0,54.26,108.5,0.0,0.0,0.0,0.0,0.0,21.0,20,14.6
325.6,81.4,0.0,0.0,610.5,1221.0,8.0,54.26,108.5,0.0,0.0,0.0,0.0,0.0,21.0,20,16.9
284.9,122.1,0.0,0.0,610.5,1221.0,8.0,54.26,108.5,0.0,0.0,0.0,0.0,0.0,21.0,20,21.2
244.2,162.8,0.0,0.0,610.5,1221.0,8.0,54.26,108.5,0.0,0.0,0.0,0.0,0.0,21.0,20,23.9
203.5,203.5,0.0,0.0,610.5,1221.0,8.0,54.26,108.5,0.0,0.0,0.0,0.0,0.0,21.0,20,28.6
162.8,244.2,0.0,0.0,610.5,1221.0,8.0,54.26,108.5,0.0,0.0,0.0,0.0,0.0,21.0,20,32.5
122.1,284.9,0.0,0.0,610.5,1221.0,8.0,54.26,108.5,0.0,0.0,0.0,0.0,0.0,21.0,20,34.8
407.0,0.0,0.0,0.0,610.5,1221.0,8.0,54.26,108.5,0.0,0.0,0.0,0.0,0.0,28.0,20,13.6
366.3,40.7,0.0,0.0,610.5,1221.0,8.0,54.26,108.5,0.0,0.0,0.0,0.0,0.0,28.0,20,14.6
325.6,81.4,0.0,0.0,610.5,1221.0,8.0,54.26,108.5,0.0,0.0,0.0,0.0,0.0,28.0,20,16.9
284.9,122.1,0.0,0.0,610.5,1221.0,8.0,54.26,108.5,0.0,0.0,0.0,0.0,0.0,28.0,20,21.2
244.2,162.8,0.0,0.0,610.5,1221.0,8.0,54.26,108.5,0.0,0.0,0.0,0.0,0.0,28.0,20,23.9
203.5,203.5,0.0,0.0,610.5,1221.0,8.0,54.26,108.5,0.0,0.0,0.0,0.0,0.0,28.0,20,28.6
162.8,244.2,0.0,0.0,610.5,1221.0,8.0,54.26,108.5,0.0,0.0,0.0,0.0,0.0,28.0,20,32.5
122.1,284.9,0.0,0.0,610.5,1221.0,8.0,54.26,108.5,0.0,0.0,0.0,0.0,0.0,28.0,20,34.8
570.0,0.0,0.0,0.0,1425.0,0.0,14.0,73.0,183.0,0.0,0.0,0.0,0.0,0.0,28.0,20,28.6
570.0,0.0,0.0,0.0,1412.0,0.0,14.0,73.0,183.0,0.0,1.0,0.1,19.0,10.0,28.0,20,27.2
570.0,0.0,0.0,0.0,1397.0,0.0,14.0,73.0,183.0,0.0,2.0,0.1,19.0,10.0,28.0,20,25.7
570.0,0.0,0.0,0.0,1411.0,0.0,14.0,73.0,183.0,0.0,1.0,0.1,19.0,30.0,28.0,20,28.5
570.0,0.0,0.0,0.0,1397.0,0.0,14.0,73.0,183.0,0.0,2.0,0.1,19.0,30.0,28.0,20,24.8
570.0,0.0,0.0,0.0,1788.0,0.0,14.0,73.0,183.0,0.0,0.0,0.0,0.0,0.0,28.0,20,30.6
570.0,0.0,0.0,0.0,1770.0,0.0,14.0,73.0,183.0,0.0,1.0,0.1,19.0,10.0,28.0,20,33.3
570.0,0.0,0.0,0.0,1770.0,0.0,14.0,73.0,183.0,0.0,1.0,0.1,19.0,30.0,28.0,20,27.4
444.0,111.0,0.0,0.0,1425.0,0.0,14.0,87.0,218.0,0.0,0.0,0.0,0.0,0.0,28.0,20,44.1
444.0,111.0,0.0,0.0,1412.0,0.0,14.0,87.0,218.0,0.0,1.0,0.1,19.0,10.0,28.0,20,50.5
444.0,111.0,0.0,0.0,1397.0,0.0,14.0,87.0,218.0,0.0,2.0,0.1,19.0,10.0,28.0,20,44.9
444.0,111.0,0.0,0.0,1411.0,0.0,14.0,87.0,218.0,0.0,1.0,0.1,19.0,30.0,28.0,20,47.5
444.0,111.0,0.0,0.0,1397.0,0.0,14.0,87.0,218.0,0.0,2.0,0.1,19.0,30.0,28.0,20,50.9
444.0,111.0,0.0,0.0,1788.0,0.0,14.0,87.0,218.0,0.0,0.0,0.0,0.0,0.0,28.0,20,47.5
444.0,111.0,0.0,0.0,1770.0,0.0,14.0,87.0,218.0,0.0,1.0,0.1,19.0,10.0,28.0,20,53.5
444.0,111.0,0.0,0.0,1770.0,0.0,14.0,87.0,218.0,0.0,1.0,0.1,19.0,30.0,28.0,20,44.7
265.0,265.0,0.0,0.0,1425.0,0.0,14.0,114.0,284.0,0.0,0.0,0.0,0.0,0.0,28.0,20,62.9
265.0,265.0,0.0,0.0,1412.0,0.0,14.0,114.0,284.0,0.0,1.0,0.1,19.0,10.0,28.0,20,69.0
265.0,265.0,0.0,0.0,1397.0,0.0,14.0,114.0,284.0,0.0,2.0,0.1,19.0,10.0,28.0,20,55.6
265.0,265.0,0.0,0.0,1411.0,0.0,14.0,114.0,284.0,0.0,1.0,0.1,19.0,30.0,28.0,20,63.2
265.0,265.0,0.0,0.0,1397.0,0.0,14.0,114.0,284.0,0.0,2.0,0.1,19.0,30.0,28.0,20,61.3
265.0,265.0,0.0,0.0,1788.0,0.0,14.0,114.0,284.0,0.0,0.0,0.0,0.0,0.0,28.0,20,65.6
265.0,265.0,0.0,0.0,1770.0,0.0,14.0,114.0,284.0,0.0,1.0,0.1,19.0,10.0,28.0,20,70.4
265.0,265.0,0.0,0.0,1770.0,0.0,14.0,114.0,284.0,0.0,1.0,0.1,19.0,30.0,28.0,20,65.1
570.0,0.0,0.0,0.0,1425.0,0.0,14.0,73.0,183.0,0.0,0.0,0.0,0.0,0.0,7.0,20,19.7
570.0,0.0,0.0,0.0,1412.0,0.0,14.0,73.0,183.0,0.0,1.0,0.1,19.0,10.0,7.0,20,16.6
570.0,0.0,0.0,0.0,1397.0,0.0,14.0,73.0,183.0,0.0,2.0,0.1,19.0,10.0,7.0,20,16.4
570.0,0.0,0.0,0.0,1411.0,0.0,14.0,73.0,183.0,0.0,1.0,0.1,19.0,30.0,7.0,20,19.4
570.0,0.0,0.0,0.0,1397.0,0.0,14.0,73.0,183.0,0.0,2.0,0.1,19.0,30.0,7.0,20,15.9
570.0,0.0,0.0,0.0,1788.0,0.0,14.0,73.0,183.0,0.0,0.0,0.0,0.0,0.0,7.0,20,20.3
570.0,0.0,0.0,0.0,1770.0,0.0,14.0,73.0,183.0,0.0,1.0,0.1,19.0,10.0,7.0,20,23.5
570.0,0.0,0.0,0.0,1770.0,0.0,14.0,73.0,183.0,0.0,1.0,0.1,19.0,30.0,7.0,20,17.7
444.0,111.0,0.0,0.0,1425.0,0.0,14.0,87.0,218.0,0.0,0.0,0.0,0.0,0.0,7.0,20,29.5
444.0,111.0,0.0,0.0,1412.0,0.0,14.0,87.0,218.0,0.0,1.0,0.1,19.0,10.0,7.0,20,32.3
444.0,111.0,0.0,0.0,1397.0,0.0,14.0,87.0,218.0,0.0,2.0,0.1,19.0,10.0,7.0,20,29.7
444.0,111.0,0.0,0.0,1411.0,0.0,14.0,87.0,218.0,0.0,1.0,0.1,19.0,30.0,7.0,20,30.9
444.0,111.0,0.0,0.0,1397.0,0.0,14.0,87.0,218.0,0.0,2.0,0.1,19.0,30.0,7.0,20,31.5
444.0,111.0,0.0,0.0,1788.0,0.0,14.0,87.0,218.0,0.0,0.0,0.0,0.0,0.0,7.0,20,30.4
444.0,111.0,0.0,0.0,1770.0,0.0,14.0,87.0,218.0,0.0,1.0,0.1,19.0,10.0,7.0,20,34.5
444.0,111.0,0.0,0.0,1770.0,0.0,14.0,87.0,218.0,0.0,1.0,0.1,19.0,30.0,7.0,20,27.8
265.0,265.0,0.0,0.0,1425.0,0.0,14.0,114.0,284.0,0.0,0.0,0.0,0.0,0.0,7.0,20,48.4
265.0,265.0,0.0,0.0,1412.0,0.0,14.0,114.0,284.0,0.0,1.0,0.1,19.0,10.0,7.0,20,52.8
265.0,265.0,0.0,0.0,1397.0,0.0,14.0,114.0,284.0,0.0,2.0,0.1,19.0,10.0,7.0,20,44.2
265.0,265.0,0.0,0.0,1411.0,0.0,14.0,114.0,284.0,0.0,1.0,0.1,19.0,30.0,7.0,20,50.0
265.0,265.0,0.0,0.0,1397.0,0.0,14.0,114.0,284.0,0.0,2.0,0.1,19.0,30.0,7.0,20,46.1
265.0,265.0,0.0,0.0,1788.0,0.0,14.0,114.0,284.0,0.0,0.0,0.0,0.0,0.0,7.0,20,45.4
265.0,265.0,0.0,0.0,1770.0,0.0,14.0,114.0,284.0,0.0,1.0,0.1,19.0,10.0,7.0,20,50.2
265.0,265.0,0.0,0.0,1770.0,0.0,14.0,114.0,284.0,0.0,1.0,0.1,19.0,30.0,7.0,20,44.2
570.0,0.0,0.0,0.0,1425.0,0.0,14.0,73.0,183.0,0.0,0.0,0.0,0.0,0.0,56.0,20,35.5
570.0,0.0,0.0,0.0,1412.0,0.0,14.0,73.0,183.0,0.0,1.0,0.1,19.0,10.0,56.0,20,33.0
570.0,0.0,0.0,0.0,1397.0,0.0,14.0,73.0,183.0,0.0,2.0,0.1,19.0,10.0,56.0,20,30.9
570.0,0.0,0.0,0.0,1411.0,0.0,14.0,73.0,183.0,0.0,1.0,0.1,19.0,30.0,56.0,20,33.9
570.0,0.0,0.0,0.0,1397.0,0.0,14.0,73.0,183.0,0.0,2.0,0.1,19.0,30.0,56.0,20,23.7
570.0,0.0,0.0,0.0,1788.0,0.0,14.0,73.0,183.0,0.0,0.0,0.0,0.0,0.0,56.0,20,38.3
570.0,0.0,0.0,0.0,1770.0,0.0,14.0,73.0,183.0,0.0,1.0,0.1,19.0,10.0,56.0,20,41.2
570.0,0.0,0.0,0.0,1770.0,0.0,14.0,73.0,183.0,0.0,1.0,0.1,19.0,30.0,56.0,20,34.8
444.0,111.0,0.0,0.0,1425.0,0.0,14.0,87.0,218.0,0.0,0.0,0.0,0.0,0.0,56.0,20,53.4
444.0,111.0,0.0,0.0,1412.0,0.0,14.0,87.0,218.0,0.0,1.0,0.1,19.0,10.0,56.0,20,57.7
444.0,111.0,0.0,0.0,1397.0,0.0,14.0,87.0,218.0,0.0,2.0,0.1,19.0,10.0,56.0,20,54.8
444.0,111.0,0.0,0.0,1411.0,0.0,14.0,87.0,218.0,0.0,1.0,0.1,19.0,30.0,56.0,20,55.2
444.0,111.0,0.0,0.0,1397.0,0.0,14.0,87.0,218.0,0.0,2.0,0.1,19.0,30.0,56.0,20,56.5
444.0,111.0,0.0,0.0,1788.0,0.0,14.0,87.0,218.0,0.0,0.0,0.0,0.0,0.0,56.0,20,55.2
444.0,111.0,0.0,0.0,1770.0,0.0,14.0,87.0,218.0,0.0,1.0,0.1,19.0,10.0,56.0,20,60.6
444.0,111.0,0.0,0.0,1770.0,0.0,14.0,87.0,218.0,0.0,1.0,0.1,19.0,30.0,56.0,20,51.8
265.0,265.0,0.0,0.0,1425.0,0.0,14.0,114.0,284.0,0.0,0.0,0.0,0.0,0.0,56.0,20,71.1
265.0,265.0,0.0,0.0,1412.0,0.0,14.0,114.0,284.0,0.0,1.0,0.1,19.0,10.0,56.0,20,77.2
265.0,265.0,0.0,0.0,1397.0,0.0,14.0,114.0,284.0,0.0,2.0,0.1,19.0,10.0,56.0,20,64.6
265.0,265.0,0.0,0.0,1411.0,0.0,14.0,114.0,284.0,0.0,1.0,0.1,19.0,30.0,56.0,20,73.3
265.0,265.0,0.0,0.0,1397.0,0.0,14.0,114.0,284.0,0.0,2.0,0.1,19.0,30.0,56.0,20,69.6
265.0,265.0,0.0,0.0,1788.0,0.0,14.0,114.0,284.0,0.0,0.0,0.0,0.0,0.0,56.0,20,72.7
265.0,265.0,0.0,0.0,1770.0,0.0,14.0,114.0,284.0,0.0,1.0,0.1,19.0,10.0,56.0,20,79.2
265.0,265.0,0.0,0.0,1770.0,0.0,14.0,114.0,284.0,0.0,1.0,0.1,19.0,30.0,56.0,20,72.3
580.0,0.0,0.0,0.0,690.0,695.0,14.0,28.0,180.0,123.0,0.0,0.0,0.0,0.0,28.0,20,28.5
580.0,0.0,0.0,0.0,690.0,695.0,14.0,28.0,180.0,123.0,0.25,0.21,13.0,210.0,28.0,20,33.7
580.0,0.0,0.0,0.0,690.0,695.0,14.0,28.0,180.0,123.0,0.5,0.21,13.0,210.0,28.0,20,37.5
580.0,0.0,0.0,0.0,690.0,695.0,14.0,28.0,180.0,123.0,0.75,0.21,13.0,210.0,28.0,20,40.3
580.0,0.0,0.0,0.0,690.0,695.0,14.0,28.0,180.0,123.0,1.0,0.21,13.0,210.0,28.0,20,38.4
580.0,0.0,0.0,0.0,690.0,695.0,14.0,28.0,180.0,123.0,0.2,0.04,12.0,16.5,28.0,20,34.3
580.0,0.0,0.0,0.0,690.0,695.0,14.0,28.0,180.0,123.0,0.4,0.04,12.0,16.5,28.0,20,38.1
580.0,0.0,0.0,0.0,690.0,695.0,14.0,28.0,180.0,123.0,0.6,0.04,12.0,16.5,28.0,20,41.6
580.0,0.0,0.0,0.0,690.0,695.0,14.0,28.0,180.0,123.0,0.8,0.04,12.0,16.5,28.0,20,39.2
620.5,109.5,0.0,0.0,1178.0,0.0,14.0,105.85,211.7,0.0,0.5,0.8,35.0,3.0,28.0,20,53.1
620.5,109.5,0.0,0.0,1178.0,0.0,14.0,105.85,211.7,0.0,1.0,0.8,35.0,3.0,28.0,20,45.7
620.5,109.5,0.0,0.0,1178.0,0.0,14.0,105.85,211.7,0.0,1.5,0.8,35.0,3.0,28.0,20,52.1
620.5,109.5,0.0,0.0,1178.0,0.0,14.0,105.85,211.7,0.0,0.5,0.75,35.0,210.0,28.0,20,49.7
620.5,109.5,0.0,0.0,1178.0,0.0,14.0,105.85,211.7,0.0,1.0,0.75,35.0,210.0,28.0,20,53.4
620.5,109.5,0.0,0.0,1178.0,0.0,14.0,105.85,211.7,0.0,1.5,0.75,35.0,210.0,28.0,20,54.5
700.0,300.0,0.0,0.0,800.0,0.0,14.0,39.0,176.9,207.9,0.0,0.0,0.0,0.0,28.0,20,54.3
700.0,300.0,0.0,0.0,800.0,0.0,14.0,39.0,176.9,207.9,0.2,0.25,12.0,100.0,28.0,20,53.1
700.0,300.0,0.0,0.0,800.0,0.0,14.0,39.0,176.9,215.9,0.4,0.25,12.0,100.0,28.0,20,52.8
700.0,300.0,0.0,0.0,800.0,0.0,14.0,39.0,176.9,215.9,0.6,0.25,12.0,100.0,28.0,20,51.6
700.0,300.0,0.0,0.0,800.0,0.0,14.0,39.0,176.9,207.9,0.0,0.0,0.0,0.0,7.0,20,51.3
700.0,300.0,0.0,0.0,800.0,0.0,14.0,39.0,176.9,207.9,0.2,0.25,12.0,100.0,7.0,20,51.3
700.0,300.0,0.0,0.0,800.0,0.0,14.0,39.0,176.9,215.9,0.4,0.25,12.0,100.0,7.0,20,49.3
700.0,300.0,0.0,0.0,800.0,0.0,14.0,39.0,176.9,215.9,0.6,0.25,12.0,100.0,7.0,20,48.8
750.0,250.0,0.0,0.0,1200.0,0.0,14.0,0.0,271.5,367.5,0.0,0.0,0.0,0.0,28.0,20,30.5
750.0,250.0,0.0,0.0,1200.0,0.0,14.0,0.0,271.5,372.1,0.1,0.33,6.0,3.5,28.0,20,30.0
750.0,250.0,0.0,0.0,1200.0,0.0,14.0,0.0,271.5,376.6,0.2,0.33,6.0,3.5,28.0,20,32.0
750.0,250.0,0.0,0.0,1200.0,0.0,14.0,0.0,271.5,379.1,0.3,0.33,6.0,3.5,28.0,20,33.0
750.0,250.0,0.0,0.0,1200.0,0.0,14.0,0.0,271.5,381.4,0.4,0.33,6.0,3.5,28.0,20,35.5
750.0,250.0,0.0,0.0,1200.0,0.0,14.0,0.0,271.5,384.9,0.5,0.33,6.0,3.5,28.0,20,38.0
750.0,250.0,0.0,0.0,1200.0,0.0,14.0,0.0,271.5,367.5,0.0,0.0,0.0,0.0,7.0,20,10.8
750.0,250.0,0.0,0.0,1200.0,0.0,14.0,0.0,271.5,372.1,0.1,0.33,6.0,3.5,7.0,20,9.6
750.0,250.0,0.0,0.0,1200.0,0.0,14.0,0.0,271.5,376.6,0.2,0.33,6.0,3.5,7.0,20,10.9
750.0,250.0,0.0,0.0,1200.0,0.0,14.0,0.0,271.5,379.1,0.3,0.33,6.0,3.5,7.0,20,11.3
750.0,250.0,0.0,0.0,1200.0,0.0,14.0,0.0,271.5,381.4,0.4,0.33,6.0,3.5,7.0,20,11.9
750.0,250.0,0.0,0.0,1200.0,0.0,14.0,0.0,271.5,384.9,0.5,0.33,6.0,3.5,7.0,20,12.6
750.0,250.0,0.0,0.0,1200.0,0.0,14.0,0.0,271.5,367.5,0.0,0.0,0.0,0.0,14.0,20,20.4
750.0,250.0,0.0,0.0,1200.0,0.0,14.0,0.0,271.5,372.1,0.1,0.33,6.0,3.5,14.0,20,19.4
750.0,250.0,0.0,0.0,1200.0,0.0,14.0,0.0,271.5,376.6,0.2,0.33,6.0,3.5,14.0,20,21.0
750.0,250.0,0.0,0.0,1200.0,0.0,14.0,0.0,271.5,379.1,0.3,0.33,6.0,3.5,14.0,20,22.0
750.0,250.0,0.0,0.0,1200.0,0.0,14.0,0.0,271.5,381.4,0.4,0.33,6.0,3.5,14.0,20,23.4
750.0,250.0,0.0,0.0,1200.0,0.0,14.0,0.0,271.5,384.9,0.5,0.33,6.0,3.5,14.0,20,24.5
375.0,375.0,0.0,0.0,1400.0,0.0,12.0,112.5,225.0,75.0,0.0,0.0,0.0,0.0,3.0,80,41.73
375.0,375.0,0.0,0.0,1400.0,0.0,12.0,112.5,225.0,75.0,1.0,0.2,13.0,250.0,3.0,80,45.36
300.0,450.0,0.0,0.0,1400.0,0.0,12.0,112.5,225.0,75.0,0.0,0.0,0.0,0.0,3.0,80,32.06
300.0,450.0,0.0,0.0,1400.0,0.0,12.0,112.5,225.0,75.0,1.0,0.2,13.0,250.0,3.0,80,40.04
225.0,525.0,0.0,0.0,1400.0,0.0,12.0,112.5,225.0,75.0,0.0,0.0,0.0,0.0,3.0,80,30.5
225.0,525.0,0.0,0.0,1400.0,0.0,12.0,112.5,225.0,75.0,1.0,0.2,13.0,250.0,3.0,80,36.29
375.0,375.0,0.0,0.0,1400.0,0.0,12.0,112.5,225.0,75.0,0.0,0.0,0.0,0.0,3.0,160,45.06
375.0,375.0,0.0,0.0,1400.0,0.0,12.0,112.5,225.0,75.0,1.0,0.2,13.0,250.0,3.0,160,50.81
300.0,450.0,0.0,0.0,1400.0,0.0,12.0,112.5,225.0,75.0,0.0,0.0,0.0,0.0,3.0,160,36.89
300.0,450.0,0.0,0.0,1400.0,0.0,12.0,112.5,225.0,75.0,1.0,0.2,13.0,250.0,3.0,160,42.64
225.0,525.0,0.0,0.0,1400.0,0.0,12.0,112.5,225.0,75.0,0.0,0.0,0.0,0.0,3.0,160,34.29
225.0,525.0,0.0,0.0,1400.0,0.0,12.0,112.5,225.0,75.0,1.0,0.2,13.0,250.0,3.0,160,38.2
375.0,375.0,0.0,0.0,1400.0,0.0,12.0,112.5,225.0,75.0,0.0,0.0,0.0,0.0,3.0,240,49.82
375.0,375.0,0.0,0.0,1400.0,0.0,12.0,112.5,225.0,75.0,1.0,0.2,13.0,250.0,3.0,240,55.63
300.0,450.0,0.0,0.0,1400.0,0.0,12.0,112.5,225.0,75.0,0.0,0.0,0.0,0.0,3.0,240,38.32
300.0,450.0,0.0,0.0,1400.0,0.0,12.0,112.5,225.0,75.0,1.0,0.2,13.0,250.0,3.0,240,44.51
225.0,525.0,0.0,0.0,1400.0,0.0,12.0,112.5,225.0,75.0,0.0,0.0,0.0,0.0,3.0,240,36.1
225.0,525.0,0.0,0.0,1400.0,0.0,12.0,112.5,225.0,75.0,1.0,0.2,13.0,250.0,3.0,240,41.9
375.0,375.0,0.0,0.0,1400.0,0.0,12.0,112.5,225.0,75.0,0.0,0.0,0.0,0.0,7.0,80,42.6
375.0,375.0,0.0,0.0,1400.0,0.0,12.0,112.5,225.0,75.0,1.0,0.2,13.0,250.0,7.0,80,46.88
300.0,450.0,0.0,0.0,1400.0,0.0,12.0,112.5,225.0,75.0,0.0,0.0,0.0,0.0,7.0,80,33.66
300.0,450.0,0.0,0.0,1400.0,0.0,12.0,112.5,225.0,75.0,1.0,0.2,13.0,250.0,7.0,80,41.88
225.0,525.0,0.0,0.0,1400.0,0.0,12.0,112.5,225.0,75.0,0.0,0.0,0.0,0.0,7.0,80,32.85
225.0,525.0,0.0,0.0,1400.0,0.0,12.0,112.5,225.0,75.0,1.0,0.2,13.0,250.0,7.0,80,39.92
375.0,375.0,0.0,0.0,1400.0,0.0,12.0,112.5,225.0,75.0,0.0,0.0,0.0,0.0,7.0,160,46.18
375.0,375.0,0.0,0.0,1400.0,0.0,12.0,112.5,225.0,75.0,1.0,0.2,13.0,250.0,7.0,160,51.11
300.0,450.0,0.0,0.0,1400.0,0.0,12.0,112.5,225.0,75.0,0.0,0.0,0.0,0.0,7.0,160,39.77
300.0,450.0,0.0,0.0,1400.0,0.0,12.0,112.5,225.0,75.0,1.0,0.2,13.0,250.0,7.0,160,44.27
225.0,525.0,0.0,0.0,1400.0,0.0,12.0,112.5,225.0,75.0,0.0,0.0,0.0,0.0,7.0,160,37.2
225.0,525.0,0.0,0.0,1400.0,0.0,12.0,112.5,225.0,75.0,1.0,0.2,13.0,250.0,7.0,160,40.64
375.0,375.0,0.0,0.0,1400.0,0.0,12.0,112.5,225.0,75.0,0.0,0.0,0.0,0.0,7.0,240,51.33
375.0,375.0,0.0,0.0,1400.0,0.0,12.0,112.5,225.0,75.0,1.0,0.2,13.0,250.0,7.0,240,57.21
300.0,450.0,0.0,0.0,1400.0,0.0,12.0,112.5,225.0,75.0,0.0,0.0,0.0,0.0,7.0,240,41.81
300.0,450.0,0.0,0.0,1400.0,0.0,12.0,112.5,225.0,75.0,1.0,0.2,13.0,250.0,7.0,240,46.43
225.0,525.0,0.0,0.0,1400.0,0.0,12.0,112.5,225.0,75.0,0.0,0.0,0.0,0.0,7.0,240,38.01
225.0,525.0,0.0,0.0,1400.0,0.0,12.0,112.5,225.0,75.0,1.0,0.2,13.0,250.0,7.0,240,43.64
375.0,375.0,0.0,0.0,1400.0,0.0,12.0,112.5,225.0,75.0,0.0,0.0,0.0,0.0,28.0,80,43.53
375.0,375.0,0.0,0.0,1400.0,0.0,12.0,112.5,225.0,75.0,1.0,0.2,13.0,250.0,28.0,80,48.44
300.0,450.0,0.0,0.0,1400.0,0.0,12.0,112.5,225.0,75.0,0.0,0.0,0.0,0.0,28.0,80,36.63
300.0,450.0,0.0,0.0,1400.0,0.0,12.0,112.5,225.0,75.0,1.0,0.2,13.0,250.0,28.0,80,42.86
225.0,525.0,0.0,0.0,1400.0,0.0,12.0,112.5,225.0,75.0,0.0,0.0,0.0,0.0,28.0,80,34.69
225.0,525.0,0.0,0.0,1400.0,0.0,12.0,112.5,225.0,75.0,1.0,0.2,13.0,250.0,28.0,80,41.72
375.0,375.0,0.0,0.0,1400.0,0.0,12.0,112.5,225.0,75.0,0.0,0.0,0.0,0.0,28.0,160,48.25
375.0,375.0,0.0,0.0,1400.0,0.0,12.0,112.5,225.0,75.0,1.0,0.2,13.0,250.0,28.0,160,53.31
300.0,450.0,0.0,0.0,1400.0,0.0,12.0,112.5,225.0,75.0,0.0,0.0,0.0,0.0,28.0,160,43.48
300.0,450.0,0.0,0.0,1400.0,0.0,12.0,112.5,225.0,75.0,1.0,0.2,13.0,250.0,28.0,160,46.87
225.0,525.0,0.0,0.0,1400.0,0.0,12.0,112.5,225.0,75.0,0.0,0.0,0.0,0.0,28.0,160,39.45
225.0,525.0,0.0,0.0,1400.0,0.0,12.0,112.5,225.0,75.0,1.0,0.2,13.0,250.0,28.0,160,43.52
375.0,375.0,0.0,0.0,1400.0,0.0,12.0,112.5,225.0,75.0,0.0,0.0,0.0,0.0,28.0,240,54.42
375.0,375.0,0.0,0.0,1400.0,0.0,12.0,112.5,225.0,75.0,1.0,0.2,13.0,250.0,28.0,240,62.23
300.0,450.0,0.0,0.0,1400.0,0.0,12.0,112.5,225.0,75.0,0.0,0.0,0.0,0.0,28.0,240,45.12
300.0,450.0,0.0,0.0,1400.0,0.0,12.0,112.5,225.0,75.0,1.0,0.2,13.0,250.0,28.0,240,48.31
225.0,525.0,0.0,0.0,1400.0,0.0,12.0,112.5,225.0,75.0,0.0,0.0,0.0,0.0,28.0,240,41.5
225.0,525.0,0.0,0.0,1400.0,0.0,12.0,112.5,225.0,75.0,1.0,0.2,13.0,250.0,28.0,240,44.32
0.0,0.0,0.0,450.0,675.0,0.0,14.0,94.9,590.4,0.0,1.5,0.2,15.0,200.0,1.0,20,43.0
0.0,0.0,0.0,450.0,675.0,0.0,14.0,94.9,590.4,0.0,1.5,0.2,15.0,200.0,3.0,20,59.0
0.0,0.0,0.0,450.0,675.0,0.0,14.0,94.9,590.4,0.0,1.5,0.2,15.0,200.0,7.0,20,63.0
0.0,0.0,0.0,450.0,675.0,0.0,14.0,94.9,590.4,0.0,1.5,0.2,15.0,200.0,1.0,60,60.0
0.0,0.0,0.0,450.0,675.0,0.0,14.0,94.9,590.4,0.0,1.5,0.2,15.0,200.0,3.0,60,70.5
0.0,0.0,0.0,450.0,675.0,0.0,14.0,94.9,590.4,0.0,1.5,0.2,15.0,200.0,7.0,60,76.5
0.0,0.0,0.0,450.0,675.0,0.0,14.0,94.9,590.4,0.0,1.5,0.2,15.0,200.0,1.0,90,79.0
0.0,0.0,0.0,450.0,675.0,0.0,14.0,94.9,590.4,0.0,1.5,0.2,15.0,200.0,3.0,90,84.0
0.0,0.0,0.0,450.0,675.0,0.0,14.0,94.9,590.4,0.0,1.5,0.2,15.0,200.0,7.0,90,63.0
0.0,46.24,11.56,17.34,0.0,0.0,14.0,2.08,9.48,13.29,2.0,0.24,12.0,110.0,28.0,20,68.0
250.0,250.0,0.0,0.0,1500.0,0.0,14.0,140.0,210.0,15.0,0.0,0.0,0.0,0.0,7.0,20,47.7
240.0,240.0,0.0,360.0,1080.0,0.0,14.0,134.4,201.6,36.0,0.0,0.0,0.0,0.0,7.0,20,40.4
240.0,240.0,0.0,360.0,1080.0,0.0,14.0,134.4,201.6,36.0,0.5,0.2,12.5,210.0,7.0,20,35.9
240.0,240.0,0.0,360.0,1080.0,0.0,14.0,134.4,201.6,36.0,1.0,0.2,12.5,210.0,7.0,20,35.1
240.0,240.0,0.0,720.0,720.0,0.0,14.0,134.4,201.6,57.6,0.0,0.0,0.0,0.0,7.0,20,37.3
240.0,240.0,0.0,720.0,720.0,0.0,14.0,134.4,201.6,57.6,0.5,0.2,12.5,210.0,7.0,20,30.7
240.0,240.0,0.0,720.0,720.0,0.0,14.0,134.4,201.6,57.6,1.0,0.2,12.5,210.0,7.0,20,32.0
240.0,240.0,0.0,1080.0,360.0,0.0,14.0,134.4,201.6,79.2,0.0,0.0,0.0,0.0,7.0,20,30.4
240.0,240.0,0.0,1080.0,360.0,0.0,14.0,134.4,201.6,79.2,0.5,0.2,12.5,210.0,7.0,20,22.1
240.0,240.0,0.0,1080.0,360.0,0.0,14.0,134.4,201.6,79.2,1.0,0.2,12.5,210.0,7.0,20,25.4
230.0,230.0,0.0,1380.0,0.0,0.0,14.0,128.8,193.2,96.6,0.0,0.0,0.0,0.0,7.0,20,25.1
230.0,230.0,0.0,1380.0,0.0,0.0,14.0,128.8,193.2,96.6,0.5,0.2,12.5,210.0,7.0,20,21.7
230.0,230.0,0.0,1380.0,0.0,0.0,14.0,128.8,193.2,96.6,1.0,0.2,12.5,210.0,7.0,20,20.5
250.0,250.0,0.0,0.0,1500.0,0.0,14.0,140.0,210.0,15.0,0.0,0.0,0.0,0.0,14.0,20,57.0
240.0,240.0,0.0,360.0,1080.0,0.0,14.0,134.4,201.6,36.0,0.0,0.0,0.0,0.0,14.0,20,42.5
240.0,240.0,0.0,360.0,1080.0,0.0,14.0,134.4,201.6,36.0,0.5,0.2,12.5,210.0,14.0,20,41.8
240.0,240.0,0.0,360.0,1080.0,0.0,14.0,134.4,201.6,36.0,1.0,0.2,12.5,210.0,14.0,20,39.8
240.0,240.0,0.0,720.0,720.0,0.0,14.0,134.4,201.6,57.6,0.0,0.0,0.0,0.0,14.0,20,42.0
240.0,240.0,0.0,720.0,720.0,0.0,14.0,134.4,201.6,57.6,0.5,0.2,12.5,210.0,14.0,20,34.5
240.0,240.0,0.0,720.0,720.0,0.0,14.0,134.4,201.6,57.6,1.0,0.2,12.5,210.0,14.0,20,33.2
240.0,240.0,0.0,1080.0,360.0,0.0,14.0,134.4,201.6,79.2,0.0,0.0,0.0,0.0,14.0,20,33.8
240.0,240.0,0.0,1080.0,360.0,0.0,14.0,134.4,201.6,79.2,0.5,0.2,12.5,210.0,14.0,20,22.6
240.0,240.0,0.0,1080.0,360.0,0.0,14.0,134.4,201.6,79.2,1.0,0.2,12.5,210.0,14.0,20,27.7
230.0,230.0,0.0,1380.0,0.0,0.0,14.0,128.8,193.2,96.6,0.0,0.0,0.0,0.0,14.0,20,26.3
230.0,230.0,0.0,1380.0,0.0,0.0,14.0,128.8,193.2,96.6,0.5,0.2,12.5,210.0,14.0,20,23.5
230.0,230.0,0.0,1380.0,0.0,0.0,14.0,128.8,193.2,96.6,1.0,0.2,12.5,210.0,14.0,20,22.2
250.0,250.0,0.0,0.0,1500.0,0.0,14.0,140.0,210.0,15.0,0.0,0.0,0.0,0.0,28.0,20,64.5
240.0,240.0,0.0,360.0,1080.0,0.0,14.0,134.4,201.6,36.0,0.0,0.0,0.0,0.0,28.0,20,52.6
240.0,240.0,0.0,360.0,1080.0,0.0,14.0,134.4,201.6,36.0,0.5,0.2,12.5,210.0,28.0,20,42.0
240.0,240.0,0.0,360.0,1080.0,0.0,14.0,134.4,201.6,36.0,1.0,0.2,12.5,210.0,28.0,20,40.6
240.0,240.0,0.0,720.0,720.0,0.0,14.0,134.4,201.6,57.6,0.0,0.0,0.0,0.0,28.0,20,43.7
240.0,240.0,0.0,720.0,720.0,0.0,14.0,134.4,201.6,57.6,0.5,0.2,12.5,210.0,28.0,20,35.1
240.0,240.0,0.0,720.0,720.0,0.0,14.0,134.4,201.6,57.6,1.0,0.2,12.5,210.0,28.0,20,33.3
240.0,240.0,0.0,1080.0,360.0,0.0,14.0,134.4,201.6,79.2,0.0,0.0,0.0,0.0,28.0,20,34.7
240.0,240.0,0.0,1080.0,360.0,0.0,14.0,134.4,201.6,79.2,0.5,0.2,12.5,210.0,28.0,20,23.0
240.0,240.0,0.0,1080.0,360.0,0.0,14.0,134.4,201.6,79.2,1.0,0.2,12.5,210.0,28.0,20,28.1
230.0,230.0,0.0,1380.0,0.0,0.0,14.0,128.8,193.2,96.6,0.0,0.0,0.0,0.0,28.0,20,27.5
230.0,230.0,0.0,1380.0,0.0,0.0,14.0,128.8,193.2,96.6,0.5,0.2,12.5,210.0,28.0,20,24.0
230.0,230.0,0.0,1380.0,0.0,0.0,14.0,128.8,193.2,96.6,1.0,0.2,12.5,210.0,28.0,20,22.3
0.0,500.0,0.0,1500.0,0.0,0.0,12.0,114.3,285.7,20.0,0.0,0.0,0.0,0.0,1.0,20,10.34
0.0,500.0,0.0,1500.0,0.0,0.0,12.0,114.3,285.7,50.0,0.0,0.0,0.0,0.0,1.0,20,8.08
0.0,500.0,0.0,1500.0,0.0,0.0,12.0,114.3,285.7,50.0,1.0,0.039,12.0,41.0,28.0,20,17.23
0.0,500.0,0.0,1500.0,0.0,0.0,12.0,114.3,285.7,20.0,0.0,0.0,0.0,0.0,3.0,20,15.19
0.0,500.0,0.0,1500.0,0.0,0.0,12.0,114.3,285.7,20.0,0.0,0.0,0.0,0.0,7.0,20,17.14
0.0,500.0,0.0,1500.0,0.0,0.0,12.0,114.3,285.7,20.0,0.0,0.0,0.0,0.0,28.0,20,29.63
340.0,60.0,0.0,605.5,1122.3,0.0,14.0,57.14,142.86,0.0,0.0,0.0,0.0,0.0,28.0,20,49.7
340.0,60.0,0.0,605.5,1122.3,0.0,14.0,68.57,171.43,0.0,0.0,0.0,0.0,0.0,28.0,20,45.0
340.0,60.0,0.0,605.5,1122.3,0.0,14.0,68.57,171.43,0.0,1.0,1.0,47.0,4.0,28.0,20,36.6
340.0,60.0,0.0,605.5,1122.3,0.0,14.0,68.57,171.43,0.0,1.0,0.55,41.0,3.0,28.0,20,43.1
340.0,60.0,0.0,605.5,1122.3,0.0,14.0,68.57,171.43,0.0,1.0,1.0,47.0,4.0,28.0,20,41.8
340.0,60.0,0.0,605.5,1122.3,0.0,14.0,68.57,171.43,0.0,1.0,0.55,35.0,210.0,28.0,20,46.8
432.0,108.0,0.0,0.0,1350.0,0.0,12.0,86.0,214.0,0.0,0.0,0.0,0.0,0.0,7.0,20,26.0
432.0,108.0,0.0,0.0,1693.0,0.0,12.0,86.0,214.0,0.0,0.0,0.0,0.0,0.0,7.0,20,28.0
432.0,108.0,0.0,0.0,1278.0,0.0,12.0,86.0,214.0,0.0,0.0,0.0,0.0,0.0,7.0,20,32.0
260.0,260.0,0.0,0.0,1350.0,0.0,12.0,111.0,277.0,0.0,0.0,0.0,0.0,0.0,7.0,20,49.5
260.0,260.0,0.0,0.0,1693.0,0.0,12.0,111.0,277.0,0.0,0.0,0.0,0.0,0.0,7.0,20,48.0
260.0,260.0,0.0,0.0,1278.0,0.0,12.0,111.0,277.0,0.0,0.0,0.0,0.0,0.0,7.0,20,55.0
432.0,108.0,0.0,0.0,1350.0,0.0,12.0,86.0,214.0,0.0,1.0,0.03,2.0,5.0,7.0,20,29.0
432.0,108.0,0.0,0.0,1693.0,0.0,12.0,86.0,214.0,0.0,1.0,0.03,2.0,5.0,7.0,20,28.0
432.0,108.0,0.0,0.0,1278.0,0.0,12.0,86.0,214.0,0.0,1.0,0.03,2.0,5.0,7.0,20,30.0
260.0,260.0,0.0,0.0,1350.0,0.0,12.0,111.0,277.0,0.0,1.0,0.03,2.0,5.0,7.0,20,50.0
260.0,260.0,0.0,0.0,1693.0,0.0,12.0,111.0,277.0,0.0,1.0,0.03,2.0,5.0,7.0,20,43.0
260.0,260.0,0.0,0.0,1278.0,0.0,12.0,111.0,277.0,0.0,1.0,0.03,2.0,5.0,7.0,20,53.0
432.0,108.0,0.0,0.0,1350.0,0.0,12.0,86.0,214.0,0.0,1.0,0.02,2.0,40.0,7.0,20,31.0
432.0,108.0,0.0,0.0,1693.0,0.0,12.0,86.0,214.0,0.0,1.0,0.02,2.0,40.0,7.0,20,32.0
432.0,108.0,0.0,0.0,1278.0,0.0,12.0,86.0,214.0,0.0,1.0,0.02,2.0,40.0,7.0,20,34.0
260.0,260.0,0.0,0.0,1350.0,0.0,12.0,111.0,277.0,0.0,1.0,0.02,2.0,40.0,7.0,20,54.0
260.0,260.0,0.0,0.0,1693.0,0.0,12.0,111.0,277.0,0.0,1.0,0.02,2.0,40.0,7.0,20,52.0
260.0,260.0,0.0,0.0,1278.0,0.0,12.0,111.0,277.0,0.0,1.0,0.02,2.0,40.0,7.0,20,58.0
432.0,108.0,0.0,0.0,1350.0,0.0,12.0,86.0,214.0,0.0,1.0,0.15,2.0,20.0,7.0,20,28.0
432.0,108.0,0.0,0.0,1693.0,0.0,12.0,86.0,214.0,0.0,1.0,0.15,2.0,20.0,7.0,20,28.0
432.0,108.0,0.0,0.0,1278.0,0.0,12.0,86.0,214.0,0.0,1.0,0.15,2.0,20.0,7.0,20,31.0
260.0,260.0,0.0,0.0,1350.0,0.0,12.0,111.0,277.0,0.0,1.0,0.15,2.0,20.0,7.0,20,52.0
260.0,260.0,0.0,0.0,1693.0,0.0,12.0,111.0,277.0,0.0,1.0,0.15,2.0,20.0,7.0,20,48.0
260.0,260.0,0.0,0.0,1278.0,0.0,12.0,111.0,277.0,0.0,1.0,0.15,2.0,20.0,7.0,20,52.0
432.0,108.0,0.0,0.0,1350.0,0.0,12.0,86.0,214.0,0.0,1.0,0.03,2.0,35.0,7.0,20,26.0
432.0,108.0,0.0,0.0,1693.0,0.0,12.0,86.0,214.0,0.0,1.0,0.03,2.0,35.0,7.0,20,28.0
432.0,108.0,0.0,0.0,1278.0,0.0,12.0,86.0,214.0,0.0,1.0,0.03,2.0,35.0,7.0,20,33.0
260.0,260.0,0.0,0.0,1350.0,0.0,12.0,111.0,277.0,0.0,1.0,0.03,2.0,35.0,7.0,20,53.0
260.0,260.0,0.0,0.0,1693.0,0.0,12.0,111.0,277.0,0.0,1.0,0.03,2.0,35.0,7.0,20,50.0
260.0,260.0,0.0,0.0,1278.0,0.0,12.0,111.0,277.0,0.0,1.0,0.03,2.0,35.0,7.0,20,55.0
432.0,108.0,0.0,0.0,1350.0,0.0,12.0,86.0,214.0,0.0,1.0,0.12,2.0,15.0,7.0,20,26.0
432.0,108.0,0.0,0.0,1693.0,0.0,12.0,86.0,214.0,0.0,1.0,0.12,2.0,15.0,7.0,20,27.0
432.0,108.0,0.0,0.0,1278.0,0.0,12.0,86.0,214.0,0.0,1.0,0.12,2.0,15.0,7.0,20,31.0
260.0,260.0,0.0,0.0,1350.0,0.0,12.0,111.0,277.0,0.0,1.0,0.12,2.0,15.0,7.0,20,50.0
260.0,260.0,0.0,0.0,1693.0,0.0,12.0,111.0,277.0,0.0,1.0,0.12,2.0,15.0,7.0,20,48.0
260.0,260.0,0.0,0.0,1278.0,0.0,12.0,111.0,277.0,0.0,1.0,0.12,2.0,15.0,7.0,20,54.0
432.0,108.0,0.0,0.0,1350.0,0.0,12.0,86.0,214.0,0.0,1.0,0.03,2.0,20.0,7.0,20,26.0
432.0,108.0,0.0,0.0,1693.0,0.0,12.0,86.0,214.0,0.0,1.0,0.03,2.0,20.0,7.0,20,28.0
432.0,108.0,0.0,0.0,1278.0,0.0,12.0,86.0,214.0,0.0,1.0,0.03,2.0,20.0,7.0,20,33.0
260.0,260.0,0.0,0.0,1350.0,0.0,12.0,111.0,277.0,0.0,1.0,0.03,2.0,20.0,7.0,20,53.0
260.0,260.0,0.0,0.0,1693.0,0.0,12.0,111.0,277.0,0.0,1.0,0.03,2.0,20.0,7.0,20,51.5
260.0,260.0,0.0,0.0,1278.0,0.0,12.0,111.0,277.0,0.0,1.0,0.03,2.0,20.0,7.0,20,55.5
432.0,108.0,0.0,0.0,1350.0,0.0,12.0,86.0,214.0,0.0,2.0,0.02,2.0,40.0,7.0,20,28.5
432.0,108.0,0.0,0.0,1693.0,0.0,12.0,86.0,214.0,0.0,2.0,0.02,2.0,40.0,7.0,20,31.5
432.0,108.0,0.0,0.0,1278.0,0.0,12.0,86.0,214.0,0.0,2.0,0.02,2.0,40.0,7.0,20,23.0
260.0,260.0,0.0,0.0,1350.0,0.0,12.0,111.0,277.0,0.0,2.0,0.02,2.0,40.0,7.0,20,52.0
260.0,260.0,0.0,0.0,1693.0,0.0,12.0,111.0,277.0,0.0,2.0,0.02,2.0,40.0,7.0,20,51.0
260.0,260.0,0.0,0.0,1278.0,0.0,12.0,111.0,277.0,0.0,2.0,0.02,2.0,40.0,7.0,20,45.0
432.0,108.0,0.0,0.0,1350.0,0.0,12.0,86.0,214.0,0.0,0.0,0.0,0.0,0.0,14.0,20,32.5
432.0,108.0,0.0,0.0,1693.0,0.0,12.0,86.0,214.0,0.0,0.0,0.0,0.0,0.0,14.0,20,37.0
432.0,108.0,0.0,0.0,1278.0,0.0,12.0,86.0,214.0,0.0,0.0,0.0,0.0,0.0,14.0,20,40.5
260.0,260.0,0.0,0.0,1350.0,0.0,12.0,111.0,277.0,0.0,0.0,0.0,0.0,0.0,14.0,20,59.0
260.0,260.0,0.0,0.0,1693.0,0.0,12.0,111.0,277.0,0.0,0.0,0.0,0.0,0.0,14.0,20,59.0
260.0,260.0,0.0,0.0,1278.0,0.0,12.0,111.0,277.0,0.0,0.0,0.0,0.0,0.0,14.0,20,65.0
432.0,108.0,0.0,0.0,1350.0,0.0,12.0,86.0,214.0,0.0,1.0,0.03,2.0,5.0,14.0,20,36.5
432.0,108.0,0.0,0.0,1693.0,0.0,12.0,86.0,214.0,0.0,1.0,0.03,2.0,5.0,14.0,20,35.0
432.0,108.0,0.0,0.0,1278.0,0.0,12.0,86.0,214.0,0.0,1.0,0.03,2.0,5.0,14.0,20,37.0
260.0,260.0,0.0,0.0,1350.0,0.0,12.0,111.0,277.0,0.0,1.0,0.03,2.0,5.0,14.0,20,61.5
260.0,260.0,0.0,0.0,1693.0,0.0,12.0,111.0,277.0,0.0,1.0,0.03,2.0,5.0,14.0,20,58.0
260.0,260.0,0.0,0.0,1278.0,0.0,12.0,111.0,277.0,0.0,1.0,0.03,2.0,5.0,14.0,20,62.0
432.0,108.0,0.0,0.0,1350.0,0.0,12.0,86.0,214.0,0.0,1.0,0.02,2.0,40.0,14.0,20,37.0
432.0,108.0,0.0,0.0,1693.0,0.0,12.0,86.0,214.0,0.0,1.0,0.02,2.0,40.0,14.0,20,38.0
432.0,108.0,0.0,0.0,1278.0,0.0,12.0,86.0,214.0,0.0,1.0,0.02,2.0,40.0,14.0,20,42.5
260.0,260.0,0.0,0.0,1350.0,0.0,12.0,111.0,277.0,0.0,1.0,0.02,2.0,40.0,14.0,20,62.0
260.0,260.0,0.0,0.0,1693.0,0.0,12.0,111.0,277.0,0.0,1.0,0.02,2.0,40.0,14.0,20,62.5
260.0,260.0,0.0,0.0,1278.0,0.0,12.0,111.0,277.0,0.0,1.0,0.02,2.0,40.0,14.0,20,68.0
432.0,108.0,0.0,0.0,1350.0,0.0,12.0,86.0,214.0,0.0,1.0,0.15,2.0,20.0,14.0,20,36.5
432.0,108.0,0.0,0.0,1693.0,0.0,12.0,86.0,214.0,0.0,1.0,0.15,2.0,20.0,14.0,20,35.0
432.0,108.0,0.0,0.0,1278.0,0.0,12.0,86.0,214.0,0.0,1.0,0.15,2.0,20.0,14.0,20,37.0
260.0,260.0,0.0,0.0,1350.0,0.0,12.0,111.0,277.0,0.0,1.0,0.15,2.0,20.0,14.0,20,62.0
260.0,260.0,0.0,0.0,1693.0,0.0,12.0,111.0,277.0,0.0,1.0,0.15,2.0,20.0,14.0,20,59.0
260.0,260.0,0.0,0.0,1278.0,0.0,12.0,111.0,277.0,0.0,1.0,0.15,2.0,20.0,14.0,20,62.5
432.0,108.0,0.0,0.0,1350.0,0.0,12.0,86.0,214.0,0.0,1.0,0.03,2.0,35.0,14.0,20,35.0
432.0,108.0,0.0,0.0,1693.0,0.0,12.0,86.0,214.0,0.0,1.0,0.03,2.0,35.0,14.0,20,36.5
432.0,108.0,0.0,0.0,1278.0,0.0,12.0,86.0,214.0,0.0,1.0,0.03,2.0,35.0,14.0,20,41.0
260.0,260.0,0.0,0.0,1350.0,0.0,12.0,111.0,277.0,0.0,1.0,0.03,2.0,35.0,14.0,20,60.5
260.0,260.0,0.0,0.0,1693.0,0.0,12.0,111.0,277.0,0.0,1.0,0.03,2.0,35.0,14.0,20,61.0
260.0,260.0,0.0,0.0,1278.0,0.0,12.0,111.0,277.0,0.0,1.0,0.03,2.0,35.0,14.0,20,65.0
432.0,108.0,0.0,0.0,1350.0,0.0,12.0,86.0,214.0,0.0,1.0,0.12,2.0,15.0,14.0,20,33.0
432.0,108.0,0.0,0.0,1693.0,0.0,12.0,86.0,214.0,0.0,1.0,0.12,2.0,15.0,14.0,20,36.0
432.0,108.0,0.0,0.0,1278.0,0.0,12.0,86.0,214.0,0.0,1.0,0.12,2.0,15.0,14.0,20,39.0
260.0,260.0,0.0,0.0,1350.0,0.0,12.0,111.0,277.0,0.0,1.0,0.12,2.0,15.0,14.0,20,59.0
260.0,260.0,0.0,0.0,1693.0,0.0,12.0,111.0,277.0,0.0,1.0,0.12,2.0,15.0,14.0,20,59.0
260.0,260.0,0.0,0.0,1278.0,0.0,12.0,111.0,277.0,0.0,1.0,0.12,2.0,15.0,14.0,20,63.0
432.0,108.0,0.0,0.0,1350.0,0.0,12.0,86.0,214.0,0.0,1.0,0.03,2.0,20.0,14.0,20,34.0
432.0,108.0,0.0,0.0,1693.0,0.0,12.0,86.0,214.0,0.0,1.0,0.03,2.0,20.0,14.0,20,37.0
432.0,108.0,0.0,0.0,1278.0,0.0,12.0,86.0,214.0,0.0,1.0,0.03,2.0,20.0,14.0,20,41.0
260.0,260.0,0.0,0.0,1350.0,0.0,12.0,111.0,277.0,0.0,1.0,0.03,2.0,20.0,14.0,20,62.0
260.0,260.0,0.0,0.0,1693.0,0.0,12.0,111.0,277.0,0.0,1.0,0.03,2.0,20.0,14.0,20,62.0
260.0,260.0,0.0,0.0,1278.0,0.0,12.0,111.0,277.0,0.0,1.0,0.03,2.0,20.0,14.0,20,63.5
432.0,108.0,0.0,0.0,1350.0,0.0,12.0,86.0,214.0,0.0,2.0,0.02,2.0,40.0,14.0,20,35.5
432.0,108.0,0.0,0.0,1693.0,0.0,12.0,86.0,214.0,0.0,2.0,0.02,2.0,40.0,14.0,20,37.0
432.0,108.0,0.0,0.0,1278.0,0.0,12.0,86.0,214.0,0.0,2.0,0.02,2.0,40.0,14.0,20,31.5
260.0,260.0,0.0,0.0,1350.0,0.0,12.0,111.0,277.0,0.0,2.0,0.02,2.0,40.0,14.0,20,62.0
260.0,260.0,0.0,0.0,1693.0,0.0,12.0,111.0,277.0,0.0,2.0,0.02,2.0,40.0,14.0,20,62.0
260.0,260.0,0.0,0.0,1278.0,0.0,12.0,111.0,277.0,0.0,2.0,0.02,2.0,40.0,14.0,20,53.0
432.0,108.0,0.0,0.0,1350.0,0.0,12.0,86.0,214.0,0.0,0.0,0.0,0.0,0.0,28.0,20,37.5
432.0,108.0,0.0,0.0,1693.0,0.0,12.0,86.0,214.0,0.0,0.0,0.0,0.0,0.0,28.0,20,42.5
432.0,108.0,0.0,0.0,1278.0,0.0,12.0,86.0,214.0,0.0,0.0,0.0,0.0,0.0,28.0,20,46.0
260.0,260.0,0.0,0.0,1350.0,0.0,12.0,111.0,277.0,0.0,0.0,0.0,0.0,0.0,28.0,20,63.0
260.0,260.0,0.0,0.0,1693.0,0.0,12.0,111.0,277.0,0.0,0.0,0.0,0.0,0.0,28.0,20,64.0
260.0,260.0,0.0,0.0,1278.0,0.0,12.0,111.0,277.0,0.0,0.0,0.0,0.0,0.0,28.0,20,69.0
432.0,108.0,0.0,0.0,1350.0,0.0,12.0,86.0,214.0,0.0,1.0,0.03,2.0,5.0,28.0,20,40.0
432.0,108.0,0.0,0.0,1693.0,0.0,12.0,86.0,214.0,0.0,1.0,0.03,2.0,5.0,28.0,20,39.5
432.0,108.0,0.0,0.0,1278.0,0.0,12.0,86.0,214.0,0.0,1.0,0.03,2.0,5.0,28.0,20,42.0
260.0,260.0,0.0,0.0,1350.0,0.0,12.0,111.0,277.0,0.0,1.0,0.03,2.0,5.0,28.0,20,64.0
260.0,260.0,0.0,0.0,1693.0,0.0,12.0,111.0,277.0,0.0,1.0,0.03,2.0,5.0,28.0,20,62.5
260.0,260.0,0.0,0.0,1278.0,0.0,12.0,111.0,277.0,0.0,1.0,0.03,2.0,5.0,28.0,20,65.0
432.0,108.0,0.0,0.0,1350.0,0.0,12.0,86.0,214.0,0.0,1.0,0.02,2.0,40.0,28.0,20,43.0
432.0,108.0,0.0,0.0,1693.0,0.0,12.0,86.0,214.0,0.0,1.0,0.02,2.0,40.0,28.0,20,46.0
432.0,108.0,0.0,0.0,1278.0,0.0,12.0,86.0,214.0,0.0,1.0,0.02,2.0,40.0,28.0,20,49.0
260.0,260.0,0.0,0.0,1350.0,0.0,12.0,111.0,277.0,0.0,1.0,0.02,2.0,40.0,28.0,20,65.0
260.0,260.0,0.0,0.0,1693.0,0.0,12.0,111.0,277.0,0.0,1.0,0.02,2.0,40.0,28.0,20,65.0
260.0,260.0,0.0,0.0,1278.0,0.0,12.0,111.0,277.0,0.0,1.0,0.02,2.0,40.0,28.0,20,72.0
432.0,108.0,0.0,0.0,1350.0,0.0,12.0,86.0,214.0,0.0,1.0,0.15,2.0,20.0,28.0,20,42.0
432.0,108.0,0.0,0.0,1693.0,0.0,12.0,86.0,214.0,0.0,1.0,0.15,2.0,20.0,28.0,20,40.0
432.0,108.0,0.0,0.0,1278.0,0.0,12.0,86.0,214.0,0.0,1.0,0.15,2.0,20.0,28.0,20,43.0
260.0,260.0,0.0,0.0,1350.0,0.0,12.0,111.0,277.0,0.0,1.0,0.15,2.0,20.0,28.0,20,65.0
260.0,260.0,0.0,0.0,1693.0,0.0,12.0,111.0,277.0,0.0,1.0,0.15,2.0,20.0,28.0,20,64.0
260.0,260.0,0.0,0.0,1278.0,0.0,12.0,111.0,277.0,0.0,1.0,0.15,2.0,20.0,28.0,20,65.5
432.0,108.0,0.0,0.0,1350.0,0.0,12.0,86.0,214.0,0.0,1.0,0.03,2.0,35.0,28.0,20,43.0
432.0,108.0,0.0,0.0,1693.0,0.0,12.0,86.0,214.0,0.0,1.0,0.03,2.0,35.0,28.0,20,43.5
432.0,108.0,0.0,0.0,1278.0,0.0,12.0,86.0,214.0,0.0,1.0,0.03,2.0,35.0,28.0,20,47.0
260.0,260.0,0.0,0.0,1350.0,0.0,12.0,111.0,277.0,0.0,1.0,0.03,2.0,35.0,28.0,20,65.0
260.0,260.0,0.0,0.0,1693.0,0.0,12.0,111.0,277.0,0.0,1.0,0.03,2.0,35.0,28.0,20,65.0
260.0,260.0,0.0,0.0,1278.0,0.0,12.0,111.0,277.0,0.0,1.0,0.03,2.0,35.0,28.0,20,70.0
432.0,108.0,0.0,0.0,1350.0,0.0,12.0,86.0,214.0,0.0,1.0,0.12,2.0,15.0,28.0,20,38.0
432.0,108.0,0.0,0.0,1693.0,0.0,12.0,86.0,214.0,0.0,1.0,0.12,2.0,15.0,28.0,20,40.0
432.0,108.0,0.0,0.0,1278.0,0.0,12.0,86.0,214.0,0.0,1.0,0.12,2.0,15.0,28.0,20,44.5
260.0,260.0,0.0,0.0,1350.0,0.0,12.0,111.0,277.0,0.0,1.0,0.12,2.0,15.0,28.0,20,63.0
260.0,260.0,0.0,0.0,1693.0,0.0,12.0,111.0,277.0,0.0,1.0,0.12,2.0,15.0,28.0,20,63.0
260.0,260.0,0.0,0.0,1278.0,0.0,12.0,111.0,277.0,0.0,1.0,0.12,2.0,15.0,28.0,20,66.0
432.0,108.0,0.0,0.0,1350.0,0.0,12.0,86.0,214.0,0.0,1.0,0.03,2.0,20.0,28.0,20,38.5
432.0,108.0,0.0,0.0,1693.0,0.0,12.0,86.0,214.0,0.0,1.0,0.03,2.0,20.0,28.0,20,42.0
432.0,108.0,0.0,0.0,1278.0,0.0,12.0,86.0,214.0,0.0,1.0,0.03,2.0,20.0,28.0,20,46.0
260.0,260.0,0.0,0.0,1350.0,0.0,12.0,111.0,277.0,0.0,1.0,0.03,2.0,20.0,28.0,20,63.5
260.0,260.0,0.0,0.0,1693.0,0.0,12.0,111.0,277.0,0.0,1.0,0.03,2.0,20.0,28.0,20,64.0
260.0,260.0,0.0,0.0,1278.0,0.0,12.0,111.0,277.0,0.0,1.0,0.03,2.0,20.0,28.0,20,66.0
432.0,108.0,0.0,0.0,1350.0,0.0,12.0,86.0,214.0,0.0,2.0,0.02,2.0,40.0,28.0,20,42.5
432.0,108.0,0.0,0.0,1693.0,0.0,12.0,86.0,214.0,0.0,2.0,0.02,2.0,40.0,28.0,20,44.0
432.0,108.0,0.0,0.0,1278.0,0.0,12.0,86.0,214.0,0.0,2.0,0.02,2.0,40.0,28.0,20,37.5
260.0,260.0,0.0,0.0,1350.0,0.0,12.0,111.0,277.0,0.0,2.0,0.02,2.0,40.0,28.0,20,65.0
260.0,260.0,0.0,0.0,1693.0,0.0,12.0,111.0,277.0,0.0,2.0,0.02,2.0,40.0,28.0,20,65.0
260.0,260.0,0.0,0.0,1278.0,0.0,12.0,111.0,277.0,0.0,2.0,0.02,2.0,40.0,28.0,20,57.0
0.0,394.0,0.0,0.0,647.0,1201.0,10.0,45.1,90.2,59.0,0.0,0.0,0.0,0.0,3.0,20,55.4
0.0,394.0,0.0,0.0,647.0,1201.0,10.0,45.1,90.2,59.0,0.0,0.0,0.0,0.0,7.0,20,58.9
0.0,394.0,0.0,0.0,647.0,1201.0,10.0,45.1,90.2,59.0,0.0,0.0,0.0,0.0,28.0,20,60.0
0.0,394.0,0.0,0.0,647.0,1201.0,10.0,45.1,90.2,59.0,0.0,0.0,0.0,0.0,91.0,20,62.8
400.0,0.0,0.0,0.0,850.0,950.0,12.0,57.0,143.0,48.0,0.0,0.0,0.0,0.0,2.0,70,40.85
400.0,0.0,0.0,0.0,850.0,950.0,12.0,57.0,143.0,48.0,0.0,0.0,0.0,0.0,2.0,70,42.02
400.0,0.0,0.0,0.0,850.0,950.0,12.0,57.0,143.0,48.0,0.0,0.0,0.0,0.0,2.0,70,44.74
400.0,0.0,0.0,0.0,850.0,950.0,12.0,57.0,143.0,48.0,0.0,0.0,0.0,0.0,2.0,70,47.83
400.0,0.0,0.0,0.0,850.0,950.0,12.0,57.0,143.0,48.0,0.0,0.0,0.0,0.0,2.0,70,51.03
400.0,0.0,0.0,0.0,850.0,950.0,8.0,57.0,143.0,48.0,0.0,0.0,0.0,0.0,2.0,70,41.45
400.0,0.0,0.0,0.0,850.0,950.0,10.0,57.0,143.0,48.0,0.0,0.0,0.0,0.0,2.0,70,45.19
400.0,0.0,0.0,0.0,850.0,950.0,14.0,57.0,143.0,48.0,0.0,0.0,0.0,0.0,2.0,70,46.96
0.0,394.0,0.0,0.0,647.0,1201.0,8.0,45.0,113.0,59.0,0.0,0.0,0.0,0.0,3.0,20,44.67
0.0,394.0,0.0,0.0,647.0,1201.0,8.0,45.0,113.0,59.0,0.0,0.0,0.0,0.0,3.0,60,60.9
0.0,394.0,0.0,0.0,647.0,1201.0,8.0,45.0,113.0,59.0,0.0,0.0,0.0,0.0,3.0,90,63.04
0.0,394.0,0.0,0.0,647.0,1201.0,8.0,45.0,113.0,59.0,0.0,0.0,0.0,0.0,7.0,20,47.16
0.0,394.0,0.0,0.0,647.0,1201.0,8.0,45.0,113.0,59.0,0.0,0.0,0.0,0.0,7.0,60,66.5
0.0,394.0,0.0,0.0,647.0,1201.0,8.0,45.0,113.0,59.0,0.0,0.0,0.0,0.0,7.0,90,66.19
0.0,394.0,0.0,0.0,647.0,1201.0,8.0,45.0,113.0,59.0,0.0,0.0,0.0,0.0,28.0,20,52.79
0.0,394.0,0.0,0.0,647.0,1201.0,8.0,45.0,113.0,59.0,0.0,0.0,0.0,0.0,28.0,60,69.28
0.0,394.0,0.0,0.0,647.0,1201.0,8.0,45.0,113.0,59.0,0.0,0.0,0.0,0.0,28.0,90,71.63
304.0,76.0,0.0,0.0,660.0,1178.0,8.0,49.0,122.0,0.0,0.0,0.0,0.0,0.0,7.0,20,21.2
380.0,0.0,0.0,0.0,660.0,1178.0,8.0,49.0,122.0,0.0,0.0,0.0,0.0,0.0,7.0,20,15.0
342.0,38.0,0.0,0.0,660.0,1178.0,8.0,49.0,122.0,0.0,0.0,0.0,0.0,0.0,7.0,20,18.7
266.0,114.0,0.0,0.0,660.0,1178.0,8.0,49.0,122.0,0.0,0.0,0.0,0.0,0.0,7.0,20,23.2
315.0,79.0,0.0,0.0,660.0,1178.0,8.0,49.0,113.0,45.0,0.0,0.0,0.0,0.0,7.0,20,24.1
294.0,74.0,0.0,0.0,660.0,1178.0,8.0,49.0,131.0,53.0,0.0,0.0,0.0,0.0,7.0,20,20.2
304.0,76.0,0.0,0.0,660.0,1178.0,8.0,49.0,103.0,69.0,0.0,0.0,0.0,0.0,7.0,20,22.7
304.0,76.0,0.0,0.0,660.0,1178.0,8.0,49.0,122.0,0.0,0.0,0.0,0.0,0.0,28.0,20,38.9
380.0,0.0,0.0,0.0,660.0,1178.0,8.0,49.0,122.0,0.0,0.0,0.0,0.0,0.0,28.0,20,29.0
342.0,38.0,0.0,0.0,660.0,1178.0,8.0,49.0,122.0,0.0,0.0,0.0,0.0,0.0,28.0,20,34.3
266.0,114.0,0.0,0.0,660.0,1178.0,8.0,49.0,122.0,0.0,0.0,0.0,0.0,0.0,28.0,20,40.0
315.0,79.0,0.0,0.0,660.0,1178.0,8.0,49.0,113.0,45.0,0.0,0.0,0.0,0.0,28.0,20,45.0
294.0,74.0,0.0,0.0,660.0,1178.0,8.0,49.0,131.0,53.0,0.0,0.0,0.0,0.0,28.0,20,35.0
304.0,76.0,0.0,0.0,660.0,1178.0,8.0,49.0,103.0,69.0,0.0,0.0,0.0,0.0,28.0,20,39.1
400.0,0.0,0.0,0.0,850.0,950.0,12.0,57.0,143.0,40.0,0.0,0.0,0.0,0.0,1.0,70,53.5
400.0,0.0,0.0,0.0,850.0,950.0,12.0,57.0,143.0,48.0,0.0,0.0,0.0,0.0,1.0,70,45.0
400.0,0.0,0.0,0.0,850.0,950.0,12.0,57.0,143.0,60.0,0.0,0.0,0.0,0.0,1.0,70,37.3
400.0,0.0,0.0,0.0,850.0,950.0,12.0,57.0,143.0,80.0,0.0,0.0,0.0,0.0,1.0,70,22.6
400.0,0.0,0.0,0.0,850.0,950.0,12.0,57.0,143.0,48.0,0.0,0.0,0.0,0.0,2.0,70,51.0
400.0,0.0,0.0,0.0,850.0,950.0,12.0,57.0,143.0,48.0,0.0,0.0,0.0,0.0,3.0,70,51.4
400.0,0.0,0.0,0.0,850.0,950.0,12.0,57.0,143.0,48.0,0.0,0.0,0.0,0.0,4.0,70,51.7
400.0,0.0,0.0,0.0,850.0,950.0,12.0,57.0,143.0,48.0,0.0,0.0,0.0,0.0,2.0,70,44.8
400.0,0.0,0.0,0.0,850.0,950.0,12.0,57.0,143.0,48.0,0.0,0.0,0.0,0.0,2.0,70,48.6
400.0,0.0,0.0,0.0,850.0,950.0,12.0,57.0,143.0,48.0,0.0,0.0,0.0,0.0,2.0,70,48.0
450.0,0.0,0.0,0.0,600.0,1200.0,10.0,80.0,120.0,0.0,0.0,0.0,0.0,0.0,7.0,20,12.6
450.0,0.0,0.0,0.0,600.0,1200.0,10.0,80.0,120.0,0.0,0.0,0.0,0.0,0.0,14.0,20,15.0
450.0,0.0,0.0,0.0,600.0,1200.0,10.0,80.0,120.0,0.0,0.0,0.0,0.0,0.0,28.0,20,18.2
450.0,0.0,0.0,0.0,600.0,1200.0,12.0,80.0,120.0,0.0,0.0,0.0,0.0,0.0,7.0,20,15.4
450.0,0.0,0.0,0.0,600.0,1200.0,12.0,80.0,120.0,0.0,0.0,0.0,0.0,0.0,14.0,20,24.3
450.0,0.0,0.0,0.0,600.0,1200.0,12.0,80.0,120.0,0.0,0.0,0.0,0.0,0.0,28.0,20,26.4
450.0,0.0,0.0,0.0,600.0,1200.0,14.0,80.0,120.0,0.0,0.0,0.0,0.0,0.0,7.0,20,17.5
450.0,0.0,0.0,0.0,600.0,1200.0,14.0,80.0,120.0,0.0,0.0,0.0,0.0,0.0,14.0,20,26.1
450.0,0.0,0.0,0.0,600.0,1200.0,14.0,80.0,120.0,0.0,0.0,0.0,0.0,0.0,28.0,20,29.7
410.0,0.0,0.0,0.0,521.8,1142.7,10.0,80.0,120.0,0.0,0.0,0.0,0.0,0.0,7.0,20,9.6
410.0,0.0,0.0,0.0,521.8,1142.7,10.0,80.0,120.0,0.0,0.0,0.0,0.0,0.0,14.0,20,13.4
410.0,0.0,0.0,0.0,521.8,1142.7,10.0,80.0,120.0,0.0,0.0,0.0,0.0,0.0,28.0,20,15.0
410.0,0.0,0.0,0.0,521.8,1142.7,12.0,80.0,120.0,0.0,0.0,0.0,0.0,0.0,7.0,20,14.6
410.0,0.0,0.0,0.0,521.8,1142.7,12.0,80.0,120.0,0.0,0.0,0.0,0.0,0.0,14.0,20,17.8
410.0,0.0,0.0,0.0,521.8,1142.7,12.0,80.0,120.0,0.0,0.0,0.0,0.0,0.0,28.0,20,22.5
410.0,0.0,0.0,0.0,521.8,1142.7,14.0,80.0,120.0,0.0,0.0,0.0,0.0,0.0,7.0,20,15.4
410.0,0.0,0.0,0.0,521.8,1142.7,14.0,80.0,120.0,0.0,0.0,0.0,0.0,0.0,14.0,20,20.0
410.0,0.0,0.0,0.0,521.8,1142.7,14.0,80.0,120.0,0.0,0.0,0.0,0.0,0.0,28.0,20,25.0
350.0,150.0,0.0,0.0,628.0,1007.0,14.0,80.0,120.0,122.0,0.0,0.0,0.0,0.0,28.0,20,66.23
280.0,120.0,0.0,0.0,680.0,1091.0,14.0,80.0,120.0,122.0,0.0,0.0,0.0,0.0,28.0,20,56.42
233.0,100.0,0.0,0.0,704.0,1129.0,14.0,80.0,120.0,122.0,0.0,0.0,0.0,0.0,28.0,20,49.58
200.0,85.0,0.0,0.0,726.0,1163.0,14.0,80.0,120.0,122.0,0.0,0.0,0.0,0.0,28.0,20,39.6
175.0,75.0,0.0,0.0,742.0,1190.0,14.0,80.0,120.0,122.0,0.0,0.0,0.0,0.0,28.0,20,32.73
350.0,150.0,0.0,0.0,628.0,1007.0,14.0,80.0,120.0,122.0,0.0,0.0,0.0,0.0,56.0,20,67.82
280.0,120.0,0.0,0.0,680.0,1091.0,14.0,80.0,120.0,122.0,0.0,0.0,0.0,0.0,56.0,20,58.4
233.0,100.0,0.0,0.0,704.0,1129.0,14.0,80.0,120.0,122.0,0.0,0.0,0.0,0.0,56.0,20,51.6
200.0,85.0,0.0,0.0,726.0,1163.0,14.0,80.0,120.0,122.0,0.0,0.0,0.0,0.0,56.0,20,41.65
175.0,75.0,0.0,0.0,742.0,1190.0,14.0,80.0,120.0,122.0,0.0,0.0,0.0,0.0,56.0,20,34.82
354.9,39.4,0.0,0.0,554.4,1293.4,10.0,45.1,112.6,59.1,0.0,0.0,0.0,0.0,3.0,20,12.65
354.9,39.4,0.0,0.0,554.4,1293.4,10.0,45.1,112.6,59.1,0.0,0.0,0.0,0.0,7.0,20,22.1
354.9,39.4,0.0,0.0,554.4,1293.4,10.0,45.1,112.6,59.1,0.0,0.0,0.0,0.0,28.0,20,31.3
354.9,39.4,0.0,0.0,554.4,1293.4,10.0,45.1,112.6,59.1,0.25,0.75,35.0,200.0,3.0,20,18.26
354.9,39.4,0.0,0.0,554.4,1293.4,10.0,45.1,112.6,59.1,0.25,0.75,35.0,200.0,7.0,20,31.8
354.9,39.4,0.0,0.0,554.4,1293.4,10.0,45.1,112.6,59.1,0.25,0.75,35.0,200.0,28.0,20,34.9
354.9,39.4,0.0,0.0,554.4,1293.4,10.0,45.1,112.6,59.1,0.5,0.75,35.0,200.0,3.0,20,19.62
354.9,39.4,0.0,0.0,554.4,1293.4,10.0,45.1,112.6,59.1,0.5,0.75,35.0,200.0,7.0,20,32.2
354.9,39.4,0.0,0.0,554.4,1293.4,10.0,45.1,112.6,59.1,0.5,0.75,35.0,200.0,28.0,20,36.2
354.9,39.4,0.0,0.0,554.4,1293.4,10.0,45.1,112.6,59.1,0.75,0.75,35.0,200.0,3.0,20,20.2
354.9,39.4,0.0,0.0,554.4,1293.4,10.0,45.1,112.6,59.1,0.75,0.75,35.0,200.0,7.0,20,33.8
354.9,39.4,0.0,0.0,554.4,1293.4,10.0,45.1,112.6,59.1,0.75,0.75,35.0,200.0,28.0,20,39.57
354.9,39.4,0.0,0.0,554.4,1293.4,10.0,45.1,112.6,59.1,1.0,0.75,35.0,200.0,3.0,20,23.34
354.9,39.4,0.0,0.0,554.4,1293.4,10.0,45.1,112.6,59.1,1.0,0.75,35.0,200.0,7.0,20,34.28
354.9,39.4,0.0,0.0,554.4,1293.4,10.0,45.1,112.6,59.1,1.0,0.75,35.0,200.0,28.0,20,42.8
324.0,36.0,0.0,0.0,770.0,1090.0,8.0,79.2,118.8,0.0,0.0,0.0,0.0,0.0,7.0,20,28.9
324.0,36.0,0.0,0.0,770.0,1090.0,8.0,79.2,118.8,0.0,0.0,0.0,0.0,0.0,28.0,20,36.8
288.0,72.0,0.0,0.0,770.0,1090.0,8.0,79.2,118.8,0.0,0.0,0.0,0.0,0.0,7.0,20,32.5
288.0,72.0,0.0,0.0,770.0,1090.0,8.0,79.2,118.8,0.0,0.0,0.0,0.0,0.0,28.0,20,38.8
252.0,108.0,0.0,0.0,770.0,1090.0,8.0,79.2,118.8,0.0,0.0,0.0,0.0,0.0,7.0,20,34.5
252.0,108.0,0.0,0.0,770.0,1090.0,8.0,79.2,118.8,0.0,0.0,0.0,0.0,0.0,28.0,20,43.1
324.0,36.0,0.0,0.0,770.0,1090.0,8.0,56.57,141.0,0.0,0.0,0.0,0.0,0.0,7.0,20,27.9
324.0,36.0,0.0,0.0,770.0,1090.0,8.0,56.57,141.0,0.0,0.0,0.0,0.0,0.0,28.0,20,34.8
288.0,72.0,0.0,0.0,770.0,1090.0,8.0,56.57,141.0,0.0,0.0,0.0,0.0,0.0,7.0,20,30.8
288.0,72.0,0.0,0.0,770.0,1090.0,8.0,56.57,141.0,0.0,0.0,0.0,0.0,0.0,28.0,20,35.8
252.0,108.0,0.0,0.0,770.0,1090.0,8.0,56.57,141.0,0.0,0.0,0.0,0.0,0.0,7.0,20,33.8
252.0,108.0,0.0,0.0,770.0,1090.0,8.0,56.57,141.0,0.0,0.0,0.0,0.0,0.0,28.0,20,41.1
500.0,0.0,0.0,0.0,785.0,1100.0,12.0,65.0,163.0,25.0,0.0,0.0,0.0,0.0,3.0,20,5.0
0.0,50.0,0.0,0.0,785.0,1100.0,12.0,65.0,163.0,25.0,0.0,0.0,0.0,0.0,3.0,20,34.8
500.0,0.0,0.0,0.0,785.0,1100.0,12.0,65.0,163.0,25.0,0.0,0.0,0.0,0.0,7.0,20,19.7
0.0,50.0,0.0,0.0,785.0,1100.0,12.0,65.0,163.0,25.0,0.0,0.0,0.0,0.0,7.0,20,37.1
500.0,0.0,0.0,0.0,785.0,1100.0,12.0,65.0,163.0,25.0,0.0,0.0,0.0,0.0,28.0,20,20.2
0.0,50.0,0.0,0.0,785.0,1100.0,12.0,65.0,163.0,25.0,0.0,0.0,0.0,0.0,28.0,20,41.4
334.0,0.0,0.0,0.0,648.35,1373.15,13.0,58.45,58.45,0.0,0.0,0.0,0.0,0.0,7.0,80,17.56
334.0,0.0,0.0,0.0,632.75,1329.09,13.0,58.45,58.45,18.74,0.0,0.0,0.0,0.0,7.0,80,35.33
334.0,0.0,0.0,0.0,613.42,1298.18,13.0,58.45,58.45,41.23,0.0,0.0,0.0,0.0,7.0,80,41.78
334.0,0.0,0.0,0.0,593.95,1256.96,13.0,58.45,58.45,63.74,0.0,0.0,0.0,0.0,7.0,80,61.33
334.0,0.0,0.0,0.0,574.34,1215.47,13.0,58.45,58.45,86.24,0.0,0.0,0.0,0.0,7.0,80,47.11
382.5,42.5,0.0,0.0,505.0,1105.0,12.0,77.9,155.8,0.0,0.0,0.0,0.0,0.0,3.0,20,11.26
340.0,85.0,0.0,0.0,505.0,1105.0,12.0,77.9,155.8,0.0,0.0,0.0,0.0,0.0,3.0,20,17.19
297.5,127.5,0.0,0.0,505.0,1105.0,12.0,77.9,155.8,0.0,0.0,0.0,0.0,0.0,3.0,20,27.7
255.0,170.0,0.0,0.0,505.0,1105.0,12.0,77.9,155.8,0.0,0.0,0.0,0.0,0.0,3.0,20,20.87
212.5,212.5,0.0,0.0,505.0,1105.0,12.0,77.9,155.8,0.0,0.0,0.0,0.0,0.0,3.0,20,22.5
382.5,42.5,0.0,0.0,505.0,1105.0,12.0,77.9,155.8,0.0,0.0,0.0,0.0,0.0,7.0,20,14.9
340.0,85.0,0.0,0.0,505.0,1105.0,12.0,77.9,155.8,0.0,0.0,0.0,0.0,0.0,7.0,20,24.56
297.5,127.5,0.0,0.0,505.0,1105.0,12.0,77.9,155.8,0.0,0.0,0.0,0.0,0.0,7.0,20,40.01
255.0,170.0,0.0,0.0,505.0,1105.0,12.0,77.9,155.8,0.0,0.0,0.0,0.0,0.0,7.0,20,34.37
212.5,212.5,0.0,0.0,505.0,1105.0,12.0,77.9,155.8,0.0,0.0,0.0,0.0,0.0,7.0,20,36.15
382.5,42.5,0.0,0.0,505.0,1105.0,12.0,77.9,155.8,0.0,0.0,0.0,0.0,0.0,14.0,20,31.33
340.0,85.0,0.0,0.0,505.0,1105.0,12.0,77.9,155.8,0.0,0.0,0.0,0.0,0.0,14.0,20,39.01
297.5,127.5,0.0,0.0,505.0,1105.0,12.0,77.9,155.8,0.0,0.0,0.0,0.0,0.0,14.0,20,48.24
255.0,170.0,0.0,0.0,505.0,1105.0,12.0,77.9,155.8,0.0,0.0,0.0,0.0,0.0,14.0,20,41.45
212.5,212.5,0.0,0.0,505.0,1105.0,12.0,77.9,155.8,0.0,0.0,0.0,0.0,0.0,14.0,20,43.1
382.5,42.5,0.0,0.0,505.0,1105.0,12.0,77.9,155.8,0.0,0.0,0.0,0.0,0.0,28.0,20,35.3
340.0,85.0,0.0,0.0,505.0,1105.0,12.0,77.9,155.8,0.0,0.0,0.0,0.0,0.0,28.0,20,46.67
297.5,127.5,0.0,0.0,505.0,1105.0,12.0,77.9,155.8,0.0,0.0,0.0,0.0,0.0,28.0,20,52.31
255.0,170.0,0.0,0.0,505.0,1105.0,12.0,77.9,155.8,0.0,0.0,0.0,0.0,0.0,28.0,20,44.34
212.5,212.5,0.0,0.0,505.0,1105.0,12.0,77.9,155.8,0.0,0.0,0.0,0.0,0.0,28.0,20,43.3
382.5,42.5,0.0,0.0,505.0,1105.0,12.0,77.9,155.8,0.0,0.0,0.0,0.0,0.0,56.0,20,37.9
340.0,85.0,0.0,0.0,505.0,1105.0,12.0,77.9,155.8,0.0,0.0,0.0,0.0,0.0,56.0,20,48.4
297.5,127.5,0.0,0.0,505.0,1105.0,12.0,77.9,155.8,0.0,0.0,0.0,0.0,0.0,56.0,20,54.4
255.0,170.0,0.0,0.0,505.0,1105.0,12.0,77.9,155.8,0.0,0.0,0.0,0.0,0.0,56.0,20,44.8
212.5,212.5,0.0,0.0,505.0,1105.0,12.0,77.9,155.8,0.0,0.0,0.0,0.0,0.0,56.0,20,44.1
382.5,42.5,0.0,0.0,505.0,1105.0,12.0,77.9,155.8,0.0,0.0,0.0,0.0,0.0,91.0,20,42.4
340.0,85.0,0.0,0.0,505.0,1105.0,12.0,77.9,155.8,0.0,0.0,0.0,0.0,0.0,91.0,20,48.4
297.5,127.5,0.0,0.0,505.0,1105.0,12.0,77.9,155.8,0.0,0.0,0.0,0.0,0.0,91.0,20,54.1
255.0,170.0,0.0,0.0,505.0,1105.0,12.0,77.9,155.8,0.0,0.0,0.0,0.0,0.0,91.0,20,45.0
212.5,212.5,0.0,0.0,505.0,1105.0,12.0,77.9,155.8,0.0,0.0,0.0,0.0,0.0,91.0,20,44.4
204.5,204.5,0.0,0.0,549.0,0.0,8.0,41.0,102.0,92.5,0.0,0.0,0.0,0.0,7.0,20,29.1
204.5,204.5,0.0,0.0,469.2,109.8,8.0,41.0,102.0,92.5,0.0,0.0,0.0,0.0,7.0,20,34.2
204.5,204.5,0.0,0.0,329.4,219.6,8.0,41.0,102.0,92.5,0.0,0.0,0.0,0.0,7.0,20,38.6
204.5,204.5,0.0,0.0,219.6,329.4,8.0,41.0,102.0,92.5,0.0,0.0,0.0,0.0,7.0,20,42.81
498.5,0.0,0.0,0.0,0.0,1752.0,14.0,59.82,89.2,26.4,0.0,0.0,0.0,0.0,1.0,20,37.8
480.0,0.0,0.0,0.0,0.0,1752.0,14.0,56.0,112.0,23.65,0.0,0.0,0.0,0.0,1.0,20,34.5
462.86,0.0,0.0,0.0,0.0,1752.0,14.0,52.9,132.2,21.2,0.0,0.0,0.0,0.0,1.0,20,49.6
461.54,0.0,0.0,0.0,0.0,1800.0,14.0,46.15,92.3,18.6,0.0,0.0,0.0,0.0,1.0,20,41.9
444.44,0.0,0.0,0.0,0.0,1800.0,14.0,44.44,111.1,18.55,0.0,0.0,0.0,0.0,1.0,20,32.45
428.57,0.0,0.0,0.0,0.0,1800.0,14.0,68.57,102.86,28.51,0.0,0.0,0.0,0.0,1.0,20,25.17
424.62,0.0,0.0,0.0,0.0,1800.0,14.0,36.4,90.99,15.97,0.0,0.0,0.0,0.0,1.0,20,54.1
408.69,0.0,0.0,0.0,0.0,1800.0,14.0,57.2,85.87,24.46,0.0,0.0,0.0,0.0,1.0,20,32.4
394.29,0.0,0.0,0.0,0.0,1800.0,14.0,52.57,105.1,21.47,0.0,0.0,0.0,0.0,1.0,20,25.8
498.5,0.0,0.0,0.0,0.0,1752.0,14.0,59.82,89.2,26.4,0.0,0.0,0.0,0.0,7.0,20,39.5
480.0,0.0,0.0,0.0,0.0,1752.0,14.0,56.0,112.0,23.65,0.0,0.0,0.0,0.0,7.0,20,35.3
462.86,0.0,0.0,0.0,0.0,1752.0,14.0,52.9,132.2,21.2,0.0,0.0,0.0,0.0,7.0,20,49.89
461.54,0.0,0.0,0.0,0.0,1800.0,14.0,46.15,92.3,18.6,0.0,0.0,0.0,0.0,7.0,20,40.9
444.44,0.0,0.0,0.0,0.0,1800.0,14.0,44.44,111.1,18.55,0.0,0.0,0.0,0.0,7.0,20,37.5
428.57,0.0,0.0,0.0,0.0,1800.0,14.0,68.57,102.86,28.51,0.0,0.0,0.0,0.0,7.0,20,27.1
424.62,0.0,0.0,0.0,0.0,1800.0,14.0,36.4,90.99,15.97,0.0,0.0,0.0,0.0,7.0,20,52.29
408.69,0.0,0.0,0.0,0.0,1800.0,14.0,57.2,85.87,24.46,0.0,0.0,0.0,0.0,7.0,20,34.5
394.29,0.0,0.0,0.0,0.0,1800.0,14.0,52.57,105.1,21.47,0.0,0.0,0.0,0.0,7.0,20,29.29
498.5,0.0,0.0,0.0,0.0,1752.0,14.0,59.82,89.2,26.4,0.0,0.0,0.0,0.0,28.0,20,39.9
480.0,0.0,0.0,0.0,0.0,1752.0,14.0,56.0,112.0,23.65,0.0,0.0,0.0,0.0,28.0,20,37.09
462.86,0.0,0.0,0.0,0.0,1752.0,14.0,52.9,132.2,21.2,0.0,0.0,0.0,0.0,28.0,20,49.6
461.54,0.0,0.0,0.0,0.0,1800.0,14.0,46.15,92.3,18.6,0.0,0.0,0.0,0.0,28.0,20,42.5
444.44,0.0,0.0,0.0,0.0,1800.0,14.0,44.44,111.1,18.55,0.0,0.0,0.0,0.0,28.0,20,38.69
428.57,0.0,0.0,0.0,0.0,1800.0,14.0,68.57,102.86,28.51,0.0,0.0,0.0,0.0,28.0,20,28.64
424.62,0.0,0.0,0.0,0.0,1800.0,14.0,36.4,90.99,15.97,0.0,0.0,0.0,0.0,28.0,20,54.89
408.69,0.0,0.0,0.0,0.0,1800.0,14.0,57.2,85.87,24.46,0.0,0.0,0.0,0.0,28.0,20,35.73
394.29,0.0,0.0,0.0,0.0,1800.0,14.0,52.57,105.1,21.47,0.0,0.0,0.0,0.0,28.0,20,29.71
0.0,400.0,0.0,0.0,810.0,990.0,8.0,57.14,142.85,54.0,0.0,0.0,0.0,0.0,7.0,20,60.05
0.0,400.0,0.0,0.0,810.0,990.0,8.0,57.14,142.85,54.0,0.0,0.0,0.0,0.0,28.0,20,63.56
0.0,400.0,0.0,0.0,810.0,990.0,8.0,57.14,142.85,54.0,0.0,0.0,0.0,0.0,56.0,20,65.21
0.0,400.0,0.0,0.0,810.0,990.0,10.0,57.14,142.85,54.0,0.0,0.0,0.0,0.0,7.0,20,61.7
0.0,400.0,0.0,0.0,810.0,990.0,10.0,57.14,142.85,54.0,0.0,0.0,0.0,0.0,28.0,20,63.25
0.0,400.0,0.0,0.0,810.0,990.0,10.0,57.14,142.85,54.0,0.0,0.0,0.0,0.0,56.0,20,68.03
0.0,400.0,0.0,0.0,810.0,990.0,12.0,57.14,142.85,54.0,0.0,0.0,0.0,0.0,7.0,20,63.9
0.0,400.0,0.0,0.0,810.0,990.0,12.0,57.14,142.85,54.0,0.0,0.0,0.0,0.0,28.0,20,68.83
0.0,400.0,0.0,0.0,810.0,990.0,12.0,57.14,142.85,54.0,0.0,0.0,0.0,0.0,56.0,20,70.41
252.0,108.0,0.0,0.0,771.0,1090.8,8.0,57.57,141.42,0.0,0.0,0.0,0.0,0.0,28.0,20,26.76
270.0,180.0,0.0,0.0,760.0,972.0,8.0,70.85,177.15,0.0,0.0,0.0,0.0,0.0,28.0,20,43.4
260.0,260.0,0.0,0.0,717.6,915.2,8.0,81.72,204.2,0.0,0.0,0.0,0.0,0.0,28.0,20,62.89
408.0,0.0,0.0,0.0,530.4,1264.8,10.0,41.0,103.0,0.0,0.0,0.0,0.0,0.0,28.0,20,39.1
408.0,0.0,0.0,0.0,571.2,1305.6,10.0,41.0,103.0,0.0,0.0,0.0,0.0,0.0,28.0,20,48.0
408.0,0.0,0.0,0.0,612.0,1346.4,10.0,41.0,103.0,0.0,0.0,0.0,0.0,0.0,28.0,20,53.3
408.0,0.0,0.0,0.0,652.0,1387.2,10.0,41.0,103.0,0.0,0.0,0.0,0.0,0.0,28.0,20,49.3
400.0,0.0,0.0,0.0,850.0,950.0,8.0,57.0,143.0,12.0,0.0,0.0,0.0,0.0,2.0,70,41.45
400.0,0.0,0.0,0.0,850.0,950.0,10.0,57.0,143.0,12.0,0.0,0.0,0.0,0.0,2.0,70,45.19
400.0,0.0,0.0,0.0,850.0,950.0,12.0,57.0,143.0,12.0,0.0,0.0,0.0,0.0,2.0,70,47.83
400.0,0.0,0.0,0.0,850.0,950.0,14.0,57.0,143.0,12.0,0.0,0.0,0.0,0.0,2.0,70,46.96
200.0,200.0,0.0,0.0,716.0,1074.0,14.0,9.0,56.0,145.0,0.0,0.0,0.0,0.0,28.0,20,31.7
200.0,200.0,0.0,0.0,712.0,1068.0,14.0,12.0,74.0,133.0,0.0,0.0,0.0,0.0,28.0,20,49.3
200.0,200.0,0.0,0.0,708.0,1062.0,14.0,15.0,93.0,122.0,0.0,0.0,0.0,0.0,28.0,20,58.2
200.0,200.0,0.0,0.0,712.0,1068.0,14.0,19.0,62.0,139.0,0.0,0.0,0.0,0.0,28.0,20,44.4
200.0,200.0,0.0,0.0,704.0,1056.0,14.0,12.0,124.0,104.0,0.0,0.0,0.0,0.0,28.0,20,65.0
200.0,200.0,0.0,0.0,716.0,1074.0,14.0,15.0,93.0,102.0,0.0,0.0,0.0,0.0,28.0,20,65.7
200.0,200.0,0.0,0.0,700.0,1050.0,14.0,15.0,93.0,142.0,0.0,0.0,0.0,0.0,28.0,20,42.3
300.0,100.0,0.0,0.0,712.0,1068.0,14.0,12.0,74.0,133.0,0.0,0.0,0.0,0.0,28.0,20,52.1
400.0,0.0,0.0,0.0,712.0,68.0,14.0,12.0,74.0,133.0,0.0,0.0,0.0,0.0,28.0,20,63.1
303.7,101.25,0.0,0.0,683.0,1269.0,8.0,46.28,115.72,20.25,0.0,0.0,0.0,0.0,28.0,7,13.7
303.7,101.25,0.0,0.0,683.0,1269.0,8.0,46.28,115.72,20.25,0.0,0.0,0.0,0.0,28.0,14,20.6
303.7,101.25,0.0,0.0,683.0,1269.0,8.0,46.28,115.72,20.25,0.0,0.0,0.0,0.0,28.0,28,25.0
303.7,101.25,0.0,0.0,683.0,1269.0,8.0,46.28,115.72,20.25,0.0,0.0,0.0,0.0,28.0,56,26.9
300.0,40.0,0.0,0.0,650.0,1210.0,12.0,45.7,114.3,49.23,0.0,0.0,0.0,0.0,28.0,20,34.3
467.82,0.0,0.0,0.0,723.28,849.06,2.0,4.41,178.94,55.23,0.0,0.0,0.0,0.0,28.0,20,26.59
468.8,0.0,0.0,0.0,724.79,850.84,4.0,8.37,179.32,51.4,0.0,0.0,0.0,0.0,28.0,20,34.86
469.69,0.0,0.0,0.0,726.17,852.46,6.0,11.98,179.66,47.91,0.0,0.0,0.0,0.0,28.0,20,39.65
470.51,0.0,0.0,0.0,727.44,853.95,8.0,15.3,179.97,44.69,0.0,0.0,0.0,0.0,28.0,20,51.23
429.51,0.0,0.0,0.0,610.03,1131.88,12.0,19.01,161.07,34.68,0.0,0.0,0.0,0.0,28.0,20,49.0
430.2,0.0,0.0,0.0,611.01,1133.7,16.0,23.82,161.33,29.95,0.0,0.0,0.0,0.0,28.0,20,61.73
0.0,779.0,66.0,0.0,1155.0,0.0,16.0,57.0,178.0,77.0,0.0,0.0,0.0,0.0,7.0,20,64.0
0.0,779.0,66.0,0.0,1155.0,0.0,16.0,57.0,178.0,77.0,3.0,1.4,13.0,205.0,7.0,20,79.0
0.0,692.0,132.0,0.0,1155.0,0.0,16.0,57.0,178.0,77.0,0.0,0.0,0.0,0.0,7.0,20,75.0
0.0,692.0,132.0,0.0,1155.0,0.0,16.0,57.0,178.0,77.0,3.0,1.4,13.0,205.0,7.0,20,84.0
0.0,649.0,165.0,0.0,1155.0,0.0,16.0,57.0,178.0,77.0,0.0,0.0,0.0,0.0,7.0,20,104.0
0.0,649.0,165.0,0.0,1155.0,0.0,16.0,57.0,178.0,77.0,3.0,1.4,13.0,205.0,7.0,20,108.0
0.0,606.0,198.0,0.0,1155.0,0.0,16.0,57.0,178.0,77.0,0.0,0.0,0.0,0.0,7.0,20,90.0
0.0,606.0,198.0,0.0,1155.0,0.0,16.0,57.0,178.0,77.0,3.0,1.4,13.0,205.0,7.0,20,95.0
0.0,779.0,66.0,0.0,1155.0,0.0,16.0,57.0,178.0,77.0,0.0,0.0,0.0,0.0,28.0,20,88.0
0.0,779.0,66.0,0.0,1155.0,0.0,16.0,57.0,178.0,77.0,3.0,1.4,13.0,205.0,28.0,20,116.0
0.0,692.0,132.0,0.0,1155.0,0.0,16.0,57.0,178.0,77.0,0.0,0.0,0.0,0.0,28.0,20,97.0
0.0,692.0,132.0,0.0,1155.0,0.0,16.0,57.0,178.0,77.0,3.0,1.4,13.0,205.0,28.0,20,127.0
0.0,649.0,165.0,0.0,1155.0,0.0,16.0,57.0,178.0,77.0,0.0,0.0,0.0,0.0,28.0,20,124.0
0.0,649.0,165.0,0.0,1155.0,0.0,16.0,57.0,178.0,77.0,3.0,1.4,13.0,205.0,28.0,20,136.0
0.0,606.0,198.0,0.0,1155.0,0.0,16.0,57.0,178.0,77.0,0.0,0.0,0.0,0.0,28.0,20,121.0
0.0,606.0,198.0,0.0,1155.0,0.0,16.0,57.0,178.0,77.0,3.0,1.4,13.0,205.0,28.0,20,127.0
0.0,779.0,66.0,0.0,1155.0,0.0,16.0,57.0,178.0,77.0,0.0,0.0,0.0,0.0,56.0,20,97.0
0.0,779.0,66.0,0.0,1155.0,0.0,16.0,57.0,178.0,77.0,3.0,1.4,13.0,205.0,56.0,20,130.0
0.0,692.0,132.0,0.0,1155.0,0.0,16.0,57.0,178.0,77.0,0.0,0.0,0.0,0.0,56.0,20,112.0
0.0,692.0,132.0,0.0,1155.0,0.0,16.0,57.0,178.0,77.0,3.0,1.4,13.0,205.0,56.0,20,144.0
0.0,649.0,165.0,0.0,1155.0,0.0,16.0,57.0,178.0,77.0,0.0,0.0,0.0,0.0,56.0,20,146.0
0.0,649.0,165.0,0.0,1155.0,0.0,16.0,57.0,178.0,77.0,3.0,1.4,13.0,205.0,56.0,20,157.0
0.0,606.0,198.0,0.0,1155.0,0.0,16.0,57.0,178.0,77.0,0.0,0.0,0.0,0.0,56.0,20,131.0
0.0,606.0,198.0,0.0,1155.0,0.0,16.0,57.0,178.0,77.0,3.0,1.4,13.0,205.0,56.0,20,156.0
0.0,750.0,0.0,100.0,850.0,200.0,12.0,140.0,350.0,0.0,0.0,0.0,0.0,0.0,0.25,60,100.0
0.0,750.0,0.0,100.0,850.0,200.0,12.0,140.0,350.0,0.0,0.0,0.0,0.0,0.0,0.33,60,105.3
0.0,750.0,0.0,100.0,850.0,200.0,12.0,140.0,350.0,0.0,0.0,0.0,0.0,0.0,0.42,60,111.9
0.0,750.0,0.0,100.0,850.0,200.0,12.0,140.0,350.0,0.0,0.0,0.0,0.0,0.0,0.33,80,143.3
0.0,750.0,0.0,100.0,850.0,200.0,12.0,140.0,350.0,0.0,0.0,0.0,0.0,0.0,0.33,40,67.4
0.0,796.0,0.0,140.0,936.0,0.0,12.0,41.0,246.0,73.0,0.0,0.0,0.0,0.0,28.0,20,96.8
295.3,0.0,0.0,295.3,708.8,1063.2,8.0,36.2,301.3,0.0,0.0,0.0,0.0,0.0,7.0,20,18.2
265.5,0.0,0.0,265.5,743.4,1115.0,8.0,39.8,270.8,0.0,0.0,0.0,0.0,0.0,7.0,20,24.1
241.1,0.0,0.0,241.1,771.4,1157.1,8.0,43.3,245.9,0.0,0.0,0.0,0.0,0.0,7.0,20,26.8
294.4,0.0,0.0,294.4,618.3,1148.3,8.0,44.2,300.3,0.0,0.0,0.0,0.0,0.0,7.0,20,20.3
264.7,0.0,0.0,264.7,648.5,1204.4,8.0,47.5,270.0,0.0,0.0,0.0,0.0,0.0,7.0,20,34.4
242.3,0.0,0.0,242.3,678.5,1260.1,8.0,29.6,247.1,0.0,0.0,0.0,0.0,0.0,7.0,20,20.9
293.5,0.0,0.0,293.5,528.3,1232.6,8.0,52.7,299.4,0.0,0.0,0.0,0.0,0.0,7.0,20,27.8
266.2,0.0,0.0,266.2,559.0,1304.4,8.0,32.6,271.5,0.0,0.0,0.0,0.0,0.0,7.0,20,16.4
241.7,0.0,0.0,241.7,580.1,1353.6,8.0,36.2,246.5,0.0,0.0,0.0,0.0,0.0,7.0,20,24.4
264.71,0.0,0.0,264.71,648.53,1204.41,8.0,47.5,270.0,0.0,0.0,0.0,0.0,0.0,7.0,20,34.4
264.71,0.0,0.0,264.71,648.53,1204.41,8.0,47.5,270.0,0.0,0.5,1.2,32.0,200.0,7.0,20,35.1
264.71,0.0,0.0,264.71,648.53,1204.41,8.0,47.5,270.0,0.0,1.0,1.2,32.0,200.0,7.0,20,37.3
264.71,0.0,0.0,264.71,648.53,1204.41,8.0,47.5,270.0,0.0,1.5,1.2,32.0,200.0,7.0,20,38.2
264.71,0.0,0.0,264.71,648.53,1204.41,8.0,47.5,270.0,0.0,2.0,1.2,32.0,200.0,7.0,20,38.6
264.71,0.0,0.0,264.71,648.53,1204.41,8.0,47.5,270.0,0.0,2.5,1.2,32.0,200.0,7.0,20,38.97
264.71,0.0,0.0,264.71,648.53,1204.41,8.0,47.5,270.0,0.0,0.0,0.0,0.0,0.0,28.0,20,40.7
264.71,0.0,0.0,264.71,648.53,1204.41,8.0,47.5,270.0,0.0,0.5,1.2,32.0,200.0,28.0,20,41.1
264.71,0.0,0.0,264.71,648.53,1204.41,8.0,47.5,270.0,0.0,1.0,1.2,32.0,200.0,28.0,20,42.3
264.71,0.0,0.0,264.71,648.53,1204.41,8.0,47.5,270.0,0.0,1.5,1.2,32.0,200.0,28.0,20,43.4
264.71,0.0,0.0,264.71,648.53,1204.41,8.0,47.5,270.0,0.0,2.0,1.2,32.0,200.0,28.0,20,42.5
264.71,0.0,0.0,264.71,648.53,1204.41,8.0,47.5,270.0,0.0,2.5,1.2,32.0,200.0,28.0,20,47.1
0.0,850.0,0.0,0.0,1180.0,0.0,12.0,93.5,187.0,0.0,0.0,0.0,0.0,0.0,7.0,20,65.5
0.0,765.0,85.0,0.0,1180.0,0.0,12.0,93.5,187.0,0.0,0.0,0.0,0.0,0.0,7.0,20,70.95
0.0,680.0,170.0,0.0,1180.0,0.0,12.0,93.5,187.0,0.0,0.0,0.0,0.0,0.0,7.0,20,67.86
0.0,595.0,255.0,0.0,1180.0,0.0,12.0,93.5,187.0,0.0,0.0,0.0,0.0,0.0,7.0,20,61.42
0.0,510.0,340.0,0.0,1180.0,0.0,12.0,93.5,187.0,0.0,0.0,0.0,0.0,0.0,7.0,20,54.83
0.0,850.0,0.0,0.0,1180.0,0.0,12.0,93.5,187.0,0.0,0.0,0.0,0.0,0.0,28.0,20,90.11
0.0,765.0,85.0,0.0,1180.0,0.0,12.0,93.5,187.0,0.0,0.0,0.0,0.0,0.0,28.0,20,100.81
0.0,680.0,170.0,0.0,1180.0,0.0,12.0,93.5,187.0,0.0,0.0,0.0,0.0,0.0,28.0,20,96.69
0.0,595.0,255.0,0.0,1180.0,0.0,12.0,93.5,187.0,0.0,0.0,0.0,0.0,0.0,28.0,20,90.03
0.0,510.0,340.0,0.0,1180.0,0.0,12.0,93.5,187.0,0.0,0.0,0.0,0.0,0.0,28.0,20,81.2
0.0,850.0,0.0,0.0,1180.0,0.0,12.0,93.5,187.0,0.0,1.5,0.55,30.0,200.0,7.0,20,90.62
0.0,765.0,85.0,0.0,1180.0,0.0,12.0,93.5,187.0,0.0,1.5,0.55,30.0,200.0,7.0,20,95.44
0.0,680.0,170.0,0.0,1180.0,0.0,12.0,93.5,187.0,0.0,1.5,0.55,30.0,200.0,7.0,20,92.61
0.0,595.0,255.0,0.0,1180.0,0.0,12.0,93.5,187.0,0.0,1.5,0.55,30.0,200.0,7.0,20,88.51
0.0,510.0,340.0,0.0,1180.0,0.0,12.0,93.5,187.0,0.0,1.5,0.55,30.0,200.0,7.0,20,82.87
0.0,850.0,0.0,0.0,1180.0,0.0,12.0,93.5,187.0,0.0,1.5,0.55,30.0,200.0,28.0,20,128.27
0.0,765.0,85.0,0.0,1180.0,0.0,12.0,93.5,187.0,0.0,1.5,0.55,30.0,200.0,28.0,20,135.68
0.0,680.0,170.0,0.0,1180.0,0.0,12.0,93.5,187.0,0.0,1.5,0.55,30.0,200.0,28.0,20,132.08
0.0,595.0,255.0,0.0,1180.0,0.0,12.0,93.5,187.0,0.0,1.5,0.55,30.0,200.0,28.0,20,128.1
0.0,510.0,340.0,0.0,1180.0,0.0,12.0,93.5,187.0,0.0,1.5,0.55,30.0,200.0,28.0,20,122.29
0.0,180.0,0.0,270.0,650.0,1210.0,12.0,129.0,206.0,0.0,0.0,0.0,0.0,0.0,3.0,20,73.35
0.0,180.0,0.0,270.0,650.0,1210.0,12.0,115.0,184.0,15.0,0.0,0.0,0.0,0.0,3.0,20,64.8
0.0,180.0,0.0,270.0,650.0,1210.0,12.0,101.0,162.0,30.0,0.0,0.0,0.0,0.0,3.0,20,44.46
0.0,180.0,0.0,270.0,650.0,1210.0,12.0,81.0,131.0,53.0,0.0,0.0,0.0,0.0,3.0,20,33.57
0.0,180.0,0.0,270.0,650.0,1210.0,12.0,129.0,206.0,0.0,0.0,0.0,0.0,0.0,7.0,20,88.56
0.0,180.0,0.0,270.0,650.0,1210.0,12.0,115.0,184.0,15.0,0.0,0.0,0.0,0.0,7.0,20,71.19
0.0,180.0,0.0,270.0,650.0,1210.0,12.0,101.0,162.0,30.0,0.0,0.0,0.0,0.0,7.0,20,54.0
0.0,180.0,0.0,270.0,650.0,1210.0,12.0,81.0,131.0,53.0,0.0,0.0,0.0,0.0,7.0,20,38.88
0.0,180.0,0.0,270.0,650.0,1210.0,12.0,129.0,206.0,0.0,0.0,0.0,0.0,0.0,14.0,20,92.07
0.0,180.0,0.0,270.0,650.0,1210.0,12.0,115.0,184.0,15.0,0.0,0.0,0.0,0.0,14.0,20,76.59
0.0,180.0,0.0,270.0,650.0,1210.0,12.0,101.0,162.0,30.0,0.0,0.0,0.0,0.0,14.0,20,57.15
0.0,180.0,0.0,270.0,650.0,1210.0,12.0,81.0,131.0,53.0,0.0,0.0,0.0,0.0,14.0,20,38.34
0.0,180.0,0.0,270.0,650.0,1210.0,12.0,129.0,206.0,0.0,0.0,0.0,0.0,0.0,28.0,20,94.59
0.0,180.0,0.0,270.0,650.0,1210.0,12.0,115.0,184.0,15.0,0.0,0.0,0.0,0.0,28.0,20,57.69
0.0,180.0,0.0,270.0,650.0,1210.0,12.0,101.0,162.0,30.0,0.0,0.0,0.0,0.0,28.0,20,58.5
0.0,180.0,0.0,270.0,650.0,1210.0,12.0,81.0,131.0,53.0,0.0,0.0,0.0,0.0,28.0,20,38.88
911.5,130.1,260.4,0.0,390.63,0.0,14.0,156.3,234.4,182.3,0.0,0.0,0.0,0.0,3.0,20,8.4
781.3,260.4,260.4,0.0,390.63,0.0,14.0,156.3,234.4,182.3,0.0,0.0,0.0,0.0,3.0,20,36.7
651.0,390.6,260.4,0.0,390.63,0.0,14.0,156.3,234.4,182.3,0.0,0.0,0.0,0.0,3.0,20,38.9
520.8,520.8,260.4,0.0,390.63,0.0,14.0,156.3,234.4,182.3,0.0,0.0,0.0,0.0,3.0,20,49.6
390.6,651.0,260.4,0.0,390.63,0.0,14.0,156.3,234.4,182.3,0.0,0.0,0.0,0.0,3.0,20,62.3
911.5,130.1,260.4,0.0,390.63,0.0,14.0,156.3,234.4,182.3,0.0,0.0,0.0,0.0,7.0,20,17.27
781.3,260.4,260.4,0.0,390.63,0.0,14.0,156.3,234.4,182.3,0.0,0.0,0.0,0.0,7.0,20,46.4
651.0,390.6,260.4,0.0,390.63,0.0,14.0,156.3,234.4,182.3,0.0,0.0,0.0,0.0,7.0,20,49.1
520.8,520.8,260.4,0.0,390.63,0.0,14.0,156.3,234.4,182.3,0.0,0.0,0.0,0.0,7.0,20,61.5
390.6,651.0,260.4,0.0,390.63,0.0,14.0,156.3,234.4,182.3,0.0,0.0,0.0,0.0,7.0,20,67.2
911.5,130.1,260.4,0.0,390.63,0.0,14.0,156.3,234.4,182.3,0.0,0.0,0.0,0.0,28.0,20,28.03
781.3,260.4,260.4,0.0,390.63,0.0,14.0,156.3,234.4,182.3,0.0,0.0,0.0,0.0,28.0,20,55.0
651.0,390.6,260.4,0.0,390.63,0.0,14.0,156.3,234.4,182.3,0.0,0.0,0.0,0.0,28.0,20,64.2
520.8,520.8,260.4,0.0,390.63,0.0,14.0,156.3,234.4,182.3,0.0,0.0,0.0,0.0,28.0,20,77.5
390.6,651.0,260.4,0.0,390.63,0.0,14.0,156.3,234.4,182.3,0.0,0.0,0.0,0.0,28.0,20,92.3
192.6,192.6,0.0,0.0,601.7,1203.5,16.0,71.3,178.2,0.0,0.0,0.0,0.0,0.0,28.0,20,85.7
0.0,400.0,100.0,0.0,583.0,1185.0,12.0,75.0,150.0,0.0,1.5,0.5,25.0,200.0,7.0,20,68.0
150.0,250.0,100.0,0.0,580.0,1160.0,12.0,75.0,150.0,0.0,1.5,0.5,25.0,200.0,7.0,20,65.0
250.0,150.0,100.0,0.0,578.0,1154.0,12.0,75.0,150.0,0.0,1.5,0.5,25.0,200.0,7.0,20,60.0
0.0,250.0,100.0,150.0,590.0,1181.0,12.0,75.0,150.0,0.0,1.5,0.5,25.0,200.0,7.0,20,52.0
0.0,150.0,100.0,250.0,587.0,1175.0,12.0,75.0,150.0,0.0,1.5,0.5,25.0,200.0,7.0,20,50.0
0.0,400.0,100.0,0.0,583.0,1185.0,12.0,75.0,150.0,0.0,1.5,0.5,25.0,200.0,28.0,20,82.5
150.0,250.0,100.0,0.0,580.0,1160.0,12.0,75.0,150.0,0.0,1.5,0.5,25.0,200.0,28.0,20,72.0
250.0,150.0,100.0,0.0,578.0,1154.0,12.0,75.0,150.0,0.0,1.5,0.5,25.0,200.0,28.0,20,67.0
0.0,250.0,100.0,150.0,590.0,1181.0,12.0,75.0,150.0,0.0,1.5,0.5,25.0,200.0,28.0,20,62.0
0.0,150.0,100.0,250.0,587.0,1175.0,12.0,75.0,150.0,0.0,1.5,0.5,25.0,200.0,28.0,20,60.0
